[2026-08-01 13:00:22,754] torch.distributed.run: [WARNING]
[2026-08-01 13:00:22,754] torch.distributed.run: [WARNING] *****************************************
[2026-08-01 13:00:22,754] torch.distributed.run: [WARNING] Setting OMP_NUM_THREADS environment variable for each process to be 1 in default, to avoid your system being overloaded, please further tune the variable for optimal performance in your application as needed.
[2026-08-01 13:00:22,754] torch.distributed.run: [WARNING] *****************************************
/workspace/envs/rtdetrv2-obb/lib/python3.8/site-packages/timm/models/layers/__init__.py:49: FutureWarning: Importing from timm.models.layers is deprecated, please import via timm.layers
  warnings.warn(f"Importing from {__name__} is deprecated, please import via timm.layers", FutureWarning)
/workspace/envs/rtdetrv2-obb/lib/python3.8/site-packages/timm/models/layers/__init__.py:49: FutureWarning: Importing from timm.models.layers is deprecated, please import via timm.layers
  warnings.warn(f"Importing from {__name__} is deprecated, please import via timm.layers", FutureWarning)
/workspace/envs/rtdetrv2-obb/lib/python3.8/site-packages/timm/models/layers/__init__.py:49: FutureWarning: Importing from timm.models.layers is deprecated, please import via timm.layers
  warnings.warn(f"Importing from {__name__} is deprecated, please import via timm.layers", FutureWarning)
/workspace/envs/rtdetrv2-obb/lib/python3.8/site-packages/timm/models/layers/__init__.py:49: FutureWarning: Importing from timm.models.layers is deprecated, please import via timm.layers
  warnings.warn(f"Importing from {__name__} is deprecated, please import via timm.layers", FutureWarning)
Initialized distributed mode...
cfg:  {'task': 'detection', '_model': None, '_postprocessor': None, '_criterion': None, '_optimizer': None, '_lr_scheduler': None, '_lr_warmup_scheduler': None, '_train_dataloader': None, '_val_dataloader': None, '_ema': None, '_scaler': None, '_train_dataset': None, '_val_dataset': None, '_collate_fn': None, '_evaluator': None, '_writer': None, 'num_workers': 0, 'batch_size': None, '_train_batch_size': None, '_val_batch_size': None, '_train_shuffle': None, '_val_shuffle': None, 'resume': None, 'tuning': None, 'epoches': 160, 'last_epoch': -1, 'lrsheduler': 'flatcosine', 'lr_gamma': 1.0, 'no_aug_epoch': 12, 'warmup_iter': 2000, 'flat_epoch': 80, 'use_amp': False, 'use_ema': True, 'ema_decay': 0.9999, 'ema_warmups': 2000, 'sync_bn': True, 'clip_max_norm': 0.1, 'find_unused_parameters': False, 'seed': 0, 'print_freq': 100, 'checkpoint_freq': 2, 'output_dir': '/workspace/RT-DETR-OBB/outputs/rtdetrv2_obb_hgnetv2_n_dota_1_ss', 'summary_dir': None, 'device': '', 'use_swanlab': False, 'swanlab_project': 'RT-DETRv2-OBB', 'swanlab_workspace': None, 'swanlab_experiment': None, 'swanlab_run_id': None, 'swanlab_resume': None, '_teacher_model': None, 'yaml_cfg': {'task': 'detection', 'evaluator': {'type': 'DotaAutoEvaluatorOffline', 'merge_patches': True, 'iou_types': ['mAP']}, 'num_classes': 15, 'remap_mscoco_category': False, 'train_dataloader': {'type': 'DataLoader', 'dataset': {'type': 'DOTADataset', 'img_folder': '/path/to/DOTA-v1.0/trainval/images', 'ann_folder': '/path/to/DOTA-v1.0/trainval/annfiles', 'return_masks': False, 'transforms': {'type': 'Compose', 'ops': [{'type': 'MosaicOBB', 'output_size': 1024, 'rotation_range': 0, 'translation_range': [0.1, 0.1], 'scaling_range': [0.5, 1.5], 'probability': 1.0, 'fill_value': 0, 'use_cache': False, 'max_cached_images': 50, 'random_pop': True}, {'type': 'RandomPhotometricDistort', 'p': 0.5}, {'type': 'RandomZoomOutOBB', 'fill': 0}, {'type': 'RandomIoUCropOBB', 'p': 0.8}, {'type': 'RandomHorizontalFlipOBB'}, {'type': 'ResizeOBB', 'size': [1024, 1024]}, {'type': 'SanitizeBoundingBoxesOBB', 'min_size': 1}, {'type': 'ConvertPILImage', 'dtype': 'float32', 'scale': True}, {'type': 'ConvertOBB', 'normalize': True}], 'policy': {'name': 'stop_epoch', 'epoch': [4, 92, 132], 'ops': ['MosaicOBB', 'RandomPhotometricDistort', 'RandomZoomOutOBB', 'RandomIoUCropOBB']}, 'mosaic_prob': 0.5}}, 'shuffle': True, 'num_workers': 4, 'drop_last': True, 'collate_fn': {'type': 'BatchImageCollateFunction', 'base_size': 1024, 'base_size_repeat': None, 'stop_epoch': 111, 'mixup_prob': 0.5, 'mixup_epochs': [4, 92], 'ema_restart_decay': 0.9999}, 'total_batch_size': 128}, 'val_dataloader': {'type': 'DataLoader', 'dataset': {'type': 'DOTADataset', 'img_folder': '/path/to/DOTA-v1.0/test/images', 'ann_folder': '/path/to/DOTA-v1.0/test/annfiles', 'return_masks': False, 'transforms': {'type': 'Compose', 'ops': [{'type': 'ResizeOBB', 'size': [1024, 1024], 'keep_ratio': True, 'pad_to_size': True, 'fill': 0}, {'type': 'SanitizeBoundingBoxesOBB', 'min_size': 1.0}, {'type': 'ConvertPILImage', 'dtype': 'float32', 'scale': True}, {'type': 'ConvertOBB', 'normalize': True}]}}, 'shuffle': False, 'num_workers': 4, 'drop_last': False, 'collate_fn': {'type': 'BatchImageCollateFunction'}, 'total_batch_size': 256}, 'print_freq': 100, 'output_dir': '/workspace/RT-DETR-OBB/outputs/rtdetrv2_obb_hgnetv2_n_dota_1_ss', 'checkpoint_freq': 2, 'sync_bn': True, 'find_unused_parameters': False, 'use_amp': False, 'scaler': {'type': 'GradScaler', 'enabled': True}, 'use_ema': True, 'ema': {'type': 'ModelEMA', 'decay': 0.9999, 'warmups': 2000, 'start': 0}, 'epoches': 160, 'clip_max_norm': 0.1, 'optimizer': {'type': 'AdamW', 'params': [{'params': '^(?=.*backbone)(?=.*norm|bn).*$', 'lr': 2e-05, 'weight_decay': 0.0}, {'params': '^(?=.*(?:encoder|decoder))(?=.*(?:norm|bn)).*$', 'weight_decay': 0.0}], 'lr': 0.0002, 'betas': [0.9, 0.999], 'weight_decay': 0.0001}, 'lr_scheduler': {'type': 'MultiStepLR', 'milestones': [1000], 'gamma': 0.1}, 'lr_warmup_scheduler': {'type': 'LinearWarmup', 'warmup_duration': 0}, 'model': 'RTv4', 'criterion': 'RTv4OBBCriterion', 'postprocessor': 'PostProcessorOBB', 'use_focal_loss': True, 'eval_spatial_size': [1024, 1024], 'RTv4': {'backbone': 'HGNetv2', 'encoder': 'HybridEncoder', 'decoder': 'RTDETRTransformerv2OBB'}, 'lrsheduler': 'flatcosine', 'lr_gamma': 1.0, 'warmup_iter': 2000, 'flat_epoch': 80, 'no_aug_epoch': 12, 'PResNet': {'depth': 50, 'variant': 'd', 'freeze_at': 0, 'return_idx': [1, 2, 3], 'num_stages': 4, 'freeze_norm': True, 'pretrained': True, 'local_model_dir': 'pretrain/INK1k/'}, 'HybridEncoder': {'in_channels': [512, 1024], 'feat_strides': [16, 32], 'hidden_dim': 128, 'use_encoder_idx': [1], 'num_encoder_layers': 1, 'nhead': 8, 'dim_feedforward': 512, 'dropout': 0.0, 'enc_act': 'gelu', 'expansion': 0.34, 'depth_mult': 0.5, 'act': 'silu', 'version': 'rt_detrv2'}, 'RTDETRTransformerv2': {'feat_channels': [256, 256, 256], 'feat_strides': [8, 16, 32], 'hidden_dim': 256, 'num_levels': 3, 'num_layers': 6, 'num_queries': 300, 'num_denoising': 0, 'label_noise_ratio': 0.5, 'box_noise_scale': 1.0, 'eval_idx': -1, 'num_points': [4, 4, 4], 'cross_attn_method': 'default', 'query_select_method': 'default'}, 'PostProcessor': {'num_top_queries': 300}, 'RTv4Criterion': {'weight_dict': {'loss_vfl': 1, 'loss_bbox': 5, 'loss_giou': 2}, 'losses': ['vfl', 'boxes'], 'alpha': 0.75, 'gamma': 2.0, 'use_uni_set': False, 'matcher': {'type': 'HungarianMatcher', 'weight_dict': {'cost_class': 2, 'cost_bbox': 5, 'cost_giou': 2}, 'alpha': 0.25, 'gamma': 2.0}}, '__include__': ['../dataset/dota_1_ss_detection_offline.yml', '../runtime.yml', '../base/dataloader.yml', '../base/rtv2_optimizer.yml', '../base/rtv2_r50vd.yml'], 'HGNetv2': {'name': 'B0', 'return_idx': [2, 3], 'freeze_at': -1, 'freeze_norm': False, 'use_lab': True, 'pretrained': True, 'local_model_dir': './pretrain/hgnetv2/'}, 'PostProcessorOBB': {'num_top_queries': 300, 'input_shape': [1024, 1024]}, 'RTDETRTransformerv2OBB': {'feat_channels': [128, 128], 'feat_strides': [16, 32], 'hidden_dim': 128, 'num_levels': 2, 'num_layers': 3, 'num_queries': 300, 'num_denoising': 100, 'label_noise_ratio': 0.5, 'box_noise_scale': 1.0, 'learn_query_content': False, 'eval_idx': -1, 'num_points': [6, 6], 'cross_attn_method': 'default', 'query_select_method': 'default', 'query_pos_method': 'default', 'anchor_aspect_ratio': 1.0}, 'RTv4OBBCriterion': {'weight_dict': {'loss_focal': 1, 'loss_l1': 5, 'loss_kld': 5}, 'losses': ['focal', 'l1', 'kld'], 'alpha': 0.75, 'gamma': 2.0, 'use_uni_set': True, 'matcher': {'type': 'HungarianMatcherOBB', 'weight_dict': {'cost_class': 2, 'cost_bbox': 0, 'cost_hausdorff': 5, 'cost_giou': 5}, 'alpha': 0.25, 'gamma': 2.0}}, 'config': 'configs/rtdetrv2_obb/rtdetrv2_obb_hgnetv2_n_dota_1_ss.yml', 'seed': 0, 'test_only': False, 'print_method': 'builtin', 'print_rank': 0}, 'cfg_path': 'configs/rtdetrv2_obb/rtdetrv2_obb_hgnetv2_n_dota_1_ss.yml'}
Loaded stage1 B0 HGNetV2 from local file.
Initial lr: [2e-05, 0.0002, 0.0002]
building train_dataloader with batch_size=32...
     ### Transform @MosaicOBB ###
     ### Transform @RandomPhotometricDistort ###
     ### Transform @RandomZoomOutOBB ###
     ### Transform @RandomIoUCropOBB ###
     ### Transform @RandomHorizontalFlipOBB ###
     ### Transform @ResizeOBB ###
     ### Transform @SanitizeBoundingBoxesOBB ###
     ### Transform @ConvertPILImage ###
     ### Transform @ConvertOBB ###
     ### Mosaic with Prob.@0.5 and ZoomOut/IoUCrop existed ###
     ### ImgTransforms Epochs: [4, 92, 132] ###
     ### Policy_ops@['MosaicOBB', 'RandomPhotometricDistort', 'RandomZoomOutOBB', 'RandomIoUCropOBB'] ###
     ### Using MixUp with Prob@0.5 in [4, 92] epochs ###
     ### Multi-scale Training until 111 epochs ###
     ### Multi-scales@ None ###
building val_dataloader with batch_size=64...
     ### Transform @ResizeOBB ###
     ### Transform @SanitizeBoundingBoxesOBB ###
     ### Transform @ConvertPILImage ###
     ### Transform @ConvertOBB ###

------------------------------------- Calculate Flops Results -------------------------------------
Notations:
number of parameters (Params), number of multiply-accumulate operations(MACs),
number of floating-point operations (FLOPs), floating-point operations per second (FLOPS),
fwd FLOPs (model forward propagation FLOPs), bwd FLOPs (model backward propagation FLOPs),
default model backpropagation takes 2.00 times as much computation as forward propagation.

Total Training Params:                                                  3.96 M
fwd MACs:                                                               8.7159 GMACs
fwd FLOPs:                                                              17.5916 GFLOPS
fwd+bwd MACs:                                                           26.1478 GMACs
fwd+bwd FLOPs:                                                          52.7748 GFLOPS
---------------------------------------------------------------------------------------------------
{'Model FLOPs:17.5916 GFLOPS   MACs:8.7159 GMACs   Params:3961896'}
------------------------------------------Start training-------------------------------------------
     ## Using Self-defined Scheduler-flatcosine ##
[2e-05, 0.0002, 0.0002] [2e-05, 0.0002, 0.0002] 26240 2000 13120 1968
number of trainable parameters: 3970836
Epoch: [0]  [  0/164]  eta: 0:10:54  lr: 0.000000  loss: 46.5109 (46.5109)  loss_focal: 3.0784 (3.0784)  loss_focal_aux_0: 3.1305 (3.1305)  loss_focal_aux_1: 3.1015 (3.1015)  loss_focal_dn_0: 3.1760 (3.1760)  loss_focal_dn_1: 3.0050 (3.0050)  loss_focal_dn_2: 3.0867 (3.0867)  loss_focal_enc_0: 2.8935 (2.8935)  loss_kld: 2.6902 (2.6902)  loss_kld_aux_0: 2.6902 (2.6902)  loss_kld_aux_1: 2.6902 (2.6902)  loss_kld_dn_0: 1.7705 (1.7705)  loss_kld_dn_1: 1.7705 (1.7705)  loss_kld_dn_2: 1.7705 (1.7705)  loss_kld_enc_0: 2.6902 (2.6902)  loss_l1: 2.1071 (2.1071)  loss_l1_aux_0: 2.1071 (2.1071)  loss_l1_aux_1: 2.1071 (2.1071)  loss_l1_dn_0: 0.1796 (0.1796)  loss_l1_dn_1: 0.1796 (0.1796)  loss_l1_dn_2: 0.1796 (0.1796)  loss_l1_enc_0: 2.1071 (2.1071)  time: 3.9935  data: 2.0259  max mem: 24451
Epoch: [0]  [100/164]  eta: 0:01:23  lr: 0.000000  loss: 44.7911 (44.7495)  loss_focal: 2.7717 (2.7966)  loss_focal_aux_0: 2.9502 (2.9481)  loss_focal_aux_1: 2.9396 (2.9640)  loss_focal_dn_0: 2.9423 (2.9629)  loss_focal_dn_1: 2.8191 (2.8756)  loss_focal_dn_2: 2.7684 (2.8287)  loss_focal_enc_0: 2.7859 (2.8077)  loss_kld: 2.6191 (2.5940)  loss_kld_aux_0: 2.6217 (2.5961)  loss_kld_aux_1: 2.6204 (2.5951)  loss_kld_dn_0: 1.8168 (1.7971)  loss_kld_dn_1: 1.8120 (1.7931)  loss_kld_dn_2: 1.8077 (1.7897)  loss_kld_enc_0: 2.6228 (2.5971)  loss_l1: 1.9939 (2.0238)  loss_l1_aux_0: 1.9931 (2.0217)  loss_l1_aux_1: 1.9935 (2.0227)  loss_l1_dn_0: 0.2210 (0.2356)  loss_l1_dn_1: 0.2237 (0.2382)  loss_l1_dn_2: 0.2264 (0.2407)  loss_l1_enc_0: 1.9928 (2.0207)  time: 1.3887  data: 0.0359  max mem: 33612
Epoch: [0]  [163/164]  eta: 0:00:01  lr: 0.000000  loss: 44.2859 (44.6783)  loss_focal: 2.7402 (2.7841)  loss_focal_aux_0: 2.9146 (2.9404)  loss_focal_aux_1: 2.9153 (2.9593)  loss_focal_dn_0: 2.9065 (2.9473)  loss_focal_dn_1: 2.8023 (2.8641)  loss_focal_dn_2: 2.7424 (2.8088)  loss_focal_enc_0: 2.8047 (2.8079)  loss_kld: 2.5713 (2.5954)  loss_kld_aux_0: 2.5736 (2.5976)  loss_kld_aux_1: 2.5724 (2.5965)  loss_kld_dn_0: 1.7999 (1.8010)  loss_kld_dn_1: 1.7948 (1.7967)  loss_kld_dn_2: 1.7900 (1.7929)  loss_kld_enc_0: 2.5747 (2.5987)  loss_l1: 2.0021 (2.0213)  loss_l1_aux_0: 1.9997 (2.0189)  loss_l1_aux_1: 2.0009 (2.0201)  loss_l1_dn_0: 0.2265 (0.2341)  loss_l1_dn_1: 0.2288 (0.2366)  loss_l1_dn_2: 0.2310 (0.2390)  loss_l1_enc_0: 1.9986 (2.0179)  time: 1.9602  data: 0.0314  max mem: 33612
Epoch: [0] Total time: 0:03:49 (1.3980 s / it)
Test:  [ 0/43]  eta: 0:03:24    time: 4.7658  data: 4.2044  max mem: 33612
Test:  [10/43]  eta: 0:00:30    time: 0.9149  data: 0.5850  max mem: 33612
Test:  [20/43]  eta: 0:00:17    time: 0.5673  data: 0.2543  max mem: 33612
Test:  [30/43]  eta: 0:00:09    time: 0.5917  data: 0.2764  max mem: 33612
Test:  [40/43]  eta: 0:00:02    time: 0.6155  data: 0.3065  max mem: 33612
Test:  [42/43]  eta: 0:00:00    time: 0.6026  data: 0.3029  max mem: 33612
Test: Total time: 0:00:29 (0.6809 s / it)
Averaged stats:
Offline DOTA results saved at /workspace/RT-DETR-OBB/outputs/rtdetrv2_obb_hgnetv2_n_dota_1_ss/dota_results/epoch_0.zip
best_stat: {'epoch': -1, 'mAP': 0.0}
Epoch: [1]  [  0/164]  eta: 0:07:51  lr: 0.000000  loss: 44.5741 (44.5741)  loss_focal: 2.7830 (2.7830)  loss_focal_aux_0: 2.8869 (2.8869)  loss_focal_aux_1: 2.8847 (2.8847)  loss_focal_dn_0: 2.7727 (2.7727)  loss_focal_dn_1: 2.6934 (2.6934)  loss_focal_dn_2: 2.7234 (2.7234)  loss_focal_enc_0: 2.9054 (2.9054)  loss_kld: 2.6225 (2.6225)  loss_kld_aux_0: 2.6246 (2.6246)  loss_kld_aux_1: 2.6235 (2.6235)  loss_kld_dn_0: 1.7893 (1.7893)  loss_kld_dn_1: 1.7845 (1.7845)  loss_kld_dn_2: 1.7798 (1.7798)  loss_kld_enc_0: 2.6256 (2.6256)  loss_l1: 2.1198 (2.1198)  loss_l1_aux_0: 2.1161 (2.1161)  loss_l1_aux_1: 2.1179 (2.1179)  loss_l1_dn_0: 0.2003 (0.2003)  loss_l1_dn_1: 0.2022 (0.2022)  loss_l1_dn_2: 0.2040 (0.2040)  loss_l1_enc_0: 2.1145 (2.1145)  time: 2.8750  data: 1.8918  max mem: 33612
Epoch: [1]  [100/164]  eta: 0:01:27  lr: 0.000000  loss: 42.6382 (43.3318)  loss_focal: 2.4710 (2.6064)  loss_focal_aux_0: 2.7623 (2.8270)  loss_focal_aux_1: 2.6502 (2.7809)  loss_focal_dn_0: 2.7105 (2.7995)  loss_focal_dn_1: 2.4918 (2.6646)  loss_focal_dn_2: 2.4677 (2.6111)  loss_focal_enc_0: 2.7003 (2.7461)  loss_kld: 2.5079 (2.5595)  loss_kld_aux_0: 2.5119 (2.5630)  loss_kld_aux_1: 2.5098 (2.5612)  loss_kld_dn_0: 1.8026 (1.7946)  loss_kld_dn_1: 1.7928 (1.7870)  loss_kld_dn_2: 1.7833 (1.7797)  loss_kld_enc_0: 2.5138 (2.5647)  loss_l1: 2.0141 (1.9990)  loss_l1_aux_0: 2.0086 (1.9951)  loss_l1_aux_1: 2.0114 (1.9971)  loss_l1_dn_0: 0.2405 (0.2329)  loss_l1_dn_1: 0.2413 (0.2340)  loss_l1_dn_2: 0.2419 (0.2350)  loss_l1_enc_0: 2.0061 (1.9934)  time: 1.1527  data: 0.0351  max mem: 39360
Epoch: [1]  [163/164]  eta: 0:00:01  lr: 0.000001  loss: 39.5627 (42.2455)  loss_focal: 2.0781 (2.4598)  loss_focal_aux_0: 2.4317 (2.7081)  loss_focal_aux_1: 2.2525 (2.6210)  loss_focal_dn_0: 2.3584 (2.6778)  loss_focal_dn_1: 2.1032 (2.5125)  loss_focal_dn_2: 2.0740 (2.4677)  loss_focal_enc_0: 2.5240 (2.6774)  loss_kld: 2.4337 (2.5286)  loss_kld_aux_0: 2.4382 (2.5327)  loss_kld_aux_1: 2.4358 (2.5306)  loss_kld_dn_0: 1.8005 (1.7938)  loss_kld_dn_1: 1.7866 (1.7837)  loss_kld_dn_2: 1.7700 (1.7741)  loss_kld_enc_0: 2.4414 (2.5347)  loss_l1: 1.9521 (1.9891)  loss_l1_aux_0: 1.9438 (1.9838)  loss_l1_aux_1: 1.9479 (1.9865)  loss_l1_dn_0: 0.2286 (0.2330)  loss_l1_dn_1: 0.2296 (0.2340)  loss_l1_dn_2: 0.2306 (0.2350)  loss_l1_enc_0: 1.9406 (1.9816)  time: 1.1652  data: 0.0431  max mem: 39360
Epoch: [1] Total time: 0:03:32 (1.2932 s / it)
Test:  [ 0/43]  eta: 0:03:22    time: 4.7078  data: 4.1883  max mem: 39360
Test:  [10/43]  eta: 0:00:29    time: 0.9054  data: 0.5687  max mem: 39360
Test:  [20/43]  eta: 0:00:17    time: 0.5581  data: 0.2396  max mem: 39360
Test:  [30/43]  eta: 0:00:09    time: 0.5757  data: 0.2587  max mem: 39360
Test:  [40/43]  eta: 0:00:02    time: 0.5926  data: 0.2785  max mem: 39360
Test:  [42/43]  eta: 0:00:00    time: 0.5694  data: 0.2658  max mem: 39360
Test: Total time: 0:00:28 (0.6644 s / it)
Averaged stats:
Offline DOTA results saved at /workspace/RT-DETR-OBB/outputs/rtdetrv2_obb_hgnetv2_n_dota_1_ss/dota_results/epoch_1.zip
best_stat: {'epoch': 1, 'mAP': 1.0}
Epoch: [2]  [  0/164]  eta: 0:09:38  lr: 0.000001  loss: 40.1081 (40.1081)  loss_focal: 1.9766 (1.9766)  loss_focal_aux_0: 2.4808 (2.4808)  loss_focal_aux_1: 2.3969 (2.3969)  loss_focal_dn_0: 2.4860 (2.4860)  loss_focal_dn_1: 2.2794 (2.2794)  loss_focal_dn_2: 2.0029 (2.0029)  loss_focal_enc_0: 2.4192 (2.4192)  loss_kld: 2.4780 (2.4780)  loss_kld_aux_0: 2.4834 (2.4834)  loss_kld_aux_1: 2.4805 (2.4805)  loss_kld_dn_0: 1.9049 (1.9049)  loss_kld_dn_1: 1.8870 (1.8870)  loss_kld_dn_2: 1.8701 (1.8701)  loss_kld_enc_0: 2.4863 (2.4863)  loss_l1: 1.9429 (1.9429)  loss_l1_aux_0: 1.9335 (1.9335)  loss_l1_aux_1: 1.9382 (1.9382)  loss_l1_dn_0: 0.2425 (0.2425)  loss_l1_dn_1: 0.2438 (0.2438)  loss_l1_dn_2: 0.2452 (0.2452)  loss_l1_enc_0: 1.9298 (1.9298)  time: 3.5278  data: 2.3538  max mem: 39360
Epoch: [2]  [100/164]  eta: 0:01:13  lr: 0.000001  loss: 34.3507 (36.4261)  loss_focal: 1.4322 (1.7053)  loss_focal_aux_0: 1.7208 (2.0102)  loss_focal_aux_1: 1.5211 (1.8237)  loss_focal_dn_0: 1.6780 (1.9742)  loss_focal_dn_1: 1.4299 (1.7600)  loss_focal_dn_2: 1.4053 (1.7044)  loss_focal_enc_0: 2.0607 (2.2600)  loss_kld: 2.3311 (2.3857)  loss_kld_aux_0: 2.3327 (2.3882)  loss_kld_aux_1: 2.3318 (2.3869)  loss_kld_dn_0: 1.7560 (1.7792)  loss_kld_dn_1: 1.7215 (1.7531)  loss_kld_dn_2: 1.6915 (1.7299)  loss_kld_enc_0: 2.3365 (2.3909)  loss_l1: 1.9496 (1.9301)  loss_l1_aux_0: 1.9315 (1.9139)  loss_l1_aux_1: 1.9404 (1.9221)  loss_l1_dn_0: 0.2238 (0.2317)  loss_l1_dn_1: 0.2258 (0.2334)  loss_l1_dn_2: 0.2282 (0.2353)  loss_l1_enc_0: 1.9249 (1.9077)  time: 1.1223  data: 0.0426  max mem: 39360
Epoch: [2]  [163/164]  eta: 0:00:01  lr: 0.000001  loss: 30.8960 (34.8770)  loss_focal: 0.9815 (1.5060)  loss_focal_aux_0: 1.2503 (1.8034)  loss_focal_aux_1: 1.1089 (1.6321)  loss_focal_dn_0: 1.1878 (1.7654)  loss_focal_dn_1: 1.0488 (1.5747)  loss_focal_dn_2: 0.9504 (1.5082)  loss_focal_enc_0: 1.5684 (2.0815)  loss_kld: 2.3561 (2.3677)  loss_kld_aux_0: 2.3486 (2.3685)  loss_kld_aux_1: 2.3522 (2.3680)  loss_kld_dn_0: 1.7489 (1.7724)  loss_kld_dn_1: 1.7058 (1.7411)  loss_kld_dn_2: 1.6773 (1.7148)  loss_kld_enc_0: 2.3465 (2.3709)  loss_l1: 1.8704 (1.9134)  loss_l1_aux_0: 1.8439 (1.8932)  loss_l1_aux_1: 1.8576 (1.9035)  loss_l1_dn_0: 0.2185 (0.2335)  loss_l1_dn_1: 0.2212 (0.2358)  loss_l1_dn_2: 0.2245 (0.2382)  loss_l1_enc_0: 1.8304 (1.8847)  time: 1.2262  data: 0.0416  max mem: 39360
Epoch: [2] Total time: 0:03:07 (1.1435 s / it)
Test:  [ 0/43]  eta: 0:03:16    time: 4.5757  data: 4.0363  max mem: 39360
Test:  [10/43]  eta: 0:00:30    time: 0.9207  data: 0.5775  max mem: 39360
Test:  [20/43]  eta: 0:00:18    time: 0.6071  data: 0.2815  max mem: 39360
Test:  [30/43]  eta: 0:00:09    time: 0.6484  data: 0.3214  max mem: 39360
Test:  [40/43]  eta: 0:00:02    time: 0.6170  data: 0.2928  max mem: 39360
Test:  [42/43]  eta: 0:00:00    time: 0.5797  data: 0.2664  max mem: 39360
Test: Total time: 0:00:30 (0.7054 s / it)
Averaged stats:
Offline DOTA results saved at /workspace/RT-DETR-OBB/outputs/rtdetrv2_obb_hgnetv2_n_dota_1_ss/dota_results/epoch_2.zip
best_stat: {'epoch': 2, 'mAP': 2.0}
Epoch: [3]  [  0/164]  eta: 0:10:23  lr: 0.000001  loss: 31.9408 (31.9408)  loss_focal: 1.0236 (1.0236)  loss_focal_aux_0: 1.2701 (1.2701)  loss_focal_aux_1: 1.0790 (1.0790)  loss_focal_dn_0: 1.2233 (1.2233)  loss_focal_dn_1: 1.0530 (1.0530)  loss_focal_dn_2: 1.0520 (1.0520)  loss_focal_enc_0: 1.7161 (1.7161)  loss_kld: 2.3372 (2.3372)  loss_kld_aux_0: 2.3316 (2.3316)  loss_kld_aux_1: 2.3344 (2.3344)  loss_kld_dn_0: 1.6772 (1.6772)  loss_kld_dn_1: 1.6360 (1.6360)  loss_kld_dn_2: 1.6066 (1.6066)  loss_kld_enc_0: 2.3302 (2.3302)  loss_l1: 2.1582 (2.1582)  loss_l1_aux_0: 2.1295 (2.1295)  loss_l1_aux_1: 2.1449 (2.1449)  loss_l1_dn_0: 0.2378 (0.2378)  loss_l1_dn_1: 0.2414 (0.2414)  loss_l1_dn_2: 0.2453 (0.2453)  loss_l1_enc_0: 2.1135 (2.1135)  time: 3.8042  data: 2.5774  max mem: 39360
Epoch: [3]  [100/164]  eta: 0:01:14  lr: 0.000002  loss: 26.3924 (28.4582)  loss_focal: 0.6714 (0.7769)  loss_focal_aux_0: 0.7871 (0.9702)  loss_focal_aux_1: 0.7050 (0.8663)  loss_focal_dn_0: 0.6824 (0.8994)  loss_focal_dn_1: 0.6240 (0.7933)  loss_focal_dn_2: 0.5966 (0.7408)  loss_focal_enc_0: 1.0083 (1.2298)  loss_kld: 2.1841 (2.2824)  loss_kld_aux_0: 2.1865 (2.2805)  loss_kld_aux_1: 2.1843 (2.2809)  loss_kld_dn_0: 1.6634 (1.7164)  loss_kld_dn_1: 1.6195 (1.6708)  loss_kld_dn_2: 1.5949 (1.6399)  loss_kld_enc_0: 2.1822 (2.2804)  loss_l1: 1.7670 (1.8462)  loss_l1_aux_0: 1.7470 (1.8220)  loss_l1_aux_1: 1.7589 (1.8353)  loss_l1_dn_0: 0.2362 (0.2379)  loss_l1_dn_1: 0.2402 (0.2416)  loss_l1_dn_2: 0.2437 (0.2450)  loss_l1_enc_0: 1.7236 (1.8021)  time: 1.1304  data: 0.0407  max mem: 39360
Epoch: [3]  [163/164]  eta: 0:00:01  lr: 0.000002  loss: 24.4445 (27.3073)  loss_focal: 0.5353 (0.7149)  loss_focal_aux_0: 0.6151 (0.8675)  loss_focal_aux_1: 0.5577 (0.7765)  loss_focal_dn_0: 0.5275 (0.7889)  loss_focal_dn_1: 0.4666 (0.6893)  loss_focal_dn_2: 0.4546 (0.6542)  loss_focal_enc_0: 0.7062 (1.0766)  loss_kld: 2.0868 (2.2284)  loss_kld_aux_0: 2.1069 (2.2321)  loss_kld_aux_1: 2.0917 (2.2287)  loss_kld_dn_0: 1.6013 (1.6827)  loss_kld_dn_1: 1.5475 (1.6355)  loss_kld_dn_2: 1.5326 (1.6088)  loss_kld_enc_0: 2.1349 (2.2404)  loss_l1: 1.7180 (1.8048)  loss_l1_aux_0: 1.7122 (1.7857)  loss_l1_aux_1: 1.7164 (1.7965)  loss_l1_dn_0: 0.2400 (0.2401)  loss_l1_dn_1: 0.2431 (0.2437)  loss_l1_dn_2: 0.2449 (0.2465)  loss_l1_enc_0: 1.6909 (1.7653)  time: 1.1739  data: 0.0395  max mem: 39360
Epoch: [3] Total time: 0:03:09 (1.1573 s / it)
Test:  [ 0/43]  eta: 0:03:28    time: 4.8566  data: 4.2245  max mem: 39360
Test:  [10/43]  eta: 0:00:29    time: 0.9015  data: 0.5646  max mem: 39360
Test:  [20/43]  eta: 0:00:17    time: 0.5739  data: 0.2647  max mem: 39360
Test:  [30/43]  eta: 0:00:09    time: 0.6015  data: 0.2844  max mem: 39360
Test:  [40/43]  eta: 0:00:02    time: 0.5721  data: 0.2584  max mem: 39360
Test:  [42/43]  eta: 0:00:00    time: 0.5563  data: 0.2550  max mem: 39360
Test: Total time: 0:00:28 (0.6674 s / it)
Averaged stats:
Offline DOTA results saved at /workspace/RT-DETR-OBB/outputs/rtdetrv2_obb_hgnetv2_n_dota_1_ss/dota_results/epoch_3.zip
best_stat: {'epoch': 3, 'mAP': 3.0}
Epoch: [4]  [  0/164]  eta: 0:30:54  lr: 0.000002  loss: 30.2258 (30.2258)  loss_focal: 0.9464 (0.9464)  loss_focal_aux_0: 1.0507 (1.0507)  loss_focal_aux_1: 0.9937 (0.9937)  loss_focal_dn_0: 0.9362 (0.9362)  loss_focal_dn_1: 0.8938 (0.8938)  loss_focal_dn_2: 0.9210 (0.9210)  loss_focal_enc_0: 1.2561 (1.2561)  loss_kld: 2.5919 (2.5919)  loss_kld_aux_0: 2.5955 (2.5955)  loss_kld_aux_1: 2.5917 (2.5917)  loss_kld_dn_0: 1.6813 (1.6813)  loss_kld_dn_1: 1.7248 (1.7248)  loss_kld_dn_2: 1.7732 (1.7732)  loss_kld_enc_0: 2.6083 (2.6083)  loss_l1: 1.8107 (1.8107)  loss_l1_aux_0: 1.7982 (1.7982)  loss_l1_aux_1: 1.8062 (1.8062)  loss_l1_dn_0: 0.1556 (0.1556)  loss_l1_dn_1: 0.1603 (0.1603)  loss_l1_dn_2: 0.1639 (0.1639)  loss_l1_enc_0: 1.7662 (1.7662)  time: 11.3098  data: 9.1257  max mem: 39360
Epoch: [4]  [100/164]  eta: 0:02:28  lr: 0.000003  loss: 27.2278 (28.0838)  loss_focal: 0.6173 (0.6823)  loss_focal_aux_0: 0.7041 (0.7605)  loss_focal_aux_1: 0.6749 (0.7146)  loss_focal_dn_0: 0.5478 (0.6303)  loss_focal_dn_1: 0.5230 (0.5918)  loss_focal_dn_2: 0.5256 (0.6096)  loss_focal_enc_0: 0.8510 (0.9741)  loss_kld: 2.5990 (2.6112)  loss_kld_aux_0: 2.6066 (2.6167)  loss_kld_aux_1: 2.6017 (2.6129)  loss_kld_dn_0: 1.6068 (1.6570)  loss_kld_dn_1: 1.5983 (1.6689)  loss_kld_dn_2: 1.6061 (1.6894)  loss_kld_enc_0: 2.6289 (2.6267)  loss_l1: 1.7495 (1.8131)  loss_l1_aux_0: 1.7452 (1.8064)  loss_l1_aux_1: 1.7493 (1.8117)  loss_l1_dn_0: 0.1444 (0.1415)  loss_l1_dn_1: 0.1458 (0.1441)  loss_l1_dn_2: 0.1465 (0.1453)  loss_l1_enc_0: 1.7179 (1.7756)  time: 2.1569  data: 0.0571  max mem: 44236
Epoch: [4]  [163/164]  eta: 0:00:02  lr: 0.000003  loss: 26.5655 (27.5907)  loss_focal: 0.5296 (0.6439)  loss_focal_aux_0: 0.5930 (0.7136)  loss_focal_aux_1: 0.5532 (0.6704)  loss_focal_dn_0: 0.4721 (0.5816)  loss_focal_dn_1: 0.4492 (0.5442)  loss_focal_dn_2: 0.4642 (0.5609)  loss_focal_enc_0: 0.7001 (0.8925)  loss_kld: 2.6115 (2.6044)  loss_kld_aux_0: 2.6188 (2.6106)  loss_kld_aux_1: 2.6145 (2.6064)  loss_kld_dn_0: 1.5979 (1.6387)  loss_kld_dn_1: 1.5923 (1.6431)  loss_kld_dn_2: 1.5944 (1.6566)  loss_kld_enc_0: 2.6348 (2.6261)  loss_l1: 1.8050 (1.8018)  loss_l1_aux_0: 1.8021 (1.7964)  loss_l1_aux_1: 1.8057 (1.8010)  loss_l1_dn_0: 0.1389 (0.1421)  loss_l1_dn_1: 0.1406 (0.1444)  loss_l1_dn_2: 0.1407 (0.1453)  loss_l1_enc_0: 1.7690 (1.7668)  time: 2.3498  data: 0.0440  max mem: 44236
Epoch: [4] Total time: 0:06:12 (2.2688 s / it)
Test:  [ 0/43]  eta: 0:03:02    time: 4.2525  data: 3.6164  max mem: 44236
Test:  [10/43]  eta: 0:00:28    time: 0.8749  data: 0.5424  max mem: 44236
Test:  [20/43]  eta: 0:00:17    time: 0.5721  data: 0.2651  max mem: 44236
Test:  [30/43]  eta: 0:00:08    time: 0.5720  data: 0.2619  max mem: 44236
Test:  [40/43]  eta: 0:00:01    time: 0.5618  data: 0.2577  max mem: 44236
Test:  [42/43]  eta: 0:00:00    time: 0.5478  data: 0.2550  max mem: 44236
Test: Total time: 0:00:27 (0.6465 s / it)
Averaged stats:
Offline DOTA results saved at /workspace/RT-DETR-OBB/outputs/rtdetrv2_obb_hgnetv2_n_dota_1_ss/dota_results/epoch_4.zip
best_stat: {'epoch': 4, 'mAP': 4.0}
Epoch: [5]  [  0/164]  eta: 0:31:39  lr: 0.000003  loss: 27.2886 (27.2886)  loss_focal: 0.4998 (0.4998)  loss_focal_aux_0: 0.5786 (0.5786)  loss_focal_aux_1: 0.5404 (0.5404)  loss_focal_dn_0: 0.4695 (0.4695)  loss_focal_dn_1: 0.4431 (0.4431)  loss_focal_dn_2: 0.4432 (0.4432)  loss_focal_enc_0: 0.6823 (0.6823)  loss_kld: 2.7379 (2.7379)  loss_kld_aux_0: 2.7453 (2.7453)  loss_kld_aux_1: 2.7404 (2.7404)  loss_kld_dn_0: 1.6220 (1.6220)  loss_kld_dn_1: 1.6153 (1.6153)  loss_kld_dn_2: 1.6198 (1.6198)  loss_kld_enc_0: 2.7678 (2.7678)  loss_l1: 1.8519 (1.8519)  loss_l1_aux_0: 1.8510 (1.8510)  loss_l1_aux_1: 1.8530 (1.8530)  loss_l1_dn_0: 0.1327 (0.1327)  loss_l1_dn_1: 0.1342 (0.1342)  loss_l1_dn_2: 0.1341 (0.1341)  loss_l1_enc_0: 1.8263 (1.8263)  time: 11.5813  data: 8.0641  max mem: 44236
Epoch: [5]  [100/164]  eta: 0:02:24  lr: 0.000004  loss: 25.4814 (25.9123)  loss_focal: 0.5336 (0.5368)  loss_focal_aux_0: 0.5587 (0.5744)  loss_focal_aux_1: 0.5501 (0.5476)  loss_focal_dn_0: 0.4044 (0.4298)  loss_focal_dn_1: 0.3894 (0.4096)  loss_focal_dn_2: 0.4157 (0.4286)  loss_focal_enc_0: 0.6214 (0.6545)  loss_kld: 2.5006 (2.5290)  loss_kld_aux_0: 2.5078 (2.5364)  loss_kld_aux_1: 2.5020 (2.5316)  loss_kld_dn_0: 1.5831 (1.5909)  loss_kld_dn_1: 1.5837 (1.5867)  loss_kld_dn_2: 1.5905 (1.5904)  loss_kld_enc_0: 2.5369 (2.5647)  loss_l1: 1.6862 (1.7447)  loss_l1_aux_0: 1.6883 (1.7453)  loss_l1_aux_1: 1.6884 (1.7466)  loss_l1_dn_0: 0.1490 (0.1471)  loss_l1_dn_1: 0.1501 (0.1481)  loss_l1_dn_2: 0.1491 (0.1476)  loss_l1_enc_0: 1.6657 (1.7219)  time: 2.1112  data: 0.0518  max mem: 44236
Epoch: [5]  [163/164]  eta: 0:00:02  lr: 0.000005  loss: 25.2671 (25.6707)  loss_focal: 0.4878 (0.5260)  loss_focal_aux_0: 0.5200 (0.5592)  loss_focal_aux_1: 0.4867 (0.5345)  loss_focal_dn_0: 0.3691 (0.4115)  loss_focal_dn_1: 0.3510 (0.3944)  loss_focal_dn_2: 0.3757 (0.4155)  loss_focal_enc_0: 0.5622 (0.6269)  loss_kld: 2.4717 (2.5075)  loss_kld_aux_0: 2.4769 (2.5146)  loss_kld_aux_1: 2.4728 (2.5099)  loss_kld_dn_0: 1.5818 (1.5867)  loss_kld_dn_1: 1.5804 (1.5843)  loss_kld_dn_2: 1.5832 (1.5885)  loss_kld_enc_0: 2.5126 (2.5445)  loss_l1: 1.6774 (1.7342)  loss_l1_aux_0: 1.6815 (1.7357)  loss_l1_aux_1: 1.6799 (1.7362)  loss_l1_dn_0: 0.1518 (0.1483)  loss_l1_dn_1: 0.1519 (0.1491)  loss_l1_dn_2: 0.1513 (0.1486)  loss_l1_enc_0: 1.6698 (1.7146)  time: 2.0493  data: 0.0473  max mem: 44236
Epoch: [5] Total time: 0:06:01 (2.2062 s / it)
Test:  [ 0/43]  eta: 0:03:04    time: 4.2942  data: 3.6321  max mem: 44236
Test:  [10/43]  eta: 0:00:30    time: 0.9183  data: 0.5611  max mem: 44236
Test:  [20/43]  eta: 0:00:18    time: 0.6331  data: 0.3084  max mem: 44236
Test:  [30/43]  eta: 0:00:09    time: 0.6350  data: 0.3122  max mem: 44236
Test:  [40/43]  eta: 0:00:02    time: 0.5836  data: 0.2627  max mem: 44236
Test:  [42/43]  eta: 0:00:00    time: 0.5606  data: 0.2498  max mem: 44236
Test: Total time: 0:00:29 (0.6969 s / it)
Averaged stats:
Offline DOTA results saved at /workspace/RT-DETR-OBB/outputs/rtdetrv2_obb_hgnetv2_n_dota_1_ss/dota_results/epoch_5.zip
best_stat: {'epoch': 5, 'mAP': 5.0}
Epoch: [6]  [  0/164]  eta: 0:32:01  lr: 0.000005  loss: 25.6125 (25.6125)  loss_focal: 0.4990 (0.4990)  loss_focal_aux_0: 0.5370 (0.5370)  loss_focal_aux_1: 0.5169 (0.5169)  loss_focal_dn_0: 0.3987 (0.3987)  loss_focal_dn_1: 0.3761 (0.3761)  loss_focal_dn_2: 0.3946 (0.3946)  loss_focal_enc_0: 0.6061 (0.6061)  loss_kld: 2.4714 (2.4714)  loss_kld_aux_0: 2.4789 (2.4789)  loss_kld_aux_1: 2.4733 (2.4733)  loss_kld_dn_0: 1.5099 (1.5099)  loss_kld_dn_1: 1.5056 (1.5056)  loss_kld_dn_2: 1.5052 (1.5052)  loss_kld_enc_0: 2.5224 (2.5224)  loss_l1: 1.8294 (1.8294)  loss_l1_aux_0: 1.8323 (1.8323)  loss_l1_aux_1: 1.8313 (1.8313)  loss_l1_dn_0: 0.1695 (0.1695)  loss_l1_dn_1: 0.1695 (0.1695)  loss_l1_dn_2: 0.1688 (0.1688)  loss_l1_enc_0: 1.8167 (1.8167)  time: 11.7136  data: 9.0877  max mem: 44236
Epoch: [6]  [100/164]  eta: 0:02:27  lr: 0.000006  loss: 24.0914 (24.5703)  loss_focal: 0.4678 (0.4863)  loss_focal_aux_0: 0.4682 (0.4989)  loss_focal_aux_1: 0.4594 (0.4816)  loss_focal_dn_0: 0.3082 (0.3361)  loss_focal_dn_1: 0.2937 (0.3247)  loss_focal_dn_2: 0.3271 (0.3538)  loss_focal_enc_0: 0.5046 (0.5370)  loss_kld: 2.3497 (2.4128)  loss_kld_aux_0: 2.3540 (2.4188)  loss_kld_aux_1: 2.3506 (2.4144)  loss_kld_dn_0: 1.5352 (1.5680)  loss_kld_dn_1: 1.5420 (1.5691)  loss_kld_dn_2: 1.5452 (1.5729)  loss_kld_enc_0: 2.3896 (2.4549)  loss_l1: 1.6423 (1.6740)  loss_l1_aux_0: 1.6455 (1.6779)  loss_l1_aux_1: 1.6434 (1.6760)  loss_l1_dn_0: 0.1500 (0.1497)  loss_l1_dn_1: 0.1491 (0.1492)  loss_l1_dn_2: 0.1490 (0.1488)  loss_l1_enc_0: 1.6363 (1.6653)  time: 2.0745  data: 0.0624  max mem: 44236
Epoch: [6]  [163/164]  eta: 0:00:02  lr: 0.000007  loss: 23.8711 (24.3761)  loss_focal: 0.4445 (0.4757)  loss_focal_aux_0: 0.4495 (0.4857)  loss_focal_aux_1: 0.4408 (0.4695)  loss_focal_dn_0: 0.2822 (0.3219)  loss_focal_dn_1: 0.2761 (0.3099)  loss_focal_dn_2: 0.3003 (0.3392)  loss_focal_enc_0: 0.4622 (0.5170)  loss_kld: 2.3423 (2.3913)  loss_kld_aux_0: 2.3467 (2.3968)  loss_kld_aux_1: 2.3431 (2.3927)  loss_kld_dn_0: 1.5570 (1.5643)  loss_kld_dn_1: 1.5587 (1.5663)  loss_kld_dn_2: 1.5614 (1.5702)  loss_kld_enc_0: 2.3921 (2.4353)  loss_l1: 1.6762 (1.6732)  loss_l1_aux_0: 1.6806 (1.6773)  loss_l1_aux_1: 1.6775 (1.6749)  loss_l1_dn_0: 0.1495 (0.1499)  loss_l1_dn_1: 0.1476 (0.1490)  loss_l1_dn_2: 0.1469 (0.1486)  loss_l1_enc_0: 1.6773 (1.6672)  time: 2.1182  data: 0.0596  max mem: 44236
Epoch: [6] Total time: 0:06:05 (2.2264 s / it)
Test:  [ 0/43]  eta: 0:03:21    time: 4.6964  data: 3.9688  max mem: 44236
Test:  [10/43]  eta: 0:00:31    time: 0.9473  data: 0.5871  max mem: 44236
Test:  [20/43]  eta: 0:00:18    time: 0.5931  data: 0.2703  max mem: 44236
Test:  [30/43]  eta: 0:00:09    time: 0.5771  data: 0.2490  max mem: 44236
Test:  [40/43]  eta: 0:00:02    time: 0.5871  data: 0.2640  max mem: 44236
Test:  [42/43]  eta: 0:00:00    time: 0.5680  data: 0.2599  max mem: 44236
Test: Total time: 0:00:29 (0.6771 s / it)
Averaged stats:
Offline DOTA results saved at /workspace/RT-DETR-OBB/outputs/rtdetrv2_obb_hgnetv2_n_dota_1_ss/dota_results/epoch_6.zip
best_stat: {'epoch': 6, 'mAP': 6.0}
Epoch: [7]  [  0/164]  eta: 0:31:22  lr: 0.000007  loss: 23.4105 (23.4105)  loss_focal: 0.5134 (0.5134)  loss_focal_aux_0: 0.5079 (0.5079)  loss_focal_aux_1: 0.5007 (0.5007)  loss_focal_dn_0: 0.2735 (0.2735)  loss_focal_dn_1: 0.2653 (0.2653)  loss_focal_dn_2: 0.2877 (0.2877)  loss_focal_enc_0: 0.5387 (0.5387)  loss_kld: 2.2779 (2.2779)  loss_kld_aux_0: 2.2842 (2.2842)  loss_kld_aux_1: 2.2798 (2.2798)  loss_kld_dn_0: 1.5421 (1.5421)  loss_kld_dn_1: 1.5429 (1.5429)  loss_kld_dn_2: 1.5443 (1.5443)  loss_kld_enc_0: 2.3248 (2.3248)  loss_l1: 1.5612 (1.5612)  loss_l1_aux_0: 1.5655 (1.5655)  loss_l1_aux_1: 1.5624 (1.5624)  loss_l1_dn_0: 0.1602 (0.1602)  loss_l1_dn_1: 0.1585 (0.1585)  loss_l1_dn_2: 0.1581 (0.1581)  loss_l1_enc_0: 1.5615 (1.5615)  time: 11.4800  data: 6.3443  max mem: 44236
Epoch: [7]  [100/164]  eta: 0:02:21  lr: 0.000008  loss: 23.4138 (23.4329)  loss_focal: 0.4247 (0.4597)  loss_focal_aux_0: 0.4280 (0.4613)  loss_focal_aux_1: 0.4204 (0.4535)  loss_focal_dn_0: 0.2664 (0.2801)  loss_focal_dn_1: 0.2593 (0.2685)  loss_focal_dn_2: 0.2828 (0.2961)  loss_focal_enc_0: 0.4436 (0.4761)  loss_kld: 2.2697 (2.2784)  loss_kld_aux_0: 2.2726 (2.2810)  loss_kld_aux_1: 2.2707 (2.2791)  loss_kld_dn_0: 1.5403 (1.5472)  loss_kld_dn_1: 1.5379 (1.5487)  loss_kld_dn_2: 1.5378 (1.5502)  loss_kld_enc_0: 2.3185 (2.3234)  loss_l1: 1.6267 (1.6171)  loss_l1_aux_0: 1.6295 (1.6207)  loss_l1_aux_1: 1.6270 (1.6177)  loss_l1_dn_0: 0.1453 (0.1522)  loss_l1_dn_1: 0.1440 (0.1507)  loss_l1_dn_2: 0.1441 (0.1506)  loss_l1_enc_0: 1.6328 (1.6204)  time: 2.0475  data: 0.0489  max mem: 44236
Epoch: [7]  [163/164]  eta: 0:00:02  lr: 0.000009  loss: 22.9891 (23.3257)  loss_focal: 0.4179 (0.4509)  loss_focal_aux_0: 0.4146 (0.4522)  loss_focal_aux_1: 0.4079 (0.4451)  loss_focal_dn_0: 0.2511 (0.2731)  loss_focal_dn_1: 0.2419 (0.2615)  loss_focal_dn_2: 0.2586 (0.2877)  loss_focal_enc_0: 0.4246 (0.4656)  loss_kld: 2.2402 (2.2686)  loss_kld_aux_0: 2.2435 (2.2708)  loss_kld_aux_1: 2.2412 (2.2692)  loss_kld_dn_0: 1.5253 (1.5434)  loss_kld_dn_1: 1.5247 (1.5450)  loss_kld_dn_2: 1.5249 (1.5468)  loss_kld_enc_0: 2.2933 (2.3142)  loss_l1: 1.6414 (1.6186)  loss_l1_aux_0: 1.6431 (1.6215)  loss_l1_aux_1: 1.6412 (1.6188)  loss_l1_dn_0: 0.1448 (0.1507)  loss_l1_dn_1: 0.1439 (0.1493)  loss_l1_dn_2: 0.1446 (0.1494)  loss_l1_enc_0: 1.6486 (1.6233)  time: 2.1512  data: 0.0622  max mem: 44236
Epoch: [7] Total time: 0:05:59 (2.1918 s / it)
Test:  [ 0/43]  eta: 0:03:20    time: 4.6726  data: 4.0006  max mem: 44236
Test:  [10/43]  eta: 0:00:30    time: 0.9282  data: 0.5774  max mem: 44236
Test:  [20/43]  eta: 0:00:17    time: 0.5625  data: 0.2437  max mem: 44236
Test:  [30/43]  eta: 0:00:09    time: 0.5991  data: 0.2778  max mem: 44236
Test:  [40/43]  eta: 0:00:02    time: 0.6099  data: 0.2897  max mem: 44236
Test:  [42/43]  eta: 0:00:00    time: 0.5934  data: 0.2840  max mem: 44236
Test: Total time: 0:00:29 (0.6828 s / it)
Averaged stats:
Offline DOTA results saved at /workspace/RT-DETR-OBB/outputs/rtdetrv2_obb_hgnetv2_n_dota_1_ss/dota_results/epoch_7.zip
best_stat: {'epoch': 7, 'mAP': 7.0}
Epoch: [8]  [  0/164]  eta: 0:35:33  lr: 0.000009  loss: 25.1468 (25.1468)  loss_focal: 0.3830 (0.3830)  loss_focal_aux_0: 0.3828 (0.3828)  loss_focal_aux_1: 0.3829 (0.3829)  loss_focal_dn_0: 0.2399 (0.2399)  loss_focal_dn_1: 0.2361 (0.2361)  loss_focal_dn_2: 0.2552 (0.2552)  loss_focal_enc_0: 0.3726 (0.3726)  loss_kld: 2.4277 (2.4277)  loss_kld_aux_0: 2.4287 (2.4287)  loss_kld_aux_1: 2.4280 (2.4280)  loss_kld_dn_0: 1.5028 (1.5028)  loss_kld_dn_1: 1.5029 (1.5029)  loss_kld_dn_2: 1.5032 (1.5032)  loss_kld_enc_0: 2.4616 (2.4616)  loss_l1: 2.0587 (2.0587)  loss_l1_aux_0: 2.0605 (2.0605)  loss_l1_aux_1: 2.0583 (2.0583)  loss_l1_dn_0: 0.1323 (0.1323)  loss_l1_dn_1: 0.1312 (0.1312)  loss_l1_dn_2: 0.1313 (0.1313)  loss_l1_enc_0: 2.0672 (2.0672)  time: 13.0099  data: 10.4276  max mem: 44236
Epoch: [8]  [100/164]  eta: 0:02:28  lr: 0.000010  loss: 22.3112 (22.6011)  loss_focal: 0.3981 (0.4228)  loss_focal_aux_0: 0.3971 (0.4221)  loss_focal_aux_1: 0.3950 (0.4199)  loss_focal_dn_0: 0.2349 (0.2424)  loss_focal_dn_1: 0.2250 (0.2347)  loss_focal_dn_2: 0.2406 (0.2513)  loss_focal_enc_0: 0.4149 (0.4286)  loss_kld: 2.1579 (2.1928)  loss_kld_aux_0: 2.1602 (2.1947)  loss_kld_aux_1: 2.1587 (2.1934)  loss_kld_dn_0: 1.5136 (1.5259)  loss_kld_dn_1: 1.5124 (1.5244)  loss_kld_dn_2: 1.5109 (1.5244)  loss_kld_enc_0: 2.2029 (2.2373)  loss_l1: 1.5933 (1.5844)  loss_l1_aux_0: 1.5942 (1.5851)  loss_l1_aux_1: 1.5932 (1.5840)  loss_l1_dn_0: 0.1483 (0.1475)  loss_l1_dn_1: 0.1477 (0.1468)  loss_l1_dn_2: 0.1478 (0.1471)  loss_l1_enc_0: 1.6038 (1.5917)  time: 2.2777  data: 0.0538  max mem: 56004
Epoch: [8]  [163/164]  eta: 0:00:02  lr: 0.000011  loss: 21.6173 (22.3553)  loss_focal: 0.4295 (0.4207)  loss_focal_aux_0: 0.4267 (0.4193)  loss_focal_aux_1: 0.4234 (0.4174)  loss_focal_dn_0: 0.2144 (0.2381)  loss_focal_dn_1: 0.2079 (0.2307)  loss_focal_dn_2: 0.2164 (0.2457)  loss_focal_enc_0: 0.4291 (0.4261)  loss_kld: 2.1193 (2.1651)  loss_kld_aux_0: 2.1215 (2.1672)  loss_kld_aux_1: 2.1201 (2.1657)  loss_kld_dn_0: 1.5256 (1.5185)  loss_kld_dn_1: 1.5189 (1.5160)  loss_kld_dn_2: 1.5179 (1.5155)  loss_kld_enc_0: 2.1678 (2.2097)  loss_l1: 1.4706 (1.5631)  loss_l1_aux_0: 1.4703 (1.5637)  loss_l1_aux_1: 1.4702 (1.5627)  loss_l1_dn_0: 0.1465 (0.1469)  loss_l1_dn_1: 0.1456 (0.1461)  loss_l1_dn_2: 0.1458 (0.1464)  loss_l1_enc_0: 1.4767 (1.5706)  time: 1.9873  data: 0.0568  max mem: 56004
Epoch: [8] Total time: 0:06:05 (2.2291 s / it)
Test:  [ 0/43]  eta: 0:03:29    time: 4.8746  data: 4.2354  max mem: 56004
Test:  [10/43]  eta: 0:00:33    time: 1.0095  data: 0.6613  max mem: 56004
Test:  [20/43]  eta: 0:00:19    time: 0.6384  data: 0.3159  max mem: 56004
Test:  [30/43]  eta: 0:00:10    time: 0.6770  data: 0.3546  max mem: 56004
Test:  [40/43]  eta: 0:00:02    time: 0.6336  data: 0.3190  max mem: 56004
Test:  [42/43]  eta: 0:00:00    time: 0.6007  data: 0.2972  max mem: 56004
Test: Total time: 0:00:32 (0.7557 s / it)
Averaged stats:
Offline DOTA results saved at /workspace/RT-DETR-OBB/outputs/rtdetrv2_obb_hgnetv2_n_dota_1_ss/dota_results/epoch_8.zip
best_stat: {'epoch': 8, 'mAP': 8.0}
Epoch: [9]  [  0/164]  eta: 0:28:04  lr: 0.000011  loss: 21.3526 (21.3526)  loss_focal: 0.3797 (0.3797)  loss_focal_aux_0: 0.3743 (0.3743)  loss_focal_aux_1: 0.3755 (0.3755)  loss_focal_dn_0: 0.2236 (0.2236)  loss_focal_dn_1: 0.2159 (0.2159)  loss_focal_dn_2: 0.2203 (0.2203)  loss_focal_enc_0: 0.3655 (0.3655)  loss_kld: 2.0415 (2.0415)  loss_kld_aux_0: 2.0470 (2.0470)  loss_kld_aux_1: 2.0427 (2.0427)  loss_kld_dn_0: 1.4890 (1.4890)  loss_kld_dn_1: 1.4813 (1.4813)  loss_kld_dn_2: 1.4795 (1.4795)  loss_kld_enc_0: 2.0936 (2.0936)  loss_l1: 1.5114 (1.5114)  loss_l1_aux_0: 1.5111 (1.5111)  loss_l1_aux_1: 1.5111 (1.5111)  loss_l1_dn_0: 0.1583 (0.1583)  loss_l1_dn_1: 0.1574 (0.1574)  loss_l1_dn_2: 0.1574 (0.1574)  loss_l1_enc_0: 1.5165 (1.5165)  time: 10.2715  data: 8.1432  max mem: 56004
Epoch: [9]  [100/164]  eta: 0:02:20  lr: 0.000012  loss: 21.3943 (21.4165)  loss_focal: 0.3966 (0.4131)  loss_focal_aux_0: 0.3968 (0.4097)  loss_focal_aux_1: 0.3972 (0.4101)  loss_focal_dn_0: 0.2150 (0.2177)  loss_focal_dn_1: 0.2092 (0.2117)  loss_focal_dn_2: 0.2128 (0.2197)  loss_focal_enc_0: 0.3956 (0.4122)  loss_kld: 2.0450 (2.0343)  loss_kld_aux_0: 2.0494 (2.0384)  loss_kld_aux_1: 2.0459 (2.0352)  loss_kld_dn_0: 1.4783 (1.4949)  loss_kld_dn_1: 1.4715 (1.4895)  loss_kld_dn_2: 1.4702 (1.4880)  loss_kld_enc_0: 2.0855 (2.0782)  loss_l1: 1.5103 (1.5035)  loss_l1_aux_0: 1.5111 (1.5033)  loss_l1_aux_1: 1.5104 (1.5033)  loss_l1_dn_0: 0.1471 (0.1486)  loss_l1_dn_1: 0.1465 (0.1477)  loss_l1_dn_2: 0.1467 (0.1477)  loss_l1_enc_0: 1.5148 (1.5097)  time: 2.1643  data: 0.0760  max mem: 56004
Epoch: [9]  [163/164]  eta: 0:00:02  lr: 0.000013  loss: 21.1830 (21.4122)  loss_focal: 0.3785 (0.4063)  loss_focal_aux_0: 0.3749 (0.4029)  loss_focal_aux_1: 0.3740 (0.4032)  loss_focal_dn_0: 0.2083 (0.2157)  loss_focal_dn_1: 0.2027 (0.2101)  loss_focal_dn_2: 0.2109 (0.2180)  loss_focal_enc_0: 0.3858 (0.4052)  loss_kld: 2.0382 (2.0381)  loss_kld_aux_0: 2.0415 (2.0419)  loss_kld_aux_1: 2.0403 (2.0387)  loss_kld_dn_0: 1.5215 (1.5015)  loss_kld_dn_1: 1.5196 (1.4996)  loss_kld_dn_2: 1.5183 (1.5007)  loss_kld_enc_0: 2.0752 (2.0814)  loss_l1: 1.4520 (1.5016)  loss_l1_aux_0: 1.4517 (1.5012)  loss_l1_aux_1: 1.4518 (1.5014)  loss_l1_dn_0: 0.1457 (0.1463)  loss_l1_dn_1: 0.1451 (0.1454)  loss_l1_dn_2: 0.1452 (0.1454)  loss_l1_enc_0: 1.4582 (1.5075)  time: 2.1030  data: 0.0497  max mem: 56004
Epoch: [9] Total time: 0:06:00 (2.1998 s / it)
Test:  [ 0/43]  eta: 0:03:01    time: 4.2152  data: 3.5888  max mem: 56004
Test:  [10/43]  eta: 0:00:31    time: 0.9406  data: 0.6024  max mem: 56004
Test:  [20/43]  eta: 0:00:17    time: 0.6069  data: 0.2964  max mem: 56004
Test:  [30/43]  eta: 0:00:09    time: 0.5777  data: 0.2661  max mem: 56004
Test:  [40/43]  eta: 0:00:02    time: 0.5855  data: 0.2773  max mem: 56004
Test:  [42/43]  eta: 0:00:00    time: 0.5716  data: 0.2746  max mem: 56004
Test: Total time: 0:00:28 (0.6739 s / it)
Averaged stats:
Offline DOTA results saved at /workspace/RT-DETR-OBB/outputs/rtdetrv2_obb_hgnetv2_n_dota_1_ss/dota_results/epoch_9.zip
best_stat: {'epoch': 9, 'mAP': 9.0}
Epoch: [10]  [  0/164]  eta: 0:27:37  lr: 0.000013  loss: 21.2486 (21.2486)  loss_focal: 0.4690 (0.4690)  loss_focal_aux_0: 0.4718 (0.4718)  loss_focal_aux_1: 0.4665 (0.4665)  loss_focal_dn_0: 0.2115 (0.2115)  loss_focal_dn_1: 0.2089 (0.2089)  loss_focal_dn_2: 0.2111 (0.2111)  loss_focal_enc_0: 0.4817 (0.4817)  loss_kld: 1.9720 (1.9720)  loss_kld_aux_0: 1.9829 (1.9829)  loss_kld_aux_1: 1.9754 (1.9754)  loss_kld_dn_0: 1.5132 (1.5132)  loss_kld_dn_1: 1.4951 (1.4951)  loss_kld_dn_2: 1.4882 (1.4882)  loss_kld_enc_0: 2.0452 (2.0452)  loss_l1: 1.4545 (1.4545)  loss_l1_aux_0: 1.4534 (1.4534)  loss_l1_aux_1: 1.4543 (1.4543)  loss_l1_dn_0: 0.1460 (0.1460)  loss_l1_dn_1: 0.1442 (0.1442)  loss_l1_dn_2: 0.1436 (0.1436)  loss_l1_enc_0: 1.4602 (1.4602)  time: 10.1047  data: 8.8735  max mem: 56004
Epoch: [10]  [100/164]  eta: 0:02:22  lr: 0.000015  loss: 20.9926 (21.0056)  loss_focal: 0.3828 (0.3945)  loss_focal_aux_0: 0.3772 (0.3886)  loss_focal_aux_1: 0.3775 (0.3904)  loss_focal_dn_0: 0.1983 (0.2057)  loss_focal_dn_1: 0.1918 (0.2006)  loss_focal_dn_2: 0.1994 (0.2067)  loss_focal_enc_0: 0.3806 (0.3889)  loss_kld: 1.9748 (1.9929)  loss_kld_aux_0: 1.9909 (2.0022)  loss_kld_aux_1: 1.9803 (1.9954)  loss_kld_dn_0: 1.4880 (1.4909)  loss_kld_dn_1: 1.4700 (1.4831)  loss_kld_dn_2: 1.4684 (1.4820)  loss_kld_enc_0: 2.0242 (2.0439)  loss_l1: 1.4874 (1.4763)  loss_l1_aux_0: 1.4867 (1.4755)  loss_l1_aux_1: 1.4870 (1.4761)  loss_l1_dn_0: 0.1414 (0.1444)  loss_l1_dn_1: 0.1413 (0.1429)  loss_l1_dn_2: 0.1418 (0.1424)  loss_l1_enc_0: 1.4924 (1.4822)  time: 2.1866  data: 0.0649  max mem: 56004
Epoch: [10]  [163/164]  eta: 0:00:02  lr: 0.000016  loss: 20.7441 (20.9250)  loss_focal: 0.3962 (0.3947)  loss_focal_aux_0: 0.3902 (0.3886)  loss_focal_aux_1: 0.3913 (0.3908)  loss_focal_dn_0: 0.2034 (0.2040)  loss_focal_dn_1: 0.1957 (0.1993)  loss_focal_dn_2: 0.1997 (0.2055)  loss_focal_enc_0: 0.3838 (0.3876)  loss_kld: 1.8638 (1.9756)  loss_kld_aux_0: 1.8992 (1.9906)  loss_kld_aux_1: 1.8775 (1.9806)  loss_kld_dn_0: 1.4457 (1.4887)  loss_kld_dn_1: 1.4294 (1.4803)  loss_kld_dn_2: 1.4274 (1.4797)  loss_kld_enc_0: 1.9482 (2.0334)  loss_l1: 1.4775 (1.4737)  loss_l1_aux_0: 1.4720 (1.4727)  loss_l1_aux_1: 1.4750 (1.4734)  loss_l1_dn_0: 0.1449 (0.1437)  loss_l1_dn_1: 0.1424 (0.1419)  loss_l1_dn_2: 0.1416 (0.1411)  loss_l1_enc_0: 1.4761 (1.4791)  time: 2.0926  data: 0.0531  max mem: 56004
Epoch: [10] Total time: 0:05:59 (2.1893 s / it)
Test:  [ 0/43]  eta: 0:03:10    time: 4.4344  data: 3.7821  max mem: 56004
Test:  [10/43]  eta: 0:00:28    time: 0.8665  data: 0.5286  max mem: 56004
Test:  [20/43]  eta: 0:00:17    time: 0.5682  data: 0.2612  max mem: 56004
Test:  [30/43]  eta: 0:00:09    time: 0.5977  data: 0.2870  max mem: 56004
Test:  [40/43]  eta: 0:00:02    time: 0.5928  data: 0.2830  max mem: 56004
Test:  [42/43]  eta: 0:00:00    time: 0.5699  data: 0.2717  max mem: 56004
Test: Total time: 0:00:28 (0.6637 s / it)
Averaged stats:
Offline DOTA results saved at /workspace/RT-DETR-OBB/outputs/rtdetrv2_obb_hgnetv2_n_dota_1_ss/dota_results/epoch_10.zip
best_stat: {'epoch': 10, 'mAP': 10.0}
Epoch: [11]  [  0/164]  eta: 0:33:54  lr: 0.000016  loss: 21.5675 (21.5675)  loss_focal: 0.4011 (0.4011)  loss_focal_aux_0: 0.3922 (0.3922)  loss_focal_aux_1: 0.3939 (0.3939)  loss_focal_dn_0: 0.1952 (0.1952)  loss_focal_dn_1: 0.1907 (0.1907)  loss_focal_dn_2: 0.2006 (0.2006)  loss_focal_enc_0: 0.3878 (0.3878)  loss_kld: 1.9609 (1.9609)  loss_kld_aux_0: 1.9974 (1.9974)  loss_kld_aux_1: 1.9728 (1.9728)  loss_kld_dn_0: 1.4162 (1.4162)  loss_kld_dn_1: 1.4023 (1.4023)  loss_kld_dn_2: 1.3960 (1.3960)  loss_kld_enc_0: 2.0462 (2.0462)  loss_l1: 1.6996 (1.6996)  loss_l1_aux_0: 1.6986 (1.6986)  loss_l1_aux_1: 1.7002 (1.7002)  loss_l1_dn_0: 0.1395 (0.1395)  loss_l1_dn_1: 0.1367 (0.1367)  loss_l1_dn_2: 0.1354 (0.1354)  loss_l1_enc_0: 1.7042 (1.7042)  time: 12.4034  data: 10.7045  max mem: 56004
Epoch: [11]  [100/164]  eta: 0:02:22  lr: 0.000018  loss: 20.3462 (20.3432)  loss_focal: 0.3779 (0.3892)  loss_focal_aux_0: 0.3767 (0.3820)  loss_focal_aux_1: 0.3795 (0.3848)  loss_focal_dn_0: 0.1923 (0.1950)  loss_focal_dn_1: 0.1898 (0.1901)  loss_focal_dn_2: 0.1941 (0.1961)  loss_focal_enc_0: 0.3788 (0.3785)  loss_kld: 1.8344 (1.8646)  loss_kld_aux_0: 1.8585 (1.8969)  loss_kld_aux_1: 1.8336 (1.8716)  loss_kld_dn_0: 1.4525 (1.4682)  loss_kld_dn_1: 1.4447 (1.4555)  loss_kld_dn_2: 1.4385 (1.4533)  loss_kld_enc_0: 1.9348 (1.9554)  loss_l1: 1.4584 (1.4614)  loss_l1_aux_0: 1.4567 (1.4596)  loss_l1_aux_1: 1.4588 (1.4613)  loss_l1_dn_0: 0.1406 (0.1418)  loss_l1_dn_1: 0.1357 (0.1383)  loss_l1_dn_2: 0.1315 (0.1360)  loss_l1_enc_0: 1.4604 (1.4637)  time: 2.0905  data: 0.0777  max mem: 56004
Epoch: [11]  [163/164]  eta: 0:00:02  lr: 0.000019  loss: 19.7827 (20.2439)  loss_focal: 0.3799 (0.3846)  loss_focal_aux_0: 0.3791 (0.3782)  loss_focal_aux_1: 0.3780 (0.3805)  loss_focal_dn_0: 0.1910 (0.1940)  loss_focal_dn_1: 0.1834 (0.1889)  loss_focal_dn_2: 0.1892 (0.1947)  loss_focal_enc_0: 0.3723 (0.3752)  loss_kld: 1.7671 (1.8610)  loss_kld_aux_0: 1.7755 (1.8853)  loss_kld_aux_1: 1.7611 (1.8652)  loss_kld_dn_0: 1.4600 (1.4655)  loss_kld_dn_1: 1.4387 (1.4505)  loss_kld_dn_2: 1.4319 (1.4467)  loss_kld_enc_0: 1.8699 (1.9479)  loss_l1: 1.4141 (1.4536)  loss_l1_aux_0: 1.4164 (1.4523)  loss_l1_aux_1: 1.4163 (1.4538)  loss_l1_dn_0: 0.1388 (0.1399)  loss_l1_dn_1: 0.1345 (0.1363)  loss_l1_dn_2: 0.1314 (0.1339)  loss_l1_enc_0: 1.4206 (1.4558)  time: 1.9998  data: 0.0485  max mem: 56004
Epoch: [11] Total time: 0:06:01 (2.2031 s / it)
Test:  [ 0/43]  eta: 0:03:53    time: 5.4365  data: 4.7707  max mem: 56004
Test:  [10/43]  eta: 0:00:31    time: 0.9518  data: 0.6062  max mem: 56004
Test:  [20/43]  eta: 0:00:18    time: 0.5807  data: 0.2674  max mem: 56004
Test:  [30/43]  eta: 0:00:09    time: 0.6156  data: 0.3037  max mem: 56004
Test:  [40/43]  eta: 0:00:02    time: 0.6121  data: 0.3071  max mem: 56004
Test:  [42/43]  eta: 0:00:00    time: 0.5927  data: 0.2991  max mem: 56004
Test: Total time: 0:00:30 (0.6999 s / it)
Averaged stats:
Offline DOTA results saved at /workspace/RT-DETR-OBB/outputs/rtdetrv2_obb_hgnetv2_n_dota_1_ss/dota_results/epoch_11.zip
best_stat: {'epoch': 11, 'mAP': 11.0}
Epoch: [12]  [  0/164]  eta: 0:38:08  lr: 0.000019  loss: 19.9079 (19.9079)  loss_focal: 0.3828 (0.3828)  loss_focal_aux_0: 0.3690 (0.3690)  loss_focal_aux_1: 0.3709 (0.3709)  loss_focal_dn_0: 0.1888 (0.1888)  loss_focal_dn_1: 0.1840 (0.1840)  loss_focal_dn_2: 0.1932 (0.1932)  loss_focal_enc_0: 0.3638 (0.3638)  loss_kld: 1.7812 (1.7812)  loss_kld_aux_0: 1.7842 (1.7842)  loss_kld_aux_1: 1.7795 (1.7795)  loss_kld_dn_0: 1.4284 (1.4284)  loss_kld_dn_1: 1.4177 (1.4177)  loss_kld_dn_2: 1.4146 (1.4146)  loss_kld_enc_0: 1.8744 (1.8744)  loss_l1: 1.4964 (1.4964)  loss_l1_aux_0: 1.4947 (1.4947)  loss_l1_aux_1: 1.4965 (1.4965)  loss_l1_dn_0: 0.1340 (0.1340)  loss_l1_dn_1: 0.1299 (0.1299)  loss_l1_dn_2: 0.1278 (0.1278)  loss_l1_enc_0: 1.4962 (1.4962)  time: 13.9563  data: 9.0018  max mem: 56004
Epoch: [12]  [100/164]  eta: 0:02:28  lr: 0.000020  loss: 19.6230 (19.9096)  loss_focal: 0.3645 (0.3701)  loss_focal_aux_0: 0.3593 (0.3665)  loss_focal_aux_1: 0.3597 (0.3669)  loss_focal_dn_0: 0.1843 (0.1887)  loss_focal_dn_1: 0.1782 (0.1829)  loss_focal_dn_2: 0.1800 (0.1874)  loss_focal_enc_0: 0.3632 (0.3642)  loss_kld: 1.7969 (1.8251)  loss_kld_aux_0: 1.8071 (1.8326)  loss_kld_aux_1: 1.7976 (1.8253)  loss_kld_dn_0: 1.4165 (1.4363)  loss_kld_dn_1: 1.3876 (1.4145)  loss_kld_dn_2: 1.3807 (1.4098)  loss_kld_enc_0: 1.8597 (1.8952)  loss_l1: 1.4240 (1.4613)  loss_l1_aux_0: 1.4245 (1.4625)  loss_l1_aux_1: 1.4242 (1.4616)  loss_l1_dn_0: 0.1282 (0.1342)  loss_l1_dn_1: 0.1251 (0.1303)  loss_l1_dn_2: 0.1238 (0.1288)  loss_l1_enc_0: 1.4241 (1.4654)  time: 2.2605  data: 0.0742  max mem: 56004
Epoch: [12]  [163/164]  eta: 0:00:02  lr: 0.000020  loss: 19.5897 (19.8258)  loss_focal: 0.3833 (0.3704)  loss_focal_aux_0: 0.3821 (0.3668)  loss_focal_aux_1: 0.3796 (0.3670)  loss_focal_dn_0: 0.1857 (0.1870)  loss_focal_dn_1: 0.1782 (0.1810)  loss_focal_dn_2: 0.1826 (0.1853)  loss_focal_enc_0: 0.3762 (0.3647)  loss_kld: 1.8226 (1.8148)  loss_kld_aux_0: 1.8298 (1.8218)  loss_kld_aux_1: 1.8225 (1.8149)  loss_kld_dn_0: 1.4239 (1.4312)  loss_kld_dn_1: 1.3988 (1.4085)  loss_kld_dn_2: 1.3932 (1.4041)  loss_kld_enc_0: 1.8833 (1.8826)  loss_l1: 1.4570 (1.4568)  loss_l1_aux_0: 1.4575 (1.4581)  loss_l1_aux_1: 1.4568 (1.4571)  loss_l1_dn_0: 0.1302 (0.1337)  loss_l1_dn_1: 0.1258 (0.1298)  loss_l1_dn_2: 0.1242 (0.1284)  loss_l1_enc_0: 1.4620 (1.4618)  time: 2.1191  data: 0.0660  max mem: 56004
Epoch: [12] Total time: 0:06:09 (2.2503 s / it)
Test:  [ 0/43]  eta: 0:03:13    time: 4.5053  data: 3.8482  max mem: 56004
Test:  [10/43]  eta: 0:00:30    time: 0.9172  data: 0.5690  max mem: 56004
Test:  [20/43]  eta: 0:00:18    time: 0.5992  data: 0.2841  max mem: 56004
Test:  [30/43]  eta: 0:00:09    time: 0.6401  data: 0.3264  max mem: 56004
Test:  [40/43]  eta: 0:00:02    time: 0.6304  data: 0.3152  max mem: 56004
Test:  [42/43]  eta: 0:00:00    time: 0.6197  data: 0.3155  max mem: 56004
Test: Total time: 0:00:30 (0.7037 s / it)
Averaged stats:
Offline DOTA results saved at /workspace/RT-DETR-OBB/outputs/rtdetrv2_obb_hgnetv2_n_dota_1_ss/dota_results/epoch_12.zip
best_stat: {'epoch': 12, 'mAP': 12.0}
Epoch: [13]  [  0/164]  eta: 0:33:59  lr: 0.000020  loss: 19.4829 (19.4829)  loss_focal: 0.3050 (0.3050)  loss_focal_aux_0: 0.2994 (0.2994)  loss_focal_aux_1: 0.2993 (0.2993)  loss_focal_dn_0: 0.1673 (0.1673)  loss_focal_dn_1: 0.1596 (0.1596)  loss_focal_dn_2: 0.1634 (0.1634)  loss_focal_enc_0: 0.2916 (0.2916)  loss_kld: 1.7176 (1.7176)  loss_kld_aux_0: 1.7224 (1.7224)  loss_kld_aux_1: 1.7191 (1.7191)  loss_kld_dn_0: 1.3550 (1.3550)  loss_kld_dn_1: 1.3256 (1.3256)  loss_kld_dn_2: 1.3189 (1.3189)  loss_kld_enc_0: 1.7703 (1.7703)  loss_l1: 1.6232 (1.6232)  loss_l1_aux_0: 1.6250 (1.6250)  loss_l1_aux_1: 1.6234 (1.6234)  loss_l1_dn_0: 0.1262 (0.1262)  loss_l1_dn_1: 0.1226 (0.1226)  loss_l1_dn_2: 0.1217 (0.1217)  loss_l1_enc_0: 1.6264 (1.6264)  time: 12.4360  data: 8.4221  max mem: 56004
Epoch: [13]  [100/164]  eta: 0:02:24  lr: 0.000020  loss: 19.5872 (19.4074)  loss_focal: 0.3730 (0.3691)  loss_focal_aux_0: 0.3603 (0.3621)  loss_focal_aux_1: 0.3654 (0.3642)  loss_focal_dn_0: 0.1804 (0.1808)  loss_focal_dn_1: 0.1757 (0.1743)  loss_focal_dn_2: 0.1770 (0.1773)  loss_focal_enc_0: 0.3575 (0.3581)  loss_kld: 1.7648 (1.7537)  loss_kld_aux_0: 1.7688 (1.7592)  loss_kld_aux_1: 1.7632 (1.7537)  loss_kld_dn_0: 1.3967 (1.4023)  loss_kld_dn_1: 1.3584 (1.3750)  loss_kld_dn_2: 1.3504 (1.3700)  loss_kld_enc_0: 1.8079 (1.8063)  loss_l1: 1.4229 (1.4526)  loss_l1_aux_0: 1.4239 (1.4536)  loss_l1_aux_1: 1.4229 (1.4526)  loss_l1_dn_0: 0.1268 (0.1314)  loss_l1_dn_1: 0.1224 (0.1272)  loss_l1_dn_2: 0.1209 (0.1261)  loss_l1_enc_0: 1.4301 (1.4577)  time: 2.1405  data: 0.0499  max mem: 56004
Epoch: [13]  [163/164]  eta: 0:00:02  lr: 0.000020  loss: 18.9640 (19.2952)  loss_focal: 0.3426 (0.3658)  loss_focal_aux_0: 0.3350 (0.3574)  loss_focal_aux_1: 0.3378 (0.3604)  loss_focal_dn_0: 0.1735 (0.1790)  loss_focal_dn_1: 0.1657 (0.1726)  loss_focal_dn_2: 0.1683 (0.1757)  loss_focal_enc_0: 0.3304 (0.3520)  loss_kld: 1.6788 (1.7406)  loss_kld_aux_0: 1.6844 (1.7455)  loss_kld_aux_1: 1.6795 (1.7404)  loss_kld_dn_0: 1.3793 (1.4003)  loss_kld_dn_1: 1.3510 (1.3728)  loss_kld_dn_2: 1.3470 (1.3676)  loss_kld_enc_0: 1.7316 (1.7897)  loss_l1: 1.4299 (1.4459)  loss_l1_aux_0: 1.4323 (1.4470)  loss_l1_aux_1: 1.4303 (1.4459)  loss_l1_dn_0: 0.1228 (0.1316)  loss_l1_dn_1: 0.1193 (0.1275)  loss_l1_dn_2: 0.1180 (0.1263)  loss_l1_enc_0: 1.4366 (1.4513)  time: 2.1127  data: 0.0582  max mem: 56004
Epoch: [13] Total time: 0:06:00 (2.1965 s / it)
Test:  [ 0/43]  eta: 0:03:04    time: 4.2857  data: 3.6494  max mem: 56004
Test:  [10/43]  eta: 0:00:30    time: 0.9142  data: 0.5717  max mem: 56004
Test:  [20/43]  eta: 0:00:18    time: 0.6204  data: 0.3073  max mem: 56004
Test:  [30/43]  eta: 0:00:09    time: 0.6021  data: 0.2861  max mem: 56004
Test:  [40/43]  eta: 0:00:02    time: 0.5891  data: 0.2752  max mem: 56004
Test:  [42/43]  eta: 0:00:00    time: 0.5704  data: 0.2695  max mem: 56004
Test: Total time: 0:00:29 (0.6810 s / it)
Averaged stats:
Offline DOTA results saved at /workspace/RT-DETR-OBB/outputs/rtdetrv2_obb_hgnetv2_n_dota_1_ss/dota_results/epoch_13.zip
best_stat: {'epoch': 13, 'mAP': 13.0}
Epoch: [14]  [  0/164]  eta: 0:34:10  lr: 0.000020  loss: 18.6506 (18.6506)  loss_focal: 0.3616 (0.3616)  loss_focal_aux_0: 0.3486 (0.3486)  loss_focal_aux_1: 0.3551 (0.3551)  loss_focal_dn_0: 0.1746 (0.1746)  loss_focal_dn_1: 0.1674 (0.1674)  loss_focal_dn_2: 0.1694 (0.1694)  loss_focal_enc_0: 0.3370 (0.3370)  loss_kld: 1.6963 (1.6963)  loss_kld_aux_0: 1.7000 (1.7000)  loss_kld_aux_1: 1.6955 (1.6955)  loss_kld_dn_0: 1.4260 (1.4260)  loss_kld_dn_1: 1.4010 (1.4010)  loss_kld_dn_2: 1.3978 (1.3978)  loss_kld_enc_0: 1.7472 (1.7472)  loss_l1: 1.3160 (1.3160)  loss_l1_aux_0: 1.3167 (1.3167)  loss_l1_aux_1: 1.3161 (1.3161)  loss_l1_dn_0: 0.1361 (0.1361)  loss_l1_dn_1: 0.1326 (0.1326)  loss_l1_dn_2: 0.1317 (0.1317)  loss_l1_enc_0: 1.3239 (1.3239)  time: 12.5045  data: 10.6792  max mem: 56004
Epoch: [14]  [100/164]  eta: 0:02:24  lr: 0.000020  loss: 19.4808 (19.3321)  loss_focal: 0.3447 (0.3646)  loss_focal_aux_0: 0.3321 (0.3566)  loss_focal_aux_1: 0.3369 (0.3591)  loss_focal_dn_0: 0.1741 (0.1755)  loss_focal_dn_1: 0.1673 (0.1684)  loss_focal_dn_2: 0.1681 (0.1704)  loss_focal_enc_0: 0.3260 (0.3513)  loss_kld: 1.7677 (1.7574)  loss_kld_aux_0: 1.7713 (1.7630)  loss_kld_aux_1: 1.7675 (1.7571)  loss_kld_dn_0: 1.3997 (1.3973)  loss_kld_dn_1: 1.3783 (1.3686)  loss_kld_dn_2: 1.3692 (1.3632)  loss_kld_enc_0: 1.7983 (1.8139)  loss_l1: 1.4230 (1.4449)  loss_l1_aux_0: 1.4244 (1.4457)  loss_l1_aux_1: 1.4230 (1.4450)  loss_l1_dn_0: 0.1244 (0.1293)  loss_l1_dn_1: 0.1217 (0.1252)  loss_l1_dn_2: 0.1214 (0.1239)  loss_l1_enc_0: 1.4304 (1.4519)  time: 2.2504  data: 0.0532  max mem: 56004
Epoch: [14]  [163/164]  eta: 0:00:02  lr: 0.000020  loss: 18.9749 (19.1847)  loss_focal: 0.3611 (0.3660)  loss_focal_aux_0: 0.3594 (0.3584)  loss_focal_aux_1: 0.3630 (0.3609)  loss_focal_dn_0: 0.1711 (0.1740)  loss_focal_dn_1: 0.1632 (0.1664)  loss_focal_dn_2: 0.1651 (0.1681)  loss_focal_enc_0: 0.3481 (0.3527)  loss_kld: 1.6671 (1.7307)  loss_kld_aux_0: 1.6757 (1.7365)  loss_kld_aux_1: 1.6685 (1.7306)  loss_kld_dn_0: 1.3710 (1.3891)  loss_kld_dn_1: 1.3340 (1.3595)  loss_kld_dn_2: 1.3245 (1.3537)  loss_kld_enc_0: 1.7331 (1.7872)  loss_l1: 1.4251 (1.4414)  loss_l1_aux_0: 1.4276 (1.4426)  loss_l1_aux_1: 1.4256 (1.4416)  loss_l1_dn_0: 0.1274 (0.1288)  loss_l1_dn_1: 0.1220 (0.1245)  loss_l1_dn_2: 0.1202 (0.1231)  loss_l1_enc_0: 1.4366 (1.4489)  time: 2.0514  data: 0.0659  max mem: 56004
Epoch: [14] Total time: 0:05:55 (2.1694 s / it)
Test:  [ 0/43]  eta: 0:03:17    time: 4.5842  data: 3.9303  max mem: 56004
Test:  [10/43]  eta: 0:00:29    time: 0.8950  data: 0.5484  max mem: 56004
Test:  [20/43]  eta: 0:00:17    time: 0.5763  data: 0.2564  max mem: 56004
Test:  [30/43]  eta: 0:00:09    time: 0.6088  data: 0.2827  max mem: 56004
Test:  [40/43]  eta: 0:00:02    time: 0.6072  data: 0.2809  max mem: 56004
Test:  [42/43]  eta: 0:00:00    time: 0.5856  data: 0.2716  max mem: 56004
Test: Total time: 0:00:29 (0.6762 s / it)
Averaged stats:
Offline DOTA results saved at /workspace/RT-DETR-OBB/outputs/rtdetrv2_obb_hgnetv2_n_dota_1_ss/dota_results/epoch_14.zip
best_stat: {'epoch': 14, 'mAP': 14.0}
Epoch: [15]  [  0/164]  eta: 0:33:31  lr: 0.000020  loss: 19.5186 (19.5186)  loss_focal: 0.4190 (0.4190)  loss_focal_aux_0: 0.3907 (0.3907)  loss_focal_aux_1: 0.4155 (0.4155)  loss_focal_dn_0: 0.1746 (0.1746)  loss_focal_dn_1: 0.1720 (0.1720)  loss_focal_dn_2: 0.1732 (0.1732)  loss_focal_enc_0: 0.3796 (0.3796)  loss_kld: 1.7341 (1.7341)  loss_kld_aux_0: 1.7418 (1.7418)  loss_kld_aux_1: 1.7348 (1.7348)  loss_kld_dn_0: 1.3600 (1.3600)  loss_kld_dn_1: 1.3327 (1.3327)  loss_kld_dn_2: 1.3296 (1.3296)  loss_kld_enc_0: 1.8138 (1.8138)  loss_l1: 1.4872 (1.4872)  loss_l1_aux_0: 1.4879 (1.4879)  loss_l1_aux_1: 1.4874 (1.4874)  loss_l1_dn_0: 0.1339 (0.1339)  loss_l1_dn_1: 0.1293 (0.1293)  loss_l1_dn_2: 0.1276 (0.1276)  loss_l1_enc_0: 1.4939 (1.4939)  time: 12.2629  data: 10.1145  max mem: 56004
Epoch: [15]  [100/164]  eta: 0:02:18  lr: 0.000020  loss: 18.9525 (19.0032)  loss_focal: 0.3430 (0.3717)  loss_focal_aux_0: 0.3377 (0.3598)  loss_focal_aux_1: 0.3404 (0.3660)  loss_focal_dn_0: 0.1677 (0.1718)  loss_focal_dn_1: 0.1590 (0.1651)  loss_focal_dn_2: 0.1613 (0.1672)  loss_focal_enc_0: 0.3351 (0.3547)  loss_kld: 1.6981 (1.6944)  loss_kld_aux_0: 1.6991 (1.6999)  loss_kld_aux_1: 1.6968 (1.6946)  loss_kld_dn_0: 1.3667 (1.3786)  loss_kld_dn_1: 1.3414 (1.3471)  loss_kld_dn_2: 1.3307 (1.3397)  loss_kld_enc_0: 1.7438 (1.7443)  loss_l1: 1.4412 (1.4398)  loss_l1_aux_0: 1.4424 (1.4423)  loss_l1_aux_1: 1.4415 (1.4403)  loss_l1_dn_0: 0.1236 (0.1292)  loss_l1_dn_1: 0.1202 (0.1249)  loss_l1_dn_2: 0.1184 (0.1235)  loss_l1_enc_0: 1.4471 (1.4485)  time: 1.9899  data: 0.0604  max mem: 56004
Epoch: [15]  [163/164]  eta: 0:00:02  lr: 0.000020  loss: 18.7236 (18.9364)  loss_focal: 0.3377 (0.3636)  loss_focal_aux_0: 0.3250 (0.3518)  loss_focal_aux_1: 0.3339 (0.3580)  loss_focal_dn_0: 0.1632 (0.1701)  loss_focal_dn_1: 0.1572 (0.1636)  loss_focal_dn_2: 0.1586 (0.1655)  loss_focal_enc_0: 0.3093 (0.3465)  loss_kld: 1.7023 (1.6964)  loss_kld_aux_0: 1.7126 (1.7028)  loss_kld_aux_1: 1.7060 (1.6969)  loss_kld_dn_0: 1.3640 (1.3729)  loss_kld_dn_1: 1.3306 (1.3413)  loss_kld_dn_2: 1.3251 (1.3341)  loss_kld_enc_0: 1.7539 (1.7464)  loss_l1: 1.3991 (1.4357)  loss_l1_aux_0: 1.4058 (1.4394)  loss_l1_aux_1: 1.4007 (1.4364)  loss_l1_dn_0: 0.1199 (0.1264)  loss_l1_dn_1: 0.1161 (0.1221)  loss_l1_dn_2: 0.1154 (0.1208)  loss_l1_enc_0: 1.4126 (1.4455)  time: 2.2109  data: 0.0581  max mem: 56004
Epoch: [15] Total time: 0:05:56 (2.1736 s / it)
Test:  [ 0/43]  eta: 0:03:24    time: 4.7543  data: 4.1112  max mem: 56004
Test:  [10/43]  eta: 0:00:30    time: 0.9212  data: 0.5736  max mem: 56004
Test:  [20/43]  eta: 0:00:17    time: 0.5496  data: 0.2309  max mem: 56004
Test:  [30/43]  eta: 0:00:08    time: 0.5508  data: 0.2398  max mem: 56004
Test:  [40/43]  eta: 0:00:01    time: 0.5628  data: 0.2634  max mem: 56004
Test:  [42/43]  eta: 0:00:00    time: 0.5320  data: 0.2447  max mem: 56004
Test: Total time: 0:00:27 (0.6505 s / it)
Averaged stats:
Offline DOTA results saved at /workspace/RT-DETR-OBB/outputs/rtdetrv2_obb_hgnetv2_n_dota_1_ss/dota_results/epoch_15.zip
best_stat: {'epoch': 15, 'mAP': 15.0}
Epoch: [16]  [  0/164]  eta: 0:37:55  lr: 0.000020  loss: 18.5553 (18.5553)  loss_focal: 0.2321 (0.2321)  loss_focal_aux_0: 0.2299 (0.2299)  loss_focal_aux_1: 0.2279 (0.2279)  loss_focal_dn_0: 0.1583 (0.1583)  loss_focal_dn_1: 0.1510 (0.1510)  loss_focal_dn_2: 0.1513 (0.1513)  loss_focal_enc_0: 0.2429 (0.2429)  loss_kld: 1.7749 (1.7749)  loss_kld_aux_0: 1.7853 (1.7853)  loss_kld_aux_1: 1.7762 (1.7762)  loss_kld_dn_0: 1.3948 (1.3948)  loss_kld_dn_1: 1.3681 (1.3681)  loss_kld_dn_2: 1.3623 (1.3623)  loss_kld_enc_0: 1.8258 (1.8258)  loss_l1: 1.3762 (1.3762)  loss_l1_aux_0: 1.3918 (1.3918)  loss_l1_aux_1: 1.3796 (1.3796)  loss_l1_dn_0: 0.1114 (0.1114)  loss_l1_dn_1: 0.1087 (0.1087)  loss_l1_dn_2: 0.1075 (0.1075)  loss_l1_enc_0: 1.3993 (1.3993)  time: 13.8766  data: 9.4280  max mem: 56004
Epoch: [16]  [100/164]  eta: 0:02:23  lr: 0.000020  loss: 18.2451 (18.5024)  loss_focal: 0.3501 (0.3480)  loss_focal_aux_0: 0.3447 (0.3369)  loss_focal_aux_1: 0.3474 (0.3419)  loss_focal_dn_0: 0.1640 (0.1636)  loss_focal_dn_1: 0.1547 (0.1553)  loss_focal_dn_2: 0.1564 (0.1553)  loss_focal_enc_0: 0.3449 (0.3314)  loss_kld: 1.6286 (1.6534)  loss_kld_aux_0: 1.6440 (1.6655)  loss_kld_aux_1: 1.6299 (1.6545)  loss_kld_dn_0: 1.3449 (1.3544)  loss_kld_dn_1: 1.3157 (1.3213)  loss_kld_dn_2: 1.3104 (1.3129)  loss_kld_enc_0: 1.6902 (1.7102)  loss_l1: 1.3421 (1.3929)  loss_l1_aux_0: 1.3754 (1.4175)  loss_l1_aux_1: 1.3568 (1.3987)  loss_l1_dn_0: 0.1219 (0.1239)  loss_l1_dn_1: 0.1201 (0.1203)  loss_l1_dn_2: 0.1193 (0.1192)  loss_l1_enc_0: 1.3850 (1.4252)  time: 2.1712  data: 0.0569  max mem: 56004
Epoch: [16]  [163/164]  eta: 0:00:02  lr: 0.000020  loss: 18.0076 (18.3629)  loss_focal: 0.3522 (0.3480)  loss_focal_aux_0: 0.3460 (0.3379)  loss_focal_aux_1: 0.3539 (0.3436)  loss_focal_dn_0: 0.1642 (0.1633)  loss_focal_dn_1: 0.1559 (0.1554)  loss_focal_dn_2: 0.1544 (0.1549)  loss_focal_enc_0: 0.3454 (0.3329)  loss_kld: 1.6155 (1.6448)  loss_kld_aux_0: 1.6440 (1.6605)  loss_kld_aux_1: 1.6147 (1.6447)  loss_kld_dn_0: 1.3517 (1.3504)  loss_kld_dn_1: 1.3262 (1.3172)  loss_kld_dn_2: 1.3194 (1.3085)  loss_kld_enc_0: 1.6932 (1.7054)  loss_l1: 1.2039 (1.3472)  loss_l1_aux_0: 1.3776 (1.4086)  loss_l1_aux_1: 1.2263 (1.3567)  loss_l1_dn_0: 0.1273 (0.1244)  loss_l1_dn_1: 0.1234 (0.1211)  loss_l1_dn_2: 0.1210 (0.1198)  loss_l1_enc_0: 1.3925 (1.4176)  time: 2.0063  data: 0.0496  max mem: 56004
Epoch: [16] Total time: 0:05:58 (2.1830 s / it)
Test:  [ 0/43]  eta: 0:03:31    time: 4.9220  data: 4.2468  max mem: 56004
Test:  [10/43]  eta: 0:00:32    time: 0.9800  data: 0.6324  max mem: 56004
Test:  [20/43]  eta: 0:00:18    time: 0.6209  data: 0.2986  max mem: 56004
Test:  [30/43]  eta: 0:00:09    time: 0.5910  data: 0.2651  max mem: 56004
Test:  [40/43]  eta: 0:00:02    time: 0.5704  data: 0.2497  max mem: 56004
Test:  [42/43]  eta: 0:00:00    time: 0.5623  data: 0.2531  max mem: 56004
Test: Total time: 0:00:29 (0.6919 s / it)
Averaged stats:
Offline DOTA results saved at /workspace/RT-DETR-OBB/outputs/rtdetrv2_obb_hgnetv2_n_dota_1_ss/dota_results/epoch_16.zip
best_stat: {'epoch': 16, 'mAP': 16.0}
Epoch: [17]  [  0/164]  eta: 0:34:33  lr: 0.000020  loss: 17.5624 (17.5624)  loss_focal: 0.3152 (0.3152)  loss_focal_aux_0: 0.3068 (0.3068)  loss_focal_aux_1: 0.3139 (0.3139)  loss_focal_dn_0: 0.1598 (0.1598)  loss_focal_dn_1: 0.1535 (0.1535)  loss_focal_dn_2: 0.1542 (0.1542)  loss_focal_enc_0: 0.3044 (0.3044)  loss_kld: 1.5275 (1.5275)  loss_kld_aux_0: 1.5497 (1.5497)  loss_kld_aux_1: 1.5258 (1.5258)  loss_kld_dn_0: 1.3150 (1.3150)  loss_kld_dn_1: 1.2814 (1.2814)  loss_kld_dn_2: 1.2696 (1.2696)  loss_kld_enc_0: 1.6235 (1.6235)  loss_l1: 1.2468 (1.2468)  loss_l1_aux_0: 1.4201 (1.4201)  loss_l1_aux_1: 1.2622 (1.2622)  loss_l1_dn_0: 0.1356 (0.1356)  loss_l1_dn_1: 0.1339 (0.1339)  loss_l1_dn_2: 0.1335 (0.1335)  loss_l1_enc_0: 1.4300 (1.4300)  time: 12.6434  data: 9.4856  max mem: 56004
Epoch: [17]  [100/164]  eta: 0:02:23  lr: 0.000020  loss: 16.8486 (17.2737)  loss_focal: 0.3513 (0.3571)  loss_focal_aux_0: 0.3419 (0.3464)  loss_focal_aux_1: 0.3600 (0.3635)  loss_focal_dn_0: 0.1631 (0.1622)  loss_focal_dn_1: 0.1593 (0.1589)  loss_focal_dn_2: 0.1583 (0.1561)  loss_focal_enc_0: 0.3433 (0.3444)  loss_kld: 1.6521 (1.5938)  loss_kld_aux_0: 1.6925 (1.6305)  loss_kld_aux_1: 1.6564 (1.5974)  loss_kld_dn_0: 1.3511 (1.3358)  loss_kld_dn_1: 1.3290 (1.3047)  loss_kld_dn_2: 1.3163 (1.2935)  loss_kld_enc_0: 1.7612 (1.6878)  loss_l1: 0.9102 (1.0326)  loss_l1_aux_0: 1.0602 (1.2405)  loss_l1_aux_1: 0.9148 (1.0457)  loss_l1_dn_0: 0.1192 (0.1242)  loss_l1_dn_1: 0.1166 (0.1212)  loss_l1_dn_2: 0.1159 (0.1198)  loss_l1_enc_0: 1.0781 (1.2576)  time: 2.3116  data: 0.0754  max mem: 56004
Epoch: [17]  [163/164]  eta: 0:00:02  lr: 0.000020  loss: 16.2395 (16.9777)  loss_focal: 0.3304 (0.3544)  loss_focal_aux_0: 0.3254 (0.3464)  loss_focal_aux_1: 0.3289 (0.3594)  loss_focal_dn_0: 0.1638 (0.1625)  loss_focal_dn_1: 0.1574 (0.1584)  loss_focal_dn_2: 0.1565 (0.1556)  loss_focal_enc_0: 0.3415 (0.3477)  loss_kld: 1.5881 (1.5840)  loss_kld_aux_0: 1.6325 (1.6211)  loss_kld_aux_1: 1.5902 (1.5874)  loss_kld_dn_0: 1.3446 (1.3418)  loss_kld_dn_1: 1.3207 (1.3109)  loss_kld_dn_2: 1.3125 (1.2997)  loss_kld_enc_0: 1.7001 (1.6819)  loss_l1: 0.8862 (0.9879)  loss_l1_aux_0: 0.9519 (1.1497)  loss_l1_aux_1: 0.8900 (0.9971)  loss_l1_dn_0: 0.1253 (0.1250)  loss_l1_dn_1: 0.1218 (0.1216)  loss_l1_dn_2: 0.1208 (0.1201)  loss_l1_enc_0: 0.9630 (1.1652)  time: 2.1741  data: 0.0531  max mem: 56004
Epoch: [17] Total time: 0:06:05 (2.2292 s / it)
Test:  [ 0/43]  eta: 0:03:09    time: 4.3962  data: 3.7708  max mem: 56004
Test:  [10/43]  eta: 0:00:29    time: 0.9030  data: 0.5654  max mem: 56004
Test:  [20/43]  eta: 0:00:17    time: 0.5789  data: 0.2636  max mem: 56004
Test:  [30/43]  eta: 0:00:09    time: 0.6345  data: 0.3125  max mem: 56004
Test:  [40/43]  eta: 0:00:02    time: 0.6986  data: 0.3777  max mem: 56004
Test:  [42/43]  eta: 0:00:00    time: 0.6843  data: 0.3744  max mem: 56004
Test: Total time: 0:00:30 (0.7190 s / it)
Averaged stats:
Offline DOTA results saved at /workspace/RT-DETR-OBB/outputs/rtdetrv2_obb_hgnetv2_n_dota_1_ss/dota_results/epoch_17.zip
best_stat: {'epoch': 17, 'mAP': 17.0}
Epoch: [18]  [  0/164]  eta: 0:30:54  lr: 0.000020  loss: 16.4089 (16.4089)  loss_focal: 0.3424 (0.3424)  loss_focal_aux_0: 0.3415 (0.3415)  loss_focal_aux_1: 0.3441 (0.3441)  loss_focal_dn_0: 0.1579 (0.1579)  loss_focal_dn_1: 0.1529 (0.1529)  loss_focal_dn_2: 0.1490 (0.1490)  loss_focal_enc_0: 0.3430 (0.3430)  loss_kld: 1.6386 (1.6386)  loss_kld_aux_0: 1.6529 (1.6529)  loss_kld_aux_1: 1.6385 (1.6385)  loss_kld_dn_0: 1.3152 (1.3152)  loss_kld_dn_1: 1.2910 (1.2910)  loss_kld_dn_2: 1.2839 (1.2839)  loss_kld_enc_0: 1.6936 (1.6936)  loss_l1: 0.9057 (0.9057)  loss_l1_aux_0: 0.9536 (0.9536)  loss_l1_aux_1: 0.9076 (0.9076)  loss_l1_dn_0: 0.1145 (0.1145)  loss_l1_dn_1: 0.1110 (0.1110)  loss_l1_dn_2: 0.1090 (0.1090)  loss_l1_enc_0: 0.9630 (0.9630)  time: 11.3087  data: 8.0073  max mem: 56004
Epoch: [18]  [100/164]  eta: 0:02:21  lr: 0.000020  loss: 15.8942 (15.9016)  loss_focal: 0.3535 (0.3513)  loss_focal_aux_0: 0.3423 (0.3458)  loss_focal_aux_1: 0.3504 (0.3518)  loss_focal_dn_0: 0.1581 (0.1591)  loss_focal_dn_1: 0.1505 (0.1521)  loss_focal_dn_2: 0.1477 (0.1495)  loss_focal_enc_0: 0.3434 (0.3508)  loss_kld: 1.5436 (1.5267)  loss_kld_aux_0: 1.5659 (1.5537)  loss_kld_aux_1: 1.5446 (1.5285)  loss_kld_dn_0: 1.3351 (1.3345)  loss_kld_dn_1: 1.2972 (1.3008)  loss_kld_dn_2: 1.2870 (1.2889)  loss_kld_enc_0: 1.6279 (1.6188)  loss_l1: 0.8873 (0.8566)  loss_l1_aux_0: 0.9271 (0.9028)  loss_l1_aux_1: 0.8889 (0.8582)  loss_l1_dn_0: 0.1230 (0.1230)  loss_l1_dn_1: 0.1177 (0.1186)  loss_l1_dn_2: 0.1155 (0.1166)  loss_l1_enc_0: 0.9390 (0.9135)  time: 2.0434  data: 0.0512  max mem: 56004
Epoch: [18]  [163/164]  eta: 0:00:02  lr: 0.000020  loss: 15.5300 (15.8603)  loss_focal: 0.3371 (0.3432)  loss_focal_aux_0: 0.3335 (0.3384)  loss_focal_aux_1: 0.3385 (0.3432)  loss_focal_dn_0: 0.1575 (0.1592)  loss_focal_dn_1: 0.1494 (0.1518)  loss_focal_dn_2: 0.1476 (0.1494)  loss_focal_enc_0: 0.3363 (0.3436)  loss_kld: 1.5259 (1.5300)  loss_kld_aux_0: 1.5525 (1.5560)  loss_kld_aux_1: 1.5269 (1.5318)  loss_kld_dn_0: 1.3358 (1.3389)  loss_kld_dn_1: 1.3095 (1.3053)  loss_kld_dn_2: 1.2978 (1.2938)  loss_kld_enc_0: 1.6269 (1.6207)  loss_l1: 0.8023 (0.8522)  loss_l1_aux_0: 0.8443 (0.8930)  loss_l1_aux_1: 0.8026 (0.8535)  loss_l1_dn_0: 0.1229 (0.1213)  loss_l1_dn_1: 0.1182 (0.1168)  loss_l1_dn_2: 0.1165 (0.1150)  loss_l1_enc_0: 0.8571 (0.9032)  time: 2.1907  data: 0.0514  max mem: 56004
Epoch: [18] Total time: 0:06:02 (2.2098 s / it)
Test:  [ 0/43]  eta: 0:03:24    time: 4.7523  data: 4.1159  max mem: 56004
Test:  [10/43]  eta: 0:00:31    time: 0.9597  data: 0.6128  max mem: 56004
Test:  [20/43]  eta: 0:00:18    time: 0.6015  data: 0.2830  max mem: 56004
Test:  [30/43]  eta: 0:00:09    time: 0.6229  data: 0.2991  max mem: 56004
Test:  [40/43]  eta: 0:00:02    time: 0.6128  data: 0.2913  max mem: 56004
Test:  [42/43]  eta: 0:00:00    time: 0.5706  data: 0.2611  max mem: 56004
Test: Total time: 0:00:29 (0.6962 s / it)
Averaged stats:
Offline DOTA results saved at /workspace/RT-DETR-OBB/outputs/rtdetrv2_obb_hgnetv2_n_dota_1_ss/dota_results/epoch_18.zip
best_stat: {'epoch': 18, 'mAP': 18.0}
Epoch: [19]  [  0/164]  eta: 0:32:57  lr: 0.000020  loss: 16.3057 (16.3057)  loss_focal: 0.3657 (0.3657)  loss_focal_aux_0: 0.3542 (0.3542)  loss_focal_aux_1: 0.3673 (0.3673)  loss_focal_dn_0: 0.1689 (0.1689)  loss_focal_dn_1: 0.1621 (0.1621)  loss_focal_dn_2: 0.1622 (0.1622)  loss_focal_enc_0: 0.3601 (0.3601)  loss_kld: 1.4795 (1.4795)  loss_kld_aux_0: 1.5184 (1.5184)  loss_kld_aux_1: 1.4847 (1.4847)  loss_kld_dn_0: 1.3253 (1.3253)  loss_kld_dn_1: 1.2826 (1.2826)  loss_kld_dn_2: 1.2642 (1.2642)  loss_kld_enc_0: 1.5833 (1.5833)  loss_l1: 0.9724 (0.9724)  loss_l1_aux_0: 1.0090 (1.0090)  loss_l1_aux_1: 0.9736 (0.9736)  loss_l1_dn_0: 0.1557 (0.1557)  loss_l1_dn_1: 0.1498 (0.1498)  loss_l1_dn_2: 0.1475 (0.1475)  loss_l1_enc_0: 1.0192 (1.0192)  time: 12.0563  data: 7.5041  max mem: 56004
Epoch: [19]  [100/164]  eta: 0:02:19  lr: 0.000020  loss: 15.0116 (15.2392)  loss_focal: 0.3243 (0.3476)  loss_focal_aux_0: 0.3152 (0.3430)  loss_focal_aux_1: 0.3174 (0.3465)  loss_focal_dn_0: 0.1549 (0.1570)  loss_focal_dn_1: 0.1472 (0.1477)  loss_focal_dn_2: 0.1443 (0.1454)  loss_focal_enc_0: 0.3186 (0.3479)  loss_kld: 1.4622 (1.4468)  loss_kld_aux_0: 1.4867 (1.4707)  loss_kld_aux_1: 1.4639 (1.4490)  loss_kld_dn_0: 1.2999 (1.3203)  loss_kld_dn_1: 1.2605 (1.2817)  loss_kld_dn_2: 1.2451 (1.2687)  loss_kld_enc_0: 1.5300 (1.5352)  loss_l1: 0.7616 (0.8025)  loss_l1_aux_0: 0.7875 (0.8319)  loss_l1_aux_1: 0.7615 (0.8034)  loss_l1_dn_0: 0.1197 (0.1220)  loss_l1_dn_1: 0.1141 (0.1165)  loss_l1_dn_2: 0.1113 (0.1144)  loss_l1_enc_0: 0.7962 (0.8412)  time: 2.1764  data: 0.0615  max mem: 56004
Epoch: [19]  [163/164]  eta: 0:00:02  lr: 0.000020  loss: 14.7925 (15.1497)  loss_focal: 0.3322 (0.3429)  loss_focal_aux_0: 0.3279 (0.3381)  loss_focal_aux_1: 0.3305 (0.3413)  loss_focal_dn_0: 0.1524 (0.1556)  loss_focal_dn_1: 0.1421 (0.1462)  loss_focal_dn_2: 0.1388 (0.1437)  loss_focal_enc_0: 0.3300 (0.3422)  loss_kld: 1.4209 (1.4407)  loss_kld_aux_0: 1.4404 (1.4641)  loss_kld_aux_1: 1.4248 (1.4428)  loss_kld_dn_0: 1.3262 (1.3190)  loss_kld_dn_1: 1.2824 (1.2801)  loss_kld_dn_2: 1.2677 (1.2671)  loss_kld_enc_0: 1.4939 (1.5288)  loss_l1: 0.7650 (0.7952)  loss_l1_aux_0: 0.8001 (0.8227)  loss_l1_aux_1: 0.7658 (0.7960)  loss_l1_dn_0: 0.1201 (0.1215)  loss_l1_dn_1: 0.1146 (0.1160)  loss_l1_dn_2: 0.1125 (0.1138)  loss_l1_enc_0: 0.8078 (0.8320)  time: 2.0468  data: 0.0578  max mem: 56004
Epoch: [19] Total time: 0:05:54 (2.1606 s / it)
Test:  [ 0/43]  eta: 0:03:21    time: 4.6972  data: 4.0645  max mem: 56004
Test:  [10/43]  eta: 0:00:29    time: 0.9058  data: 0.5548  max mem: 56004
Test:  [20/43]  eta: 0:00:17    time: 0.5632  data: 0.2418  max mem: 56004
Test:  [30/43]  eta: 0:00:09    time: 0.5950  data: 0.2668  max mem: 56004
Test:  [40/43]  eta: 0:00:02    time: 0.6043  data: 0.2731  max mem: 56004
Test:  [42/43]  eta: 0:00:00    time: 0.5795  data: 0.2619  max mem: 56004
Test: Total time: 0:00:29 (0.6764 s / it)
Averaged stats:
Offline DOTA results saved at /workspace/RT-DETR-OBB/outputs/rtdetrv2_obb_hgnetv2_n_dota_1_ss/dota_results/epoch_19.zip
best_stat: {'epoch': 19, 'mAP': 19.0}
Epoch: [20]  [  0/164]  eta: 0:33:46  lr: 0.000020  loss: 14.3995 (14.3995)  loss_focal: 0.2923 (0.2923)  loss_focal_aux_0: 0.2852 (0.2852)  loss_focal_aux_1: 0.2904 (0.2904)  loss_focal_dn_0: 0.1414 (0.1414)  loss_focal_dn_1: 0.1321 (0.1321)  loss_focal_dn_2: 0.1287 (0.1287)  loss_focal_enc_0: 0.2902 (0.2902)  loss_kld: 1.3956 (1.3956)  loss_kld_aux_0: 1.4170 (1.4170)  loss_kld_aux_1: 1.3969 (1.3969)  loss_kld_dn_0: 1.3020 (1.3020)  loss_kld_dn_1: 1.2671 (1.2671)  loss_kld_dn_2: 1.2566 (1.2566)  loss_kld_enc_0: 1.4678 (1.4678)  loss_l1: 0.7406 (0.7406)  loss_l1_aux_0: 0.7575 (0.7575)  loss_l1_aux_1: 0.7411 (0.7411)  loss_l1_dn_0: 0.1143 (0.1143)  loss_l1_dn_1: 0.1094 (0.1094)  loss_l1_dn_2: 0.1084 (0.1084)  loss_l1_enc_0: 0.7649 (0.7649)  time: 12.3571  data: 10.1452  max mem: 56004
Epoch: [20]  [100/164]  eta: 0:02:22  lr: 0.000020  loss: 15.1166 (15.0199)  loss_focal: 0.3498 (0.3430)  loss_focal_aux_0: 0.3363 (0.3378)  loss_focal_aux_1: 0.3468 (0.3414)  loss_focal_dn_0: 0.1526 (0.1534)  loss_focal_dn_1: 0.1438 (0.1439)  loss_focal_dn_2: 0.1419 (0.1416)  loss_focal_enc_0: 0.3448 (0.3392)  loss_kld: 1.4179 (1.4237)  loss_kld_aux_0: 1.4272 (1.4457)  loss_kld_aux_1: 1.4175 (1.4256)  loss_kld_dn_0: 1.2946 (1.3161)  loss_kld_dn_1: 1.2481 (1.2750)  loss_kld_dn_2: 1.2327 (1.2621)  loss_kld_enc_0: 1.4789 (1.5027)  loss_l1: 0.8374 (0.7931)  loss_l1_aux_0: 0.8455 (0.8128)  loss_l1_aux_1: 0.8379 (0.7936)  loss_l1_dn_0: 0.1209 (0.1206)  loss_l1_dn_1: 0.1146 (0.1149)  loss_l1_dn_2: 0.1116 (0.1127)  loss_l1_enc_0: 0.8540 (0.8211)  time: 2.1109  data: 0.0500  max mem: 56004
Epoch: [20]  [163/164]  eta: 0:00:02  lr: 0.000020  loss: 14.4358 (14.9820)  loss_focal: 0.3358 (0.3441)  loss_focal_aux_0: 0.3240 (0.3379)  loss_focal_aux_1: 0.3274 (0.3416)  loss_focal_dn_0: 0.1485 (0.1531)  loss_focal_dn_1: 0.1385 (0.1435)  loss_focal_dn_2: 0.1363 (0.1415)  loss_focal_enc_0: 0.3297 (0.3394)  loss_kld: 1.4126 (1.4203)  loss_kld_aux_0: 1.4302 (1.4412)  loss_kld_aux_1: 1.4130 (1.4221)  loss_kld_dn_0: 1.3082 (1.3125)  loss_kld_dn_1: 1.2591 (1.2707)  loss_kld_dn_2: 1.2405 (1.2578)  loss_kld_enc_0: 1.4765 (1.4958)  loss_l1: 0.7399 (0.7930)  loss_l1_aux_0: 0.7556 (0.8104)  loss_l1_aux_1: 0.7401 (0.7935)  loss_l1_dn_0: 0.1189 (0.1198)  loss_l1_dn_1: 0.1130 (0.1139)  loss_l1_dn_2: 0.1110 (0.1117)  loss_l1_enc_0: 0.7631 (0.8185)  time: 2.1591  data: 0.0549  max mem: 56004
Epoch: [20] Total time: 0:05:58 (2.1847 s / it)
Test:  [ 0/43]  eta: 0:03:19    time: 4.6489  data: 4.0447  max mem: 56004
Test:  [10/43]  eta: 0:00:28    time: 0.8788  data: 0.5500  max mem: 56004
Test:  [20/43]  eta: 0:00:17    time: 0.5527  data: 0.2501  max mem: 56004
Test:  [30/43]  eta: 0:00:08    time: 0.5794  data: 0.2734  max mem: 56004
Test:  [40/43]  eta: 0:00:02    time: 0.5921  data: 0.2838  max mem: 56004
Test:  [42/43]  eta: 0:00:00    time: 0.5787  data: 0.2812  max mem: 56004
Test: Total time: 0:00:28 (0.6617 s / it)
Averaged stats:
Offline DOTA results saved at /workspace/RT-DETR-OBB/outputs/rtdetrv2_obb_hgnetv2_n_dota_1_ss/dota_results/epoch_20.zip
best_stat: {'epoch': 20, 'mAP': 20.0}
Epoch: [21]  [  0/164]  eta: 0:34:37  lr: 0.000020  loss: 12.9011 (12.9011)  loss_focal: 0.2931 (0.2931)  loss_focal_aux_0: 0.2869 (0.2869)  loss_focal_aux_1: 0.2871 (0.2871)  loss_focal_dn_0: 0.1246 (0.1246)  loss_focal_dn_1: 0.1123 (0.1123)  loss_focal_dn_2: 0.1091 (0.1091)  loss_focal_enc_0: 0.2858 (0.2858)  loss_kld: 1.1944 (1.1944)  loss_kld_aux_0: 1.2052 (1.2052)  loss_kld_aux_1: 1.1923 (1.1923)  loss_kld_dn_0: 1.2235 (1.2235)  loss_kld_dn_1: 1.1745 (1.1745)  loss_kld_dn_2: 1.1696 (1.1696)  loss_kld_enc_0: 1.2478 (1.2478)  loss_l1: 0.6638 (0.6638)  loss_l1_aux_0: 0.6700 (0.6700)  loss_l1_aux_1: 0.6631 (0.6631)  loss_l1_dn_0: 0.1102 (0.1102)  loss_l1_dn_1: 0.1053 (0.1053)  loss_l1_dn_2: 0.1061 (0.1061)  loss_l1_enc_0: 0.6764 (0.6764)  time: 12.6659  data: 10.6767  max mem: 56004
Epoch: [21]  [100/164]  eta: 0:02:20  lr: 0.000020  loss: 14.4998 (14.6130)  loss_focal: 0.3336 (0.3418)  loss_focal_aux_0: 0.3292 (0.3356)  loss_focal_aux_1: 0.3310 (0.3390)  loss_focal_dn_0: 0.1523 (0.1513)  loss_focal_dn_1: 0.1391 (0.1406)  loss_focal_dn_2: 0.1373 (0.1384)  loss_focal_enc_0: 0.3321 (0.3381)  loss_kld: 1.3785 (1.3744)  loss_kld_aux_0: 1.4023 (1.3954)  loss_kld_aux_1: 1.3819 (1.3764)  loss_kld_dn_0: 1.2974 (1.3060)  loss_kld_dn_1: 1.2568 (1.2602)  loss_kld_dn_2: 1.2425 (1.2464)  loss_kld_enc_0: 1.4517 (1.4528)  loss_l1: 0.7452 (0.7586)  loss_l1_aux_0: 0.7611 (0.7740)  loss_l1_aux_1: 0.7458 (0.7591)  loss_l1_dn_0: 0.1197 (0.1193)  loss_l1_dn_1: 0.1119 (0.1128)  loss_l1_dn_2: 0.1090 (0.1105)  loss_l1_enc_0: 0.7701 (0.7825)  time: 2.0646  data: 0.0663  max mem: 56004
Epoch: [21]  [163/164]  eta: 0:00:02  lr: 0.000020  loss: 14.0284 (14.5382)  loss_focal: 0.3078 (0.3332)  loss_focal_aux_0: 0.3030 (0.3278)  loss_focal_aux_1: 0.3071 (0.3304)  loss_focal_dn_0: 0.1456 (0.1503)  loss_focal_dn_1: 0.1346 (0.1399)  loss_focal_dn_2: 0.1321 (0.1375)  loss_focal_enc_0: 0.3030 (0.3307)  loss_kld: 1.3388 (1.3751)  loss_kld_aux_0: 1.3595 (1.3958)  loss_kld_aux_1: 1.3417 (1.3770)  loss_kld_dn_0: 1.2974 (1.3074)  loss_kld_dn_1: 1.2588 (1.2617)  loss_kld_dn_2: 1.2474 (1.2481)  loss_kld_enc_0: 1.4136 (1.4517)  loss_l1: 0.7088 (0.7493)  loss_l1_aux_0: 0.7186 (0.7639)  loss_l1_aux_1: 0.7092 (0.7497)  loss_l1_dn_0: 0.1113 (0.1172)  loss_l1_dn_1: 0.1055 (0.1107)  loss_l1_dn_2: 0.1035 (0.1085)  loss_l1_enc_0: 0.7249 (0.7722)  time: 2.1269  data: 0.0543  max mem: 56004
Epoch: [21] Total time: 0:06:01 (2.2038 s / it)
Test:  [ 0/43]  eta: 0:02:53    time: 4.0426  data: 3.4407  max mem: 56004
Test:  [10/43]  eta: 0:00:29    time: 0.9033  data: 0.5782  max mem: 56004
Test:  [20/43]  eta: 0:00:16    time: 0.5619  data: 0.2638  max mem: 56004
Test:  [30/43]  eta: 0:00:08    time: 0.5626  data: 0.2615  max mem: 56004
Test:  [40/43]  eta: 0:00:01    time: 0.5798  data: 0.2778  max mem: 56004
Test:  [42/43]  eta: 0:00:00    time: 0.5550  data: 0.2633  max mem: 56004
Test: Total time: 0:00:28 (0.6531 s / it)
Averaged stats:
Offline DOTA results saved at /workspace/RT-DETR-OBB/outputs/rtdetrv2_obb_hgnetv2_n_dota_1_ss/dota_results/epoch_21.zip
best_stat: {'epoch': 21, 'mAP': 21.0}
Epoch: [22]  [  0/164]  eta: 0:31:44  lr: 0.000020  loss: 12.6060 (12.6060)  loss_focal: 0.2680 (0.2680)  loss_focal_aux_0: 0.2644 (0.2644)  loss_focal_aux_1: 0.2653 (0.2653)  loss_focal_dn_0: 0.1274 (0.1274)  loss_focal_dn_1: 0.1159 (0.1159)  loss_focal_dn_2: 0.1102 (0.1102)  loss_focal_enc_0: 0.2689 (0.2689)  loss_kld: 1.2008 (1.2008)  loss_kld_aux_0: 1.2192 (1.2192)  loss_kld_aux_1: 1.2007 (1.2007)  loss_kld_dn_0: 1.2671 (1.2671)  loss_kld_dn_1: 1.2127 (1.2127)  loss_kld_dn_2: 1.1993 (1.1993)  loss_kld_enc_0: 1.2719 (1.2719)  loss_l1: 0.5606 (0.5606)  loss_l1_aux_0: 0.5778 (0.5778)  loss_l1_aux_1: 0.5605 (0.5605)  loss_l1_dn_0: 0.1156 (0.1156)  loss_l1_dn_1: 0.1084 (0.1084)  loss_l1_dn_2: 0.1064 (0.1064)  loss_l1_enc_0: 0.5850 (0.5850)  time: 11.6107  data: 7.9276  max mem: 56004
Epoch: [22]  [100/164]  eta: 0:02:23  lr: 0.000020  loss: 14.2811 (14.2400)  loss_focal: 0.3335 (0.3266)  loss_focal_aux_0: 0.3288 (0.3230)  loss_focal_aux_1: 0.3363 (0.3246)  loss_focal_dn_0: 0.1465 (0.1456)  loss_focal_dn_1: 0.1339 (0.1338)  loss_focal_dn_2: 0.1314 (0.1305)  loss_focal_enc_0: 0.3214 (0.3242)  loss_kld: 1.4017 (1.3423)  loss_kld_aux_0: 1.4236 (1.3634)  loss_kld_aux_1: 1.4038 (1.3445)  loss_kld_dn_0: 1.2935 (1.2886)  loss_kld_dn_1: 1.2500 (1.2386)  loss_kld_dn_2: 1.2352 (1.2243)  loss_kld_enc_0: 1.4777 (1.4216)  loss_l1: 0.7332 (0.7344)  loss_l1_aux_0: 0.7413 (0.7481)  loss_l1_aux_1: 0.7333 (0.7349)  loss_l1_dn_0: 0.1109 (0.1168)  loss_l1_dn_1: 0.1037 (0.1099)  loss_l1_dn_2: 0.1014 (0.1076)  loss_l1_enc_0: 0.7483 (0.7566)  time: 2.3205  data: 0.0783  max mem: 56004
Epoch: [22]  [163/164]  eta: 0:00:02  lr: 0.000020  loss: 14.2302 (14.3713)  loss_focal: 0.3329 (0.3329)  loss_focal_aux_0: 0.3213 (0.3271)  loss_focal_aux_1: 0.3310 (0.3302)  loss_focal_dn_0: 0.1508 (0.1468)  loss_focal_dn_1: 0.1417 (0.1359)  loss_focal_dn_2: 0.1398 (0.1332)  loss_focal_enc_0: 0.3223 (0.3271)  loss_kld: 1.3871 (1.3536)  loss_kld_aux_0: 1.4063 (1.3747)  loss_kld_aux_1: 1.3879 (1.3557)  loss_kld_dn_0: 1.2795 (1.2888)  loss_kld_dn_1: 1.2306 (1.2385)  loss_kld_dn_2: 1.2173 (1.2244)  loss_kld_enc_0: 1.4621 (1.4316)  loss_l1: 0.7370 (0.7503)  loss_l1_aux_0: 0.7457 (0.7631)  loss_l1_aux_1: 0.7366 (0.7507)  loss_l1_dn_0: 0.1157 (0.1171)  loss_l1_dn_1: 0.1070 (0.1102)  loss_l1_dn_2: 0.1033 (0.1080)  loss_l1_enc_0: 0.7537 (0.7715)  time: 2.2268  data: 0.0568  max mem: 56004
Epoch: [22] Total time: 0:06:08 (2.2472 s / it)
Test:  [ 0/43]  eta: 0:03:07    time: 4.3513  data: 3.7650  max mem: 56004
Test:  [10/43]  eta: 0:00:31    time: 0.9575  data: 0.6278  max mem: 56004
Test:  [20/43]  eta: 0:00:18    time: 0.6186  data: 0.3132  max mem: 56004
Test:  [30/43]  eta: 0:00:09    time: 0.5667  data: 0.2598  max mem: 56004
Test:  [40/43]  eta: 0:00:02    time: 0.5548  data: 0.2522  max mem: 56004
Test:  [42/43]  eta: 0:00:00    time: 0.5422  data: 0.2515  max mem: 56004
Test: Total time: 0:00:28 (0.6653 s / it)
Averaged stats:
Offline DOTA results saved at /workspace/RT-DETR-OBB/outputs/rtdetrv2_obb_hgnetv2_n_dota_1_ss/dota_results/epoch_22.zip
best_stat: {'epoch': 22, 'mAP': 22.0}
Epoch: [23]  [  0/164]  eta: 0:35:58  lr: 0.000020  loss: 14.7200 (14.7200)  loss_focal: 0.2692 (0.2692)  loss_focal_aux_0: 0.2660 (0.2660)  loss_focal_aux_1: 0.2697 (0.2697)  loss_focal_dn_0: 0.1429 (0.1429)  loss_focal_dn_1: 0.1346 (0.1346)  loss_focal_dn_2: 0.1326 (0.1326)  loss_focal_enc_0: 0.2553 (0.2553)  loss_kld: 1.4923 (1.4923)  loss_kld_aux_0: 1.5085 (1.5085)  loss_kld_aux_1: 1.4948 (1.4948)  loss_kld_dn_0: 1.3651 (1.3651)  loss_kld_dn_1: 1.3165 (1.3165)  loss_kld_dn_2: 1.3051 (1.3051)  loss_kld_enc_0: 1.5810 (1.5810)  loss_l1: 0.7140 (0.7140)  loss_l1_aux_0: 0.7253 (0.7253)  loss_l1_aux_1: 0.7145 (0.7145)  loss_l1_dn_0: 0.1037 (0.1037)  loss_l1_dn_1: 0.0980 (0.0980)  loss_l1_dn_2: 0.0965 (0.0965)  loss_l1_enc_0: 0.7344 (0.7344)  time: 13.1626  data: 9.2788  max mem: 56004
Epoch: [23]  [100/164]  eta: 0:02:22  lr: 0.000020  loss: 14.0470 (14.1567)  loss_focal: 0.3221 (0.3211)  loss_focal_aux_0: 0.3197 (0.3167)  loss_focal_aux_1: 0.3178 (0.3180)  loss_focal_dn_0: 0.1417 (0.1440)  loss_focal_dn_1: 0.1309 (0.1323)  loss_focal_dn_2: 0.1278 (0.1290)  loss_focal_enc_0: 0.3229 (0.3207)  loss_kld: 1.3329 (1.3448)  loss_kld_aux_0: 1.3488 (1.3657)  loss_kld_aux_1: 1.3350 (1.3468)  loss_kld_dn_0: 1.2725 (1.2814)  loss_kld_dn_1: 1.2301 (1.2301)  loss_kld_dn_2: 1.2159 (1.2164)  loss_kld_enc_0: 1.4038 (1.4264)  loss_l1: 0.7243 (0.7264)  loss_l1_aux_0: 0.7389 (0.7386)  loss_l1_aux_1: 0.7250 (0.7269)  loss_l1_dn_0: 0.1187 (0.1135)  loss_l1_dn_1: 0.1116 (0.1064)  loss_l1_dn_2: 0.1096 (0.1042)  loss_l1_enc_0: 0.7457 (0.7471)  time: 2.0596  data: 0.0601  max mem: 56004
Epoch: [23]  [163/164]  eta: 0:00:02  lr: 0.000020  loss: 13.7557 (14.0554)  loss_focal: 0.3067 (0.3164)  loss_focal_aux_0: 0.3027 (0.3118)  loss_focal_aux_1: 0.3049 (0.3132)  loss_focal_dn_0: 0.1389 (0.1430)  loss_focal_dn_1: 0.1254 (0.1313)  loss_focal_dn_2: 0.1225 (0.1280)  loss_focal_enc_0: 0.3054 (0.3159)  loss_kld: 1.3040 (1.3333)  loss_kld_aux_0: 1.3256 (1.3542)  loss_kld_aux_1: 1.3066 (1.3354)  loss_kld_dn_0: 1.2472 (1.2760)  loss_kld_dn_1: 1.1991 (1.2237)  loss_kld_dn_2: 1.1913 (1.2098)  loss_kld_enc_0: 1.3839 (1.4125)  loss_l1: 0.6684 (0.7239)  loss_l1_aux_0: 0.6777 (0.7354)  loss_l1_aux_1: 0.6690 (0.7244)  loss_l1_dn_0: 0.1115 (0.1134)  loss_l1_dn_1: 0.1038 (0.1061)  loss_l1_dn_2: 0.1026 (0.1040)  loss_l1_enc_0: 0.6874 (0.7439)  time: 2.0998  data: 0.0617  max mem: 56004
Epoch: [23] Total time: 0:06:02 (2.2081 s / it)
Test:  [ 0/43]  eta: 0:02:56    time: 4.0940  data: 3.5134  max mem: 56004
Test:  [10/43]  eta: 0:00:28    time: 0.8538  data: 0.5270  max mem: 56004
Test:  [20/43]  eta: 0:00:16    time: 0.5618  data: 0.2598  max mem: 56004
Test:  [30/43]  eta: 0:00:08    time: 0.5659  data: 0.2638  max mem: 56004
Test:  [40/43]  eta: 0:00:01    time: 0.5644  data: 0.2660  max mem: 56004
Test:  [42/43]  eta: 0:00:00    time: 0.5541  data: 0.2658  max mem: 56004
Test: Total time: 0:00:27 (0.6396 s / it)
Averaged stats:
Offline DOTA results saved at /workspace/RT-DETR-OBB/outputs/rtdetrv2_obb_hgnetv2_n_dota_1_ss/dota_results/epoch_23.zip
best_stat: {'epoch': 23, 'mAP': 23.0}
Epoch: [24]  [  0/164]  eta: 0:29:03  lr: 0.000020  loss: 13.9402 (13.9402)  loss_focal: 0.2924 (0.2924)  loss_focal_aux_0: 0.2902 (0.2902)  loss_focal_aux_1: 0.2897 (0.2897)  loss_focal_dn_0: 0.1362 (0.1362)  loss_focal_dn_1: 0.1258 (0.1258)  loss_focal_dn_2: 0.1226 (0.1226)  loss_focal_enc_0: 0.3013 (0.3013)  loss_kld: 1.3133 (1.3133)  loss_kld_aux_0: 1.3366 (1.3366)  loss_kld_aux_1: 1.3161 (1.3161)  loss_kld_dn_0: 1.2335 (1.2335)  loss_kld_dn_1: 1.1795 (1.1795)  loss_kld_dn_2: 1.1660 (1.1660)  loss_kld_enc_0: 1.3928 (1.3928)  loss_l1: 0.7759 (0.7759)  loss_l1_aux_0: 0.7913 (0.7913)  loss_l1_aux_1: 0.7765 (0.7765)  loss_l1_dn_0: 0.1061 (0.1061)  loss_l1_dn_1: 0.0987 (0.0987)  loss_l1_dn_2: 0.0968 (0.0968)  loss_l1_enc_0: 0.7988 (0.7988)  time: 10.6286  data: 7.9094  max mem: 56004
Epoch: [24]  [100/164]  eta: 0:02:23  lr: 0.000020  loss: 13.5875 (13.8074)  loss_focal: 0.3022 (0.3103)  loss_focal_aux_0: 0.3013 (0.3072)  loss_focal_aux_1: 0.3021 (0.3077)  loss_focal_dn_0: 0.1383 (0.1403)  loss_focal_dn_1: 0.1257 (0.1279)  loss_focal_dn_2: 0.1234 (0.1243)  loss_focal_enc_0: 0.3040 (0.3115)  loss_kld: 1.2999 (1.3000)  loss_kld_aux_0: 1.3177 (1.3204)  loss_kld_aux_1: 1.2987 (1.3020)  loss_kld_dn_0: 1.2565 (1.2640)  loss_kld_dn_1: 1.1957 (1.2082)  loss_kld_dn_2: 1.1809 (1.1946)  loss_kld_enc_0: 1.3582 (1.3741)  loss_l1: 0.6764 (0.7175)  loss_l1_aux_0: 0.6919 (0.7271)  loss_l1_aux_1: 0.6769 (0.7180)  loss_l1_dn_0: 0.1100 (0.1114)  loss_l1_dn_1: 0.1025 (0.1041)  loss_l1_dn_2: 0.0999 (0.1020)  loss_l1_enc_0: 0.6991 (0.7349)  time: 2.1861  data: 0.0469  max mem: 56004
Epoch: [24]  [163/164]  eta: 0:00:02  lr: 0.000020  loss: 13.8589 (13.9005)  loss_focal: 0.3101 (0.3138)  loss_focal_aux_0: 0.3126 (0.3107)  loss_focal_aux_1: 0.3114 (0.3111)  loss_focal_dn_0: 0.1443 (0.1411)  loss_focal_dn_1: 0.1316 (0.1286)  loss_focal_dn_2: 0.1292 (0.1250)  loss_focal_enc_0: 0.3216 (0.3151)  loss_kld: 1.2874 (1.3128)  loss_kld_aux_0: 1.3073 (1.3331)  loss_kld_aux_1: 1.2906 (1.3148)  loss_kld_dn_0: 1.2619 (1.2637)  loss_kld_dn_1: 1.2040 (1.2085)  loss_kld_dn_2: 1.1925 (1.1951)  loss_kld_enc_0: 1.3565 (1.3873)  loss_l1: 0.6777 (0.7234)  loss_l1_aux_0: 0.6825 (0.7329)  loss_l1_aux_1: 0.6780 (0.7239)  loss_l1_dn_0: 0.1075 (0.1118)  loss_l1_dn_1: 0.1009 (0.1045)  loss_l1_dn_2: 0.0994 (0.1025)  loss_l1_enc_0: 0.6910 (0.7408)  time: 2.0922  data: 0.0707  max mem: 56004
Epoch: [24] Total time: 0:05:57 (2.1823 s / it)
Test:  [ 0/43]  eta: 0:02:59    time: 4.1792  data: 3.6083  max mem: 56004
Test:  [10/43]  eta: 0:00:28    time: 0.8694  data: 0.5469  max mem: 56004
Test:  [20/43]  eta: 0:00:17    time: 0.5880  data: 0.2900  max mem: 56004
Test:  [30/43]  eta: 0:00:09    time: 0.5973  data: 0.2967  max mem: 56004
Test:  [40/43]  eta: 0:00:02    time: 0.6054  data: 0.3010  max mem: 56004
Test:  [42/43]  eta: 0:00:00    time: 0.5878  data: 0.2939  max mem: 56004
Test: Total time: 0:00:28 (0.6708 s / it)
Averaged stats:
Offline DOTA results saved at /workspace/RT-DETR-OBB/outputs/rtdetrv2_obb_hgnetv2_n_dota_1_ss/dota_results/epoch_24.zip
best_stat: {'epoch': 24, 'mAP': 24.0}
Epoch: [25]  [  0/164]  eta: 0:28:38  lr: 0.000020  loss: 13.1369 (13.1369)  loss_focal: 0.3740 (0.3740)  loss_focal_aux_0: 0.3701 (0.3701)  loss_focal_aux_1: 0.3680 (0.3680)  loss_focal_dn_0: 0.1414 (0.1414)  loss_focal_dn_1: 0.1263 (0.1263)  loss_focal_dn_2: 0.1233 (0.1233)  loss_focal_enc_0: 0.3771 (0.3771)  loss_kld: 1.1904 (1.1904)  loss_kld_aux_0: 1.2106 (1.2106)  loss_kld_aux_1: 1.1931 (1.1931)  loss_kld_dn_0: 1.2244 (1.2244)  loss_kld_dn_1: 1.1607 (1.1607)  loss_kld_dn_2: 1.1435 (1.1435)  loss_kld_enc_0: 1.2624 (1.2624)  loss_l1: 0.6160 (0.6160)  loss_l1_aux_0: 0.6231 (0.6231)  loss_l1_aux_1: 0.6165 (0.6165)  loss_l1_dn_0: 0.1343 (0.1343)  loss_l1_dn_1: 0.1273 (0.1273)  loss_l1_dn_2: 0.1245 (0.1245)  loss_l1_enc_0: 0.6300 (0.6300)  time: 10.4813  data: 7.6767  max mem: 56004
Epoch: [25]  [100/164]  eta: 0:02:26  lr: 0.000020  loss: 13.5718 (13.8348)  loss_focal: 0.2948 (0.3170)  loss_focal_aux_0: 0.2871 (0.3118)  loss_focal_aux_1: 0.2927 (0.3129)  loss_focal_dn_0: 0.1368 (0.1402)  loss_focal_dn_1: 0.1232 (0.1275)  loss_focal_dn_2: 0.1178 (0.1241)  loss_focal_enc_0: 0.2886 (0.3161)  loss_kld: 1.2764 (1.3092)  loss_kld_aux_0: 1.2971 (1.3293)  loss_kld_aux_1: 1.2781 (1.3112)  loss_kld_dn_0: 1.2432 (1.2659)  loss_kld_dn_1: 1.1883 (1.2065)  loss_kld_dn_2: 1.1764 (1.1932)  loss_kld_enc_0: 1.3541 (1.3852)  loss_l1: 0.6720 (0.7093)  loss_l1_aux_0: 0.6786 (0.7187)  loss_l1_aux_1: 0.6731 (0.7098)  loss_l1_dn_0: 0.1069 (0.1123)  loss_l1_dn_1: 0.0994 (0.1048)  loss_l1_dn_2: 0.0971 (0.1028)  loss_l1_enc_0: 0.6869 (0.7269)  time: 2.1662  data: 0.0752  max mem: 56004
Epoch: [25]  [163/164]  eta: 0:00:02  lr: 0.000020  loss: 14.0524 (13.8663)  loss_focal: 0.3299 (0.3176)  loss_focal_aux_0: 0.3153 (0.3115)  loss_focal_aux_1: 0.3226 (0.3138)  loss_focal_dn_0: 0.1425 (0.1405)  loss_focal_dn_1: 0.1306 (0.1285)  loss_focal_dn_2: 0.1288 (0.1252)  loss_focal_enc_0: 0.3036 (0.3155)  loss_kld: 1.3629 (1.3117)  loss_kld_aux_0: 1.3755 (1.3320)  loss_kld_aux_1: 1.3640 (1.3138)  loss_kld_dn_0: 1.2646 (1.2611)  loss_kld_dn_1: 1.2164 (1.2025)  loss_kld_dn_2: 1.2104 (1.1894)  loss_kld_enc_0: 1.4297 (1.3867)  loss_l1: 0.7158 (0.7177)  loss_l1_aux_0: 0.7285 (0.7272)  loss_l1_aux_1: 0.7171 (0.7183)  loss_l1_dn_0: 0.1094 (0.1115)  loss_l1_dn_1: 0.0990 (0.1043)  loss_l1_dn_2: 0.0959 (0.1021)  loss_l1_enc_0: 0.7401 (0.7353)  time: 2.0904  data: 0.0526  max mem: 56004
Epoch: [25] Total time: 0:06:06 (2.2347 s / it)
Test:  [ 0/43]  eta: 0:03:06    time: 4.3406  data: 3.7679  max mem: 56004
Test:  [10/43]  eta: 0:00:30    time: 0.9365  data: 0.6110  max mem: 56004
Test:  [20/43]  eta: 0:00:18    time: 0.6183  data: 0.3164  max mem: 56004
Test:  [30/43]  eta: 0:00:09    time: 0.5989  data: 0.2927  max mem: 56004
Test:  [40/43]  eta: 0:00:02    time: 0.6038  data: 0.2978  max mem: 56004
Test:  [42/43]  eta: 0:00:00    time: 0.5944  data: 0.2989  max mem: 56004
Test: Total time: 0:00:29 (0.6875 s / it)
Averaged stats:
Offline DOTA results saved at /workspace/RT-DETR-OBB/outputs/rtdetrv2_obb_hgnetv2_n_dota_1_ss/dota_results/epoch_25.zip
best_stat: {'epoch': 25, 'mAP': 25.0}
Epoch: [26]  [  0/164]  eta: 0:29:14  lr: 0.000020  loss: 13.7819 (13.7819)  loss_focal: 0.3854 (0.3854)  loss_focal_aux_0: 0.3772 (0.3772)  loss_focal_aux_1: 0.3818 (0.3818)  loss_focal_dn_0: 0.1472 (0.1472)  loss_focal_dn_1: 0.1367 (0.1367)  loss_focal_dn_2: 0.1368 (0.1368)  loss_focal_enc_0: 0.3567 (0.3567)  loss_kld: 1.2112 (1.2112)  loss_kld_aux_0: 1.2313 (1.2313)  loss_kld_aux_1: 1.2137 (1.2137)  loss_kld_dn_0: 1.1987 (1.1987)  loss_kld_dn_1: 1.1182 (1.1182)  loss_kld_dn_2: 1.1051 (1.1051)  loss_kld_enc_0: 1.2841 (1.2841)  loss_l1: 0.7816 (0.7816)  loss_l1_aux_0: 0.7890 (0.7890)  loss_l1_aux_1: 0.7824 (0.7824)  loss_l1_dn_0: 0.1253 (0.1253)  loss_l1_dn_1: 0.1142 (0.1142)  loss_l1_dn_2: 0.1101 (0.1101)  loss_l1_enc_0: 0.7951 (0.7951)  time: 10.6958  data: 8.4038  max mem: 56004
Epoch: [26]  [100/164]  eta: 0:02:26  lr: 0.000020  loss: 13.4699 (13.6889)  loss_focal: 0.2981 (0.3089)  loss_focal_aux_0: 0.3021 (0.3065)  loss_focal_aux_1: 0.3010 (0.3067)  loss_focal_dn_0: 0.1351 (0.1389)  loss_focal_dn_1: 0.1217 (0.1265)  loss_focal_dn_2: 0.1202 (0.1230)  loss_focal_enc_0: 0.3061 (0.3120)  loss_kld: 1.2611 (1.2966)  loss_kld_aux_0: 1.2818 (1.3163)  loss_kld_aux_1: 1.2638 (1.2986)  loss_kld_dn_0: 1.2527 (1.2578)  loss_kld_dn_1: 1.1873 (1.1933)  loss_kld_dn_2: 1.1745 (1.1795)  loss_kld_enc_0: 1.3288 (1.3682)  loss_l1: 0.6620 (0.7032)  loss_l1_aux_0: 0.6663 (0.7113)  loss_l1_aux_1: 0.6622 (0.7037)  loss_l1_dn_0: 0.1158 (0.1123)  loss_l1_dn_1: 0.1066 (0.1041)  loss_l1_dn_2: 0.1039 (0.1021)  loss_l1_enc_0: 0.6739 (0.7195)  time: 2.0508  data: 0.0603  max mem: 56004
Epoch: [26]  [163/164]  eta: 0:00:02  lr: 0.000020  loss: 13.5730 (13.6278)  loss_focal: 0.3061 (0.3084)  loss_focal_aux_0: 0.2995 (0.3053)  loss_focal_aux_1: 0.3020 (0.3058)  loss_focal_dn_0: 0.1349 (0.1375)  loss_focal_dn_1: 0.1250 (0.1251)  loss_focal_dn_2: 0.1253 (0.1216)  loss_focal_enc_0: 0.2982 (0.3107)  loss_kld: 1.2670 (1.2925)  loss_kld_aux_0: 1.2823 (1.3122)  loss_kld_aux_1: 1.2682 (1.2944)  loss_kld_dn_0: 1.2522 (1.2542)  loss_kld_dn_1: 1.1834 (1.1879)  loss_kld_dn_2: 1.1688 (1.1742)  loss_kld_enc_0: 1.3296 (1.3649)  loss_l1: 0.6978 (0.6976)  loss_l1_aux_0: 0.7097 (0.7062)  loss_l1_aux_1: 0.6992 (0.6982)  loss_l1_dn_0: 0.1080 (0.1117)  loss_l1_dn_1: 0.1033 (0.1034)  loss_l1_dn_2: 0.1023 (0.1014)  loss_l1_enc_0: 0.7179 (0.7144)  time: 2.1506  data: 0.0831  max mem: 56004
Epoch: [26] Total time: 0:06:04 (2.2237 s / it)
Test:  [ 0/43]  eta: 0:03:02    time: 4.2490  data: 3.6650  max mem: 56004
Test:  [10/43]  eta: 0:00:27    time: 0.8467  data: 0.5226  max mem: 56004
Test:  [20/43]  eta: 0:00:16    time: 0.5458  data: 0.2472  max mem: 56004
Test:  [30/43]  eta: 0:00:08    time: 0.5591  data: 0.2585  max mem: 56004
Test:  [40/43]  eta: 0:00:01    time: 0.5557  data: 0.2542  max mem: 56004
Test:  [42/43]  eta: 0:00:00    time: 0.5415  data: 0.2499  max mem: 56004
Test: Total time: 0:00:27 (0.6326 s / it)
Averaged stats:
Offline DOTA results saved at /workspace/RT-DETR-OBB/outputs/rtdetrv2_obb_hgnetv2_n_dota_1_ss/dota_results/epoch_26.zip
best_stat: {'epoch': 26, 'mAP': 26.0}
Epoch: [27]  [  0/164]  eta: 0:30:35  lr: 0.000020  loss: 14.3844 (14.3844)  loss_focal: 0.3270 (0.3270)  loss_focal_aux_0: 0.3323 (0.3323)  loss_focal_aux_1: 0.3287 (0.3287)  loss_focal_dn_0: 0.1416 (0.1416)  loss_focal_dn_1: 0.1281 (0.1281)  loss_focal_dn_2: 0.1221 (0.1221)  loss_focal_enc_0: 0.3424 (0.3424)  loss_kld: 1.4099 (1.4099)  loss_kld_aux_0: 1.4265 (1.4265)  loss_kld_aux_1: 1.4135 (1.4135)  loss_kld_dn_0: 1.2315 (1.2315)  loss_kld_dn_1: 1.1663 (1.1663)  loss_kld_dn_2: 1.1570 (1.1570)  loss_kld_enc_0: 1.4938 (1.4938)  loss_l1: 0.7621 (0.7621)  loss_l1_aux_0: 0.7657 (0.7657)  loss_l1_aux_1: 0.7627 (0.7627)  loss_l1_dn_0: 0.1044 (0.1044)  loss_l1_dn_1: 0.0980 (0.0980)  loss_l1_dn_2: 0.0972 (0.0972)  loss_l1_enc_0: 0.7736 (0.7736)  time: 11.1924  data: 9.3564  max mem: 56004
Epoch: [27]  [100/164]  eta: 0:02:23  lr: 0.000020  loss: 13.8825 (13.8231)  loss_focal: 0.2907 (0.3135)  loss_focal_aux_0: 0.2926 (0.3110)  loss_focal_aux_1: 0.2921 (0.3098)  loss_focal_dn_0: 0.1341 (0.1383)  loss_focal_dn_1: 0.1222 (0.1255)  loss_focal_dn_2: 0.1179 (0.1221)  loss_focal_enc_0: 0.2971 (0.3178)  loss_kld: 1.3080 (1.3207)  loss_kld_aux_0: 1.3293 (1.3422)  loss_kld_aux_1: 1.3098 (1.3227)  loss_kld_dn_0: 1.2327 (1.2502)  loss_kld_dn_1: 1.1471 (1.1808)  loss_kld_dn_2: 1.1319 (1.1668)  loss_kld_enc_0: 1.3899 (1.3990)  loss_l1: 0.7225 (0.7156)  loss_l1_aux_0: 0.7250 (0.7238)  loss_l1_aux_1: 0.7232 (0.7161)  loss_l1_dn_0: 0.1039 (0.1115)  loss_l1_dn_1: 0.0960 (0.1027)  loss_l1_dn_2: 0.0940 (0.1006)  loss_l1_enc_0: 0.7333 (0.7324)  time: 2.1228  data: 0.0648  max mem: 56004
Epoch: [27]  [163/164]  eta: 0:00:02  lr: 0.000020  loss: 13.4957 (13.7482)  loss_focal: 0.3055 (0.3082)  loss_focal_aux_0: 0.3020 (0.3068)  loss_focal_aux_1: 0.3028 (0.3051)  loss_focal_dn_0: 0.1351 (0.1378)  loss_focal_dn_1: 0.1218 (0.1247)  loss_focal_dn_2: 0.1189 (0.1210)  loss_focal_enc_0: 0.3054 (0.3135)  loss_kld: 1.2672 (1.3151)  loss_kld_aux_0: 1.2829 (1.3360)  loss_kld_aux_1: 1.2710 (1.3172)  loss_kld_dn_0: 1.2340 (1.2479)  loss_kld_dn_1: 1.1597 (1.1771)  loss_kld_dn_2: 1.1414 (1.1630)  loss_kld_enc_0: 1.3302 (1.3909)  loss_l1: 0.6958 (0.7122)  loss_l1_aux_0: 0.6999 (0.7206)  loss_l1_aux_1: 0.6965 (0.7128)  loss_l1_dn_0: 0.1031 (0.1098)  loss_l1_dn_1: 0.0932 (0.1010)  loss_l1_dn_2: 0.0912 (0.0988)  loss_l1_enc_0: 0.7084 (0.7289)  time: 2.2520  data: 0.0521  max mem: 56004
Epoch: [27] Total time: 0:06:00 (2.1974 s / it)
Test:  [ 0/43]  eta: 0:03:16    time: 4.5646  data: 3.9611  max mem: 56004
Test:  [10/43]  eta: 0:00:30    time: 0.9240  data: 0.5828  max mem: 56004
Test:  [20/43]  eta: 0:00:17    time: 0.5701  data: 0.2557  max mem: 56004
Test:  [30/43]  eta: 0:00:09    time: 0.5818  data: 0.2673  max mem: 56004
Test:  [40/43]  eta: 0:00:02    time: 0.5871  data: 0.2750  max mem: 56004
Test:  [42/43]  eta: 0:00:00    time: 0.5695  data: 0.2682  max mem: 56004
Test: Total time: 0:00:28 (0.6653 s / it)
Averaged stats:
Offline DOTA results saved at /workspace/RT-DETR-OBB/outputs/rtdetrv2_obb_hgnetv2_n_dota_1_ss/dota_results/epoch_27.zip
best_stat: {'epoch': 27, 'mAP': 27.0}
Epoch: [28]  [  0/164]  eta: 0:33:58  lr: 0.000020  loss: 14.3097 (14.3097)  loss_focal: 0.2576 (0.2576)  loss_focal_aux_0: 0.2537 (0.2537)  loss_focal_aux_1: 0.2541 (0.2541)  loss_focal_dn_0: 0.1307 (0.1307)  loss_focal_dn_1: 0.1175 (0.1175)  loss_focal_dn_2: 0.1127 (0.1127)  loss_focal_enc_0: 0.2486 (0.2486)  loss_kld: 1.4837 (1.4837)  loss_kld_aux_0: 1.5015 (1.5015)  loss_kld_aux_1: 1.4852 (1.4852)  loss_kld_dn_0: 1.2990 (1.2990)  loss_kld_dn_1: 1.2401 (1.2401)  loss_kld_dn_2: 1.2280 (1.2280)  loss_kld_enc_0: 1.5553 (1.5553)  loss_l1: 0.7160 (0.7160)  loss_l1_aux_0: 0.7282 (0.7282)  loss_l1_aux_1: 0.7165 (0.7165)  loss_l1_dn_0: 0.0875 (0.0875)  loss_l1_dn_1: 0.0802 (0.0802)  loss_l1_dn_2: 0.0785 (0.0785)  loss_l1_enc_0: 0.7352 (0.7352)  time: 12.4278  data: 8.9917  max mem: 56004
Epoch: [28]  [100/164]  eta: 0:02:20  lr: 0.000020  loss: 12.9801 (13.3063)  loss_focal: 0.2954 (0.3003)  loss_focal_aux_0: 0.2954 (0.3003)  loss_focal_aux_1: 0.2938 (0.2980)  loss_focal_dn_0: 0.1395 (0.1342)  loss_focal_dn_1: 0.1247 (0.1201)  loss_focal_dn_2: 0.1190 (0.1156)  loss_focal_enc_0: 0.3036 (0.3087)  loss_kld: 1.2633 (1.2637)  loss_kld_aux_0: 1.2819 (1.2842)  loss_kld_aux_1: 1.2661 (1.2657)  loss_kld_dn_0: 1.2137 (1.2300)  loss_kld_dn_1: 1.1454 (1.1507)  loss_kld_dn_2: 1.1354 (1.1370)  loss_kld_enc_0: 1.3432 (1.3414)  loss_l1: 0.6775 (0.6811)  loss_l1_aux_0: 0.6850 (0.6892)  loss_l1_aux_1: 0.6779 (0.6816)  loss_l1_dn_0: 0.1066 (0.1093)  loss_l1_dn_1: 0.0972 (0.0996)  loss_l1_dn_2: 0.0944 (0.0973)  loss_l1_enc_0: 0.6943 (0.6982)  time: 2.2214  data: 0.0589  max mem: 56004
Epoch: [28]  [163/164]  eta: 0:00:02  lr: 0.000020  loss: 13.0788 (13.3091)  loss_focal: 0.3143 (0.3094)  loss_focal_aux_0: 0.3080 (0.3054)  loss_focal_aux_1: 0.3090 (0.3052)  loss_focal_dn_0: 0.1295 (0.1333)  loss_focal_dn_1: 0.1152 (0.1194)  loss_focal_dn_2: 0.1110 (0.1157)  loss_focal_enc_0: 0.3128 (0.3120)  loss_kld: 1.2482 (1.2621)  loss_kld_aux_0: 1.2696 (1.2823)  loss_kld_aux_1: 1.2497 (1.2641)  loss_kld_dn_0: 1.2070 (1.2299)  loss_kld_dn_1: 1.1264 (1.1503)  loss_kld_dn_2: 1.1111 (1.1362)  loss_kld_enc_0: 1.3131 (1.3401)  loss_l1: 0.6667 (0.6782)  loss_l1_aux_0: 0.6696 (0.6863)  loss_l1_aux_1: 0.6677 (0.6788)  loss_l1_dn_0: 0.1032 (0.1089)  loss_l1_dn_1: 0.0942 (0.0994)  loss_l1_dn_2: 0.0922 (0.0971)  loss_l1_enc_0: 0.6783 (0.6951)  time: 2.0339  data: 0.0574  max mem: 56004
Epoch: [28] Total time: 0:05:49 (2.1335 s / it)
Test:  [ 0/43]  eta: 0:03:20    time: 4.6720  data: 4.0427  max mem: 56004
Test:  [10/43]  eta: 0:00:28    time: 0.8593  data: 0.5281  max mem: 56004
Test:  [20/43]  eta: 0:00:16    time: 0.5409  data: 0.2382  max mem: 56004
Test:  [30/43]  eta: 0:00:08    time: 0.5917  data: 0.2833  max mem: 56004
Test:  [40/43]  eta: 0:00:01    time: 0.5872  data: 0.2777  max mem: 56004
Test:  [42/43]  eta: 0:00:00    time: 0.5785  data: 0.2801  max mem: 56004
Test: Total time: 0:00:28 (0.6616 s / it)
Averaged stats:
Offline DOTA results saved at /workspace/RT-DETR-OBB/outputs/rtdetrv2_obb_hgnetv2_n_dota_1_ss/dota_results/epoch_28.zip
best_stat: {'epoch': 28, 'mAP': 28.0}
Epoch: [29]  [  0/164]  eta: 0:32:53  lr: 0.000020  loss: 12.0093 (12.0093)  loss_focal: 0.2613 (0.2613)  loss_focal_aux_0: 0.2615 (0.2615)  loss_focal_aux_1: 0.2633 (0.2633)  loss_focal_dn_0: 0.1209 (0.1209)  loss_focal_dn_1: 0.1089 (0.1089)  loss_focal_dn_2: 0.1029 (0.1029)  loss_focal_enc_0: 0.2713 (0.2713)  loss_kld: 1.0911 (1.0911)  loss_kld_aux_0: 1.1182 (1.1182)  loss_kld_aux_1: 1.0932 (1.0932)  loss_kld_dn_0: 1.2174 (1.2174)  loss_kld_dn_1: 1.1275 (1.1275)  loss_kld_dn_2: 1.1109 (1.1109)  loss_kld_enc_0: 1.1793 (1.1793)  loss_l1: 0.5993 (0.5993)  loss_l1_aux_0: 0.6036 (0.6036)  loss_l1_aux_1: 0.6001 (0.6001)  loss_l1_dn_0: 0.0965 (0.0965)  loss_l1_dn_1: 0.0861 (0.0861)  loss_l1_dn_2: 0.0840 (0.0840)  loss_l1_enc_0: 0.6120 (0.6120)  time: 12.0359  data: 7.5407  max mem: 56004
Epoch: [29]  [100/164]  eta: 0:02:25  lr: 0.000020  loss: 13.1355 (13.0072)  loss_focal: 0.2885 (0.2861)  loss_focal_aux_0: 0.2909 (0.2868)  loss_focal_aux_1: 0.2863 (0.2850)  loss_focal_dn_0: 0.1298 (0.1314)  loss_focal_dn_1: 0.1131 (0.1162)  loss_focal_dn_2: 0.1081 (0.1112)  loss_focal_enc_0: 0.3021 (0.2947)  loss_kld: 1.2030 (1.2417)  loss_kld_aux_0: 1.2200 (1.2618)  loss_kld_aux_1: 1.2044 (1.2438)  loss_kld_dn_0: 1.1995 (1.2132)  loss_kld_dn_1: 1.1021 (1.1219)  loss_kld_dn_2: 1.0857 (1.1069)  loss_kld_enc_0: 1.2716 (1.3182)  loss_l1: 0.6312 (0.6670)  loss_l1_aux_0: 0.6372 (0.6749)  loss_l1_aux_1: 0.6321 (0.6675)  loss_l1_dn_0: 0.1096 (0.1069)  loss_l1_dn_1: 0.0958 (0.0957)  loss_l1_dn_2: 0.0928 (0.0933)  loss_l1_enc_0: 0.6469 (0.6831)  time: 2.0085  data: 0.0544  max mem: 56004
Epoch: [29]  [163/164]  eta: 0:00:02  lr: 0.000020  loss: 13.2105 (13.0700)  loss_focal: 0.2838 (0.2859)  loss_focal_aux_0: 0.2899 (0.2877)  loss_focal_aux_1: 0.2851 (0.2852)  loss_focal_dn_0: 0.1329 (0.1315)  loss_focal_dn_1: 0.1171 (0.1159)  loss_focal_dn_2: 0.1133 (0.1109)  loss_focal_enc_0: 0.2965 (0.2955)  loss_kld: 1.2782 (1.2511)  loss_kld_aux_0: 1.2928 (1.2716)  loss_kld_aux_1: 1.2803 (1.2532)  loss_kld_dn_0: 1.2153 (1.2139)  loss_kld_dn_1: 1.1248 (1.1214)  loss_kld_dn_2: 1.1134 (1.1065)  loss_kld_enc_0: 1.3533 (1.3286)  loss_l1: 0.6681 (0.6732)  loss_l1_aux_0: 0.6711 (0.6811)  loss_l1_aux_1: 0.6678 (0.6736)  loss_l1_dn_0: 0.1023 (0.1063)  loss_l1_dn_1: 0.0926 (0.0950)  loss_l1_dn_2: 0.0899 (0.0926)  loss_l1_enc_0: 0.6783 (0.6894)  time: 2.1700  data: 0.0647  max mem: 56004
Epoch: [29] Total time: 0:06:03 (2.2183 s / it)
Test:  [ 0/43]  eta: 0:03:16    time: 4.5637  data: 3.9346  max mem: 56004
Test:  [10/43]  eta: 0:00:31    time: 0.9489  data: 0.6046  max mem: 56004
Test:  [20/43]  eta: 0:00:17    time: 0.5825  data: 0.2658  max mem: 56004
Test:  [30/43]  eta: 0:00:09    time: 0.5840  data: 0.2678  max mem: 56004
Test:  [40/43]  eta: 0:00:02    time: 0.5926  data: 0.2806  max mem: 56004
Test:  [42/43]  eta: 0:00:00    time: 0.5696  data: 0.2685  max mem: 56004
Test: Total time: 0:00:29 (0.6785 s / it)
Averaged stats:
Offline DOTA results saved at /workspace/RT-DETR-OBB/outputs/rtdetrv2_obb_hgnetv2_n_dota_1_ss/dota_results/epoch_29.zip
best_stat: {'epoch': 29, 'mAP': 29.0}
Epoch: [30]  [  0/164]  eta: 0:36:27  lr: 0.000020  loss: 13.8874 (13.8874)  loss_focal: 0.3243 (0.3243)  loss_focal_aux_0: 0.3225 (0.3225)  loss_focal_aux_1: 0.3239 (0.3239)  loss_focal_dn_0: 0.1409 (0.1409)  loss_focal_dn_1: 0.1214 (0.1214)  loss_focal_dn_2: 0.1158 (0.1158)  loss_focal_enc_0: 0.3270 (0.3270)  loss_kld: 1.3529 (1.3529)  loss_kld_aux_0: 1.3702 (1.3702)  loss_kld_aux_1: 1.3556 (1.3556)  loss_kld_dn_0: 1.2117 (1.2117)  loss_kld_dn_1: 1.1045 (1.1045)  loss_kld_dn_2: 1.0827 (1.0827)  loss_kld_enc_0: 1.4196 (1.4196)  loss_l1: 0.7522 (0.7522)  loss_l1_aux_0: 0.7557 (0.7557)  loss_l1_aux_1: 0.7523 (0.7523)  loss_l1_dn_0: 0.1063 (0.1063)  loss_l1_dn_1: 0.0937 (0.0937)  loss_l1_dn_2: 0.0911 (0.0911)  loss_l1_enc_0: 0.7630 (0.7630)  time: 13.3354  data: 11.0449  max mem: 56004
Epoch: [30]  [100/164]  eta: 0:02:20  lr: 0.000020  loss: 12.8618 (12.7746)  loss_focal: 0.2793 (0.2855)  loss_focal_aux_0: 0.2820 (0.2884)  loss_focal_aux_1: 0.2768 (0.2857)  loss_focal_dn_0: 0.1277 (0.1281)  loss_focal_dn_1: 0.1111 (0.1119)  loss_focal_dn_2: 0.1067 (0.1068)  loss_focal_enc_0: 0.2919 (0.2956)  loss_kld: 1.2480 (1.2116)  loss_kld_aux_0: 1.2705 (1.2317)  loss_kld_aux_1: 1.2493 (1.2137)  loss_kld_dn_0: 1.1861 (1.2031)  loss_kld_dn_1: 1.0987 (1.1030)  loss_kld_dn_2: 1.0894 (1.0878)  loss_kld_enc_0: 1.3176 (1.2864)  loss_l1: 0.6252 (0.6534)  loss_l1_aux_0: 0.6359 (0.6615)  loss_l1_aux_1: 0.6259 (0.6539)  loss_l1_dn_0: 0.1034 (0.1077)  loss_l1_dn_1: 0.0921 (0.0959)  loss_l1_dn_2: 0.0898 (0.0934)  loss_l1_enc_0: 0.6441 (0.6696)  time: 2.2313  data: 0.0520  max mem: 56004
Epoch: [30]  [163/164]  eta: 0:00:02  lr: 0.000020  loss: 13.0282 (12.9338)  loss_focal: 0.3074 (0.2881)  loss_focal_aux_0: 0.3035 (0.2887)  loss_focal_aux_1: 0.2999 (0.2871)  loss_focal_dn_0: 0.1311 (0.1293)  loss_focal_dn_1: 0.1165 (0.1141)  loss_focal_dn_2: 0.1113 (0.1098)  loss_focal_enc_0: 0.3200 (0.2962)  loss_kld: 1.2442 (1.2315)  loss_kld_aux_0: 1.2653 (1.2511)  loss_kld_aux_1: 1.2471 (1.2334)  loss_kld_dn_0: 1.2049 (1.2093)  loss_kld_dn_1: 1.1138 (1.1113)  loss_kld_dn_2: 1.1003 (1.0961)  loss_kld_enc_0: 1.3187 (1.3063)  loss_l1: 0.6784 (0.6658)  loss_l1_aux_0: 0.6856 (0.6736)  loss_l1_aux_1: 0.6790 (0.6663)  loss_l1_dn_0: 0.1017 (0.1064)  loss_l1_dn_1: 0.0919 (0.0949)  loss_l1_dn_2: 0.0895 (0.0924)  loss_l1_enc_0: 0.6959 (0.6818)  time: 2.1035  data: 0.0621  max mem: 56004
Epoch: [30] Total time: 0:05:58 (2.1844 s / it)
Test:  [ 0/43]  eta: 0:03:02    time: 4.2485  data: 3.6636  max mem: 56004
Test:  [10/43]  eta: 0:00:31    time: 0.9669  data: 0.6355  max mem: 56004
Test:  [20/43]  eta: 0:00:18    time: 0.6327  data: 0.3261  max mem: 56004
Test:  [30/43]  eta: 0:00:10    time: 0.7196  data: 0.4127  max mem: 56004
Test:  [40/43]  eta: 0:00:02    time: 0.7355  data: 0.4325  max mem: 56004
Test:  [42/43]  eta: 0:00:00    time: 0.6216  data: 0.3291  max mem: 56004
Test: Total time: 0:00:33 (0.7703 s / it)
Averaged stats:
Offline DOTA results saved at /workspace/RT-DETR-OBB/outputs/rtdetrv2_obb_hgnetv2_n_dota_1_ss/dota_results/epoch_30.zip
best_stat: {'epoch': 30, 'mAP': 30.0}
Epoch: [31]  [  0/164]  eta: 0:29:07  lr: 0.000020  loss: 12.1780 (12.1780)  loss_focal: 0.3244 (0.3244)  loss_focal_aux_0: 0.3214 (0.3214)  loss_focal_aux_1: 0.3198 (0.3198)  loss_focal_dn_0: 0.1255 (0.1255)  loss_focal_dn_1: 0.1074 (0.1074)  loss_focal_dn_2: 0.1036 (0.1036)  loss_focal_enc_0: 0.3208 (0.3208)  loss_kld: 1.0702 (1.0702)  loss_kld_aux_0: 1.0925 (1.0925)  loss_kld_aux_1: 1.0711 (1.0711)  loss_kld_dn_0: 1.2101 (1.2101)  loss_kld_dn_1: 1.0965 (1.0965)  loss_kld_dn_2: 1.0807 (1.0807)  loss_kld_enc_0: 1.1457 (1.1457)  loss_l1: 0.6134 (0.6134)  loss_l1_aux_0: 0.6136 (0.6136)  loss_l1_aux_1: 0.6137 (0.6137)  loss_l1_dn_0: 0.1162 (0.1162)  loss_l1_dn_1: 0.1061 (0.1061)  loss_l1_dn_2: 0.1025 (0.1025)  loss_l1_enc_0: 0.6230 (0.6230)  time: 10.6555  data: 8.4452  max mem: 56004
Epoch: [31]  [100/164]  eta: 0:02:22  lr: 0.000020  loss: 12.8865 (12.7828)  loss_focal: 0.2750 (0.2757)  loss_focal_aux_0: 0.2795 (0.2755)  loss_focal_aux_1: 0.2754 (0.2745)  loss_focal_dn_0: 0.1281 (0.1267)  loss_focal_dn_1: 0.1094 (0.1101)  loss_focal_dn_2: 0.1040 (0.1055)  loss_focal_enc_0: 0.2845 (0.2828)  loss_kld: 1.2870 (1.2413)  loss_kld_aux_0: 1.3017 (1.2607)  loss_kld_aux_1: 1.2879 (1.2435)  loss_kld_dn_0: 1.1878 (1.2023)  loss_kld_dn_1: 1.0892 (1.1044)  loss_kld_dn_2: 1.0765 (1.0899)  loss_kld_enc_0: 1.3563 (1.3156)  loss_l1: 0.6651 (0.6422)  loss_l1_aux_0: 0.6733 (0.6494)  loss_l1_aux_1: 0.6659 (0.6428)  loss_l1_dn_0: 0.0992 (0.1025)  loss_l1_dn_1: 0.0861 (0.0911)  loss_l1_dn_2: 0.0837 (0.0887)  loss_l1_enc_0: 0.6808 (0.6577)  time: 2.1367  data: 0.0512  max mem: 56004
Epoch: [31]  [163/164]  eta: 0:00:02  lr: 0.000020  loss: 12.2085 (12.7323)  loss_focal: 0.2876 (0.2745)  loss_focal_aux_0: 0.2857 (0.2749)  loss_focal_aux_1: 0.2850 (0.2734)  loss_focal_dn_0: 0.1228 (0.1260)  loss_focal_dn_1: 0.1048 (0.1089)  loss_focal_dn_2: 0.1011 (0.1041)  loss_focal_enc_0: 0.2996 (0.2826)  loss_kld: 1.1957 (1.2326)  loss_kld_aux_0: 1.2168 (1.2525)  loss_kld_aux_1: 1.1980 (1.2348)  loss_kld_dn_0: 1.1701 (1.1952)  loss_kld_dn_1: 1.0664 (1.0948)  loss_kld_dn_2: 1.0544 (1.0801)  loss_kld_enc_0: 1.2652 (1.3080)  loss_l1: 0.6271 (0.6457)  loss_l1_aux_0: 0.6361 (0.6530)  loss_l1_aux_1: 0.6275 (0.6463)  loss_l1_dn_0: 0.1025 (0.1031)  loss_l1_dn_1: 0.0895 (0.0914)  loss_l1_dn_2: 0.0861 (0.0890)  loss_l1_enc_0: 0.6438 (0.6613)  time: 2.1047  data: 0.0667  max mem: 56004
Epoch: [31] Total time: 0:05:54 (2.1639 s / it)
Test:  [ 0/43]  eta: 0:02:57    time: 4.1296  data: 3.5529  max mem: 56004
Test:  [10/43]  eta: 0:00:28    time: 0.8702  data: 0.5461  max mem: 56004
Test:  [20/43]  eta: 0:00:17    time: 0.5815  data: 0.2812  max mem: 56004
Test:  [30/43]  eta: 0:00:08    time: 0.5836  data: 0.2789  max mem: 56004
Test:  [40/43]  eta: 0:00:02    time: 0.5877  data: 0.2822  max mem: 56004
Test:  [42/43]  eta: 0:00:00    time: 0.5724  data: 0.2776  max mem: 56004
Test: Total time: 0:00:28 (0.6599 s / it)
Averaged stats:
Offline DOTA results saved at /workspace/RT-DETR-OBB/outputs/rtdetrv2_obb_hgnetv2_n_dota_1_ss/dota_results/epoch_31.zip
best_stat: {'epoch': 31, 'mAP': 31.0}
Epoch: [32]  [  0/164]  eta: 0:33:49  lr: 0.000020  loss: 11.5110 (11.5110)  loss_focal: 0.2447 (0.2447)  loss_focal_aux_0: 0.2506 (0.2506)  loss_focal_aux_1: 0.2438 (0.2438)  loss_focal_dn_0: 0.1166 (0.1166)  loss_focal_dn_1: 0.0975 (0.0975)  loss_focal_dn_2: 0.0917 (0.0917)  loss_focal_enc_0: 0.2587 (0.2587)  loss_kld: 1.1177 (1.1177)  loss_kld_aux_0: 1.1332 (1.1332)  loss_kld_aux_1: 1.1190 (1.1190)  loss_kld_dn_0: 1.1189 (1.1189)  loss_kld_dn_1: 1.0118 (1.0118)  loss_kld_dn_2: 0.9958 (0.9958)  loss_kld_enc_0: 1.1785 (1.1785)  loss_l1: 0.5727 (0.5727)  loss_l1_aux_0: 0.5787 (0.5787)  loss_l1_aux_1: 0.5734 (0.5734)  loss_l1_dn_0: 0.0844 (0.0844)  loss_l1_dn_1: 0.0703 (0.0703)  loss_l1_dn_2: 0.0677 (0.0677)  loss_l1_enc_0: 0.5854 (0.5854)  time: 12.3743  data: 10.4232  max mem: 56004
Epoch: [32]  [100/164]  eta: 0:02:21  lr: 0.000020  loss: 12.2521 (12.6514)  loss_focal: 0.2358 (0.2727)  loss_focal_aux_0: 0.2385 (0.2759)  loss_focal_aux_1: 0.2352 (0.2723)  loss_focal_dn_0: 0.1199 (0.1243)  loss_focal_dn_1: 0.1022 (0.1058)  loss_focal_dn_2: 0.0976 (0.1006)  loss_focal_enc_0: 0.2504 (0.2849)  loss_kld: 1.2052 (1.2240)  loss_kld_aux_0: 1.2256 (1.2440)  loss_kld_aux_1: 1.2071 (1.2260)  loss_kld_dn_0: 1.1857 (1.1737)  loss_kld_dn_1: 1.0833 (1.0732)  loss_kld_dn_2: 1.0732 (1.0592)  loss_kld_enc_0: 1.2911 (1.3027)  loss_l1: 0.6075 (0.6526)  loss_l1_aux_0: 0.6155 (0.6604)  loss_l1_aux_1: 0.6076 (0.6532)  loss_l1_dn_0: 0.0950 (0.1011)  loss_l1_dn_1: 0.0845 (0.0892)  loss_l1_dn_2: 0.0825 (0.0868)  loss_l1_enc_0: 0.6233 (0.6690)  time: 2.2633  data: 0.0473  max mem: 56004
Epoch: [32]  [163/164]  eta: 0:00:02  lr: 0.000020  loss: 12.0095 (12.5932)  loss_focal: 0.3035 (0.2792)  loss_focal_aux_0: 0.3048 (0.2823)  loss_focal_aux_1: 0.2997 (0.2789)  loss_focal_dn_0: 0.1232 (0.1242)  loss_focal_dn_1: 0.1036 (0.1054)  loss_focal_dn_2: 0.0984 (0.1002)  loss_focal_enc_0: 0.3112 (0.2913)  loss_kld: 1.1449 (1.2127)  loss_kld_aux_0: 1.1650 (1.2332)  loss_kld_aux_1: 1.1473 (1.2148)  loss_kld_dn_0: 1.1518 (1.1681)  loss_kld_dn_1: 1.0385 (1.0647)  loss_kld_dn_2: 1.0239 (1.0504)  loss_kld_enc_0: 1.2243 (1.2907)  loss_l1: 0.6138 (0.6482)  loss_l1_aux_0: 0.6187 (0.6560)  loss_l1_aux_1: 0.6146 (0.6488)  loss_l1_dn_0: 0.1049 (0.1020)  loss_l1_dn_1: 0.0930 (0.0900)  loss_l1_dn_2: 0.0915 (0.0876)  loss_l1_enc_0: 0.6306 (0.6645)  time: 2.0587  data: 0.0525  max mem: 56004
Epoch: [32] Total time: 0:05:53 (2.1534 s / it)
Test:  [ 0/43]  eta: 0:03:02    time: 4.2346  data: 3.6711  max mem: 56004
Test:  [10/43]  eta: 0:00:28    time: 0.8614  data: 0.5331  max mem: 56004
Test:  [20/43]  eta: 0:00:16    time: 0.5443  data: 0.2370  max mem: 56004
Test:  [30/43]  eta: 0:00:08    time: 0.5669  data: 0.2574  max mem: 56004
Test:  [40/43]  eta: 0:00:01    time: 0.5841  data: 0.2765  max mem: 56004
Test:  [42/43]  eta: 0:00:00    time: 0.5611  data: 0.2647  max mem: 56004
Test: Total time: 0:00:27 (0.6434 s / it)
Averaged stats:
Offline DOTA results saved at /workspace/RT-DETR-OBB/outputs/rtdetrv2_obb_hgnetv2_n_dota_1_ss/dota_results/epoch_32.zip
best_stat: {'epoch': 32, 'mAP': 32.0}
Epoch: [33]  [  0/164]  eta: 0:33:02  lr: 0.000020  loss: 11.7463 (11.7463)  loss_focal: 0.3335 (0.3335)  loss_focal_aux_0: 0.3308 (0.3308)  loss_focal_aux_1: 0.3303 (0.3303)  loss_focal_dn_0: 0.1184 (0.1184)  loss_focal_dn_1: 0.1004 (0.1004)  loss_focal_dn_2: 0.0965 (0.0965)  loss_focal_enc_0: 0.3343 (0.3343)  loss_kld: 1.0928 (1.0928)  loss_kld_aux_0: 1.1185 (1.1185)  loss_kld_aux_1: 1.0934 (1.0934)  loss_kld_dn_0: 1.0516 (1.0516)  loss_kld_dn_1: 0.9408 (0.9408)  loss_kld_dn_2: 0.9255 (0.9255)  loss_kld_enc_0: 1.1684 (1.1684)  loss_l1: 0.5993 (0.5993)  loss_l1_aux_0: 0.6109 (0.6109)  loss_l1_aux_1: 0.6002 (0.6002)  loss_l1_dn_0: 0.1054 (0.1054)  loss_l1_dn_1: 0.0893 (0.0893)  loss_l1_dn_2: 0.0860 (0.0860)  loss_l1_enc_0: 0.6201 (0.6201)  time: 12.0886  data: 10.6017  max mem: 56004
Epoch: [33]  [100/164]  eta: 0:02:24  lr: 0.000020  loss: 12.6953 (12.4391)  loss_focal: 0.2717 (0.2696)  loss_focal_aux_0: 0.2775 (0.2722)  loss_focal_aux_1: 0.2751 (0.2693)  loss_focal_dn_0: 0.1254 (0.1227)  loss_focal_dn_1: 0.1034 (0.1024)  loss_focal_dn_2: 0.0981 (0.0974)  loss_focal_enc_0: 0.2873 (0.2802)  loss_kld: 1.2423 (1.2111)  loss_kld_aux_0: 1.2643 (1.2314)  loss_kld_aux_1: 1.2461 (1.2131)  loss_kld_dn_0: 1.1384 (1.1524)  loss_kld_dn_1: 1.0352 (1.0479)  loss_kld_dn_2: 1.0281 (1.0335)  loss_kld_enc_0: 1.3174 (1.2869)  loss_l1: 0.6266 (0.6386)  loss_l1_aux_0: 0.6328 (0.6459)  loss_l1_aux_1: 0.6275 (0.6391)  loss_l1_dn_0: 0.1003 (0.0993)  loss_l1_dn_1: 0.0878 (0.0872)  loss_l1_dn_2: 0.0854 (0.0849)  loss_l1_enc_0: 0.6395 (0.6541)  time: 2.0218  data: 0.0503  max mem: 56004
Epoch: [33]  [163/164]  eta: 0:00:02  lr: 0.000020  loss: 12.1103 (12.4061)  loss_focal: 0.2578 (0.2731)  loss_focal_aux_0: 0.2652 (0.2764)  loss_focal_aux_1: 0.2590 (0.2730)  loss_focal_dn_0: 0.1195 (0.1227)  loss_focal_dn_1: 0.0989 (0.1020)  loss_focal_dn_2: 0.0939 (0.0967)  loss_focal_enc_0: 0.2706 (0.2849)  loss_kld: 1.1808 (1.2056)  loss_kld_aux_0: 1.1962 (1.2262)  loss_kld_aux_1: 1.1831 (1.2077)  loss_kld_dn_0: 1.1260 (1.1431)  loss_kld_dn_1: 1.0252 (1.0384)  loss_kld_dn_2: 1.0114 (1.0239)  loss_kld_enc_0: 1.2518 (1.2823)  loss_l1: 0.6153 (0.6388)  loss_l1_aux_0: 0.6245 (0.6464)  loss_l1_aux_1: 0.6158 (0.6394)  loss_l1_dn_0: 0.0910 (0.0990)  loss_l1_dn_1: 0.0818 (0.0871)  loss_l1_dn_2: 0.0798 (0.0847)  loss_l1_enc_0: 0.6326 (0.6546)  time: 2.1831  data: 0.1994  max mem: 56004
Epoch: [33] Total time: 0:06:01 (2.2065 s / it)
Test:  [ 0/43]  eta: 0:03:04    time: 4.2977  data: 3.7264  max mem: 56004
Test:  [10/43]  eta: 0:00:29    time: 0.8894  data: 0.5654  max mem: 56004
Test:  [20/43]  eta: 0:00:17    time: 0.5845  data: 0.2843  max mem: 56004
Test:  [30/43]  eta: 0:00:08    time: 0.5716  data: 0.2688  max mem: 56004
Test:  [40/43]  eta: 0:00:02    time: 0.5792  data: 0.2760  max mem: 56004
Test:  [42/43]  eta: 0:00:00    time: 0.5735  data: 0.2811  max mem: 56004
Test: Total time: 0:00:28 (0.6636 s / it)
Averaged stats:
Offline DOTA results saved at /workspace/RT-DETR-OBB/outputs/rtdetrv2_obb_hgnetv2_n_dota_1_ss/dota_results/epoch_33.zip
best_stat: {'epoch': 33, 'mAP': 33.0}
Epoch: [34]  [  0/164]  eta: 0:36:08  lr: 0.000020  loss: 11.6385 (11.6385)  loss_focal: 0.1603 (0.1603)  loss_focal_aux_0: 0.1638 (0.1638)  loss_focal_aux_1: 0.1621 (0.1621)  loss_focal_dn_0: 0.1168 (0.1168)  loss_focal_dn_1: 0.0980 (0.0980)  loss_focal_dn_2: 0.0920 (0.0920)  loss_focal_enc_0: 0.1683 (0.1683)  loss_kld: 1.1740 (1.1740)  loss_kld_aux_0: 1.1885 (1.1885)  loss_kld_aux_1: 1.1734 (1.1734)  loss_kld_dn_0: 1.1914 (1.1914)  loss_kld_dn_1: 1.1203 (1.1203)  loss_kld_dn_2: 1.1130 (1.1130)  loss_kld_enc_0: 1.2427 (1.2427)  loss_l1: 0.5586 (0.5586)  loss_l1_aux_0: 0.5638 (0.5638)  loss_l1_aux_1: 0.5588 (0.5588)  loss_l1_dn_0: 0.0811 (0.0811)  loss_l1_dn_1: 0.0711 (0.0711)  loss_l1_dn_2: 0.0700 (0.0700)  loss_l1_enc_0: 0.5708 (0.5708)  time: 13.2210  data: 8.8919  max mem: 56004
Epoch: [34]  [100/164]  eta: 0:02:25  lr: 0.000020  loss: 11.8561 (12.3084)  loss_focal: 0.2718 (0.2655)  loss_focal_aux_0: 0.2732 (0.2706)  loss_focal_aux_1: 0.2721 (0.2665)  loss_focal_dn_0: 0.1160 (0.1193)  loss_focal_dn_1: 0.0929 (0.0976)  loss_focal_dn_2: 0.0866 (0.0920)  loss_focal_enc_0: 0.2803 (0.2792)  loss_kld: 1.1360 (1.1937)  loss_kld_aux_0: 1.1588 (1.2135)  loss_kld_aux_1: 1.1378 (1.1957)  loss_kld_dn_0: 1.0924 (1.1267)  loss_kld_dn_1: 1.0105 (1.0288)  loss_kld_dn_2: 0.9951 (1.0149)  loss_kld_enc_0: 1.2193 (1.2711)  loss_l1: 0.6114 (0.6453)  loss_l1_aux_0: 0.6163 (0.6522)  loss_l1_aux_1: 0.6120 (0.6460)  loss_l1_dn_0: 0.0972 (0.0981)  loss_l1_dn_1: 0.0834 (0.0868)  loss_l1_dn_2: 0.0807 (0.0845)  loss_l1_enc_0: 0.6245 (0.6603)  time: 2.0830  data: 0.0515  max mem: 56004
Epoch: [34]  [163/164]  eta: 0:00:02  lr: 0.000020  loss: 12.0976 (12.2192)  loss_focal: 0.2520 (0.2638)  loss_focal_aux_0: 0.2530 (0.2686)  loss_focal_aux_1: 0.2513 (0.2647)  loss_focal_dn_0: 0.1148 (0.1185)  loss_focal_dn_1: 0.0880 (0.0960)  loss_focal_dn_2: 0.0811 (0.0904)  loss_focal_enc_0: 0.2651 (0.2772)  loss_kld: 1.1652 (1.1916)  loss_kld_aux_0: 1.1823 (1.2112)  loss_kld_aux_1: 1.1669 (1.1937)  loss_kld_dn_0: 1.0876 (1.1191)  loss_kld_dn_1: 0.9990 (1.0213)  loss_kld_dn_2: 0.9854 (1.0077)  loss_kld_enc_0: 1.2330 (1.2695)  loss_l1: 0.6003 (0.6341)  loss_l1_aux_0: 0.6057 (0.6411)  loss_l1_aux_1: 0.6005 (0.6348)  loss_l1_dn_0: 0.0933 (0.0970)  loss_l1_dn_1: 0.0827 (0.0859)  loss_l1_dn_2: 0.0809 (0.0836)  loss_l1_enc_0: 0.6123 (0.6493)  time: 2.1506  data: 0.0517  max mem: 56004
Epoch: [34] Total time: 0:06:05 (2.2298 s / it)
Test:  [ 0/43]  eta: 0:03:04    time: 4.2886  data: 3.7214  max mem: 56004
Test:  [10/43]  eta: 0:00:31    time: 0.9445  data: 0.6083  max mem: 56004
Test:  [20/43]  eta: 0:00:17    time: 0.5923  data: 0.2792  max mem: 56004
Test:  [30/43]  eta: 0:00:09    time: 0.6000  data: 0.2877  max mem: 56004
Test:  [40/43]  eta: 0:00:02    time: 0.6248  data: 0.3163  max mem: 56004
Test:  [42/43]  eta: 0:00:00    time: 0.5912  data: 0.2939  max mem: 56004
Test: Total time: 0:00:29 (0.6871 s / it)
Averaged stats:
Offline DOTA results saved at /workspace/RT-DETR-OBB/outputs/rtdetrv2_obb_hgnetv2_n_dota_1_ss/dota_results/epoch_34.zip
best_stat: {'epoch': 34, 'mAP': 34.0}
Epoch: [35]  [  0/164]  eta: 0:29:50  lr: 0.000020  loss: 11.3387 (11.3387)  loss_focal: 0.2286 (0.2286)  loss_focal_aux_0: 0.2336 (0.2336)  loss_focal_aux_1: 0.2284 (0.2284)  loss_focal_dn_0: 0.1055 (0.1055)  loss_focal_dn_1: 0.0815 (0.0815)  loss_focal_dn_2: 0.0752 (0.0752)  loss_focal_enc_0: 0.2455 (0.2455)  loss_kld: 1.1708 (1.1708)  loss_kld_aux_0: 1.1872 (1.1872)  loss_kld_aux_1: 1.1734 (1.1734)  loss_kld_dn_0: 1.0443 (1.0443)  loss_kld_dn_1: 0.9461 (0.9461)  loss_kld_dn_2: 0.9322 (0.9322)  loss_kld_enc_0: 1.2394 (1.2394)  loss_l1: 0.5427 (0.5427)  loss_l1_aux_0: 0.5479 (0.5479)  loss_l1_aux_1: 0.5430 (0.5430)  loss_l1_dn_0: 0.0948 (0.0948)  loss_l1_dn_1: 0.0830 (0.0830)  loss_l1_dn_2: 0.0806 (0.0806)  loss_l1_enc_0: 0.5550 (0.5550)  time: 10.9153  data: 8.9359  max mem: 56004
Epoch: [35]  [100/164]  eta: 0:02:23  lr: 0.000020  loss: 12.3407 (12.0932)  loss_focal: 0.2680 (0.2624)  loss_focal_aux_0: 0.2758 (0.2678)  loss_focal_aux_1: 0.2705 (0.2639)  loss_focal_dn_0: 0.1164 (0.1155)  loss_focal_dn_1: 0.0913 (0.0908)  loss_focal_dn_2: 0.0859 (0.0848)  loss_focal_enc_0: 0.2823 (0.2753)  loss_kld: 1.1724 (1.1845)  loss_kld_aux_0: 1.1937 (1.2041)  loss_kld_aux_1: 1.1757 (1.1865)  loss_kld_dn_0: 1.1221 (1.1051)  loss_kld_dn_1: 1.0018 (1.0081)  loss_kld_dn_2: 0.9866 (0.9944)  loss_kld_enc_0: 1.2498 (1.2614)  loss_l1: 0.6448 (0.6262)  loss_l1_aux_0: 0.6517 (0.6337)  loss_l1_aux_1: 0.6456 (0.6267)  loss_l1_dn_0: 0.0988 (0.0948)  loss_l1_dn_1: 0.0854 (0.0839)  loss_l1_dn_2: 0.0836 (0.0816)  loss_l1_enc_0: 0.6610 (0.6417)  time: 2.1047  data: 0.0752  max mem: 56004
Epoch: [35]  [163/164]  eta: 0:00:02  lr: 0.000020  loss: 12.4558 (12.0764)  loss_focal: 0.2649 (0.2653)  loss_focal_aux_0: 0.2704 (0.2699)  loss_focal_aux_1: 0.2685 (0.2659)  loss_focal_dn_0: 0.1152 (0.1155)  loss_focal_dn_1: 0.0921 (0.0912)  loss_focal_dn_2: 0.0865 (0.0861)  loss_focal_enc_0: 0.2800 (0.2779)  loss_kld: 1.2022 (1.1746)  loss_kld_aux_0: 1.2244 (1.1946)  loss_kld_aux_1: 1.2051 (1.1767)  loss_kld_dn_0: 1.1071 (1.1120)  loss_kld_dn_1: 0.9918 (1.0099)  loss_kld_dn_2: 0.9772 (0.9960)  loss_kld_enc_0: 1.2864 (1.2523)  loss_l1: 0.6551 (0.6256)  loss_l1_aux_0: 0.6629 (0.6331)  loss_l1_aux_1: 0.6557 (0.6261)  loss_l1_dn_0: 0.0911 (0.0955)  loss_l1_dn_1: 0.0812 (0.0846)  loss_l1_dn_2: 0.0797 (0.0823)  loss_l1_enc_0: 0.6708 (0.6413)  time: 2.1429  data: 0.0622  max mem: 56004
Epoch: [35] Total time: 0:06:01 (2.2072 s / it)
Test:  [ 0/43]  eta: 0:03:00    time: 4.2087  data: 3.6517  max mem: 56004
Test:  [10/43]  eta: 0:00:29    time: 0.8793  data: 0.5540  max mem: 56004
Test:  [20/43]  eta: 0:00:17    time: 0.5705  data: 0.2674  max mem: 56004
Test:  [30/43]  eta: 0:00:08    time: 0.5721  data: 0.2649  max mem: 56004
Test:  [40/43]  eta: 0:00:01    time: 0.5806  data: 0.2735  max mem: 56004
Test:  [42/43]  eta: 0:00:00    time: 0.5631  data: 0.2670  max mem: 56004
Test: Total time: 0:00:28 (0.6540 s / it)
Averaged stats:
Offline DOTA results saved at /workspace/RT-DETR-OBB/outputs/rtdetrv2_obb_hgnetv2_n_dota_1_ss/dota_results/epoch_35.zip
best_stat: {'epoch': 35, 'mAP': 35.0}
Epoch: [36]  [  0/164]  eta: 0:33:05  lr: 0.000020  loss: 12.3150 (12.3150)  loss_focal: 0.2972 (0.2972)  loss_focal_aux_0: 0.3013 (0.3013)  loss_focal_aux_1: 0.2992 (0.2992)  loss_focal_dn_0: 0.1283 (0.1283)  loss_focal_dn_1: 0.1004 (0.1004)  loss_focal_dn_2: 0.0959 (0.0959)  loss_focal_enc_0: 0.3190 (0.3190)  loss_kld: 1.1662 (1.1662)  loss_kld_aux_0: 1.1871 (1.1871)  loss_kld_aux_1: 1.1701 (1.1701)  loss_kld_dn_0: 1.1435 (1.1435)  loss_kld_dn_1: 1.0257 (1.0257)  loss_kld_dn_2: 1.0121 (1.0121)  loss_kld_enc_0: 1.2427 (1.2427)  loss_l1: 0.6254 (0.6254)  loss_l1_aux_0: 0.6357 (0.6357)  loss_l1_aux_1: 0.6266 (0.6266)  loss_l1_dn_0: 0.1094 (0.1094)  loss_l1_dn_1: 0.0948 (0.0948)  loss_l1_dn_2: 0.0925 (0.0925)  loss_l1_enc_0: 0.6419 (0.6419)  time: 12.1051  data: 10.3818  max mem: 56004
Epoch: [36]  [100/164]  eta: 0:02:27  lr: 0.000020  loss: 11.8771 (12.0453)  loss_focal: 0.2400 (0.2677)  loss_focal_aux_0: 0.2424 (0.2699)  loss_focal_aux_1: 0.2418 (0.2676)  loss_focal_dn_0: 0.1060 (0.1119)  loss_focal_dn_1: 0.0805 (0.0860)  loss_focal_dn_2: 0.0733 (0.0806)  loss_focal_enc_0: 0.2538 (0.2775)  loss_kld: 1.1875 (1.1747)  loss_kld_aux_0: 1.2007 (1.1945)  loss_kld_aux_1: 1.1893 (1.1770)  loss_kld_dn_0: 1.0796 (1.0875)  loss_kld_dn_1: 0.9935 (0.9970)  loss_kld_dn_2: 0.9785 (0.9840)  loss_kld_enc_0: 1.2654 (1.2513)  loss_l1: 0.5989 (0.6338)  loss_l1_aux_0: 0.6065 (0.6411)  loss_l1_aux_1: 0.6001 (0.6344)  loss_l1_dn_0: 0.0893 (0.0943)  loss_l1_dn_1: 0.0810 (0.0838)  loss_l1_dn_2: 0.0792 (0.0817)  loss_l1_enc_0: 0.6153 (0.6491)  time: 2.2901  data: 0.0658  max mem: 56004
Epoch: [36]  [163/164]  eta: 0:00:02  lr: 0.000020  loss: 11.5247 (11.9368)  loss_focal: 0.2459 (0.2623)  loss_focal_aux_0: 0.2508 (0.2657)  loss_focal_aux_1: 0.2494 (0.2628)  loss_focal_dn_0: 0.1067 (0.1102)  loss_focal_dn_1: 0.0799 (0.0837)  loss_focal_dn_2: 0.0744 (0.0782)  loss_focal_enc_0: 0.2584 (0.2740)  loss_kld: 1.1204 (1.1686)  loss_kld_aux_0: 1.1407 (1.1882)  loss_kld_aux_1: 1.1236 (1.1709)  loss_kld_dn_0: 1.0673 (1.0781)  loss_kld_dn_1: 0.9730 (0.9887)  loss_kld_dn_2: 0.9580 (0.9758)  loss_kld_enc_0: 1.1992 (1.2452)  loss_l1: 0.6036 (0.6261)  loss_l1_aux_0: 0.6117 (0.6335)  loss_l1_aux_1: 0.6044 (0.6267)  loss_l1_dn_0: 0.0879 (0.0931)  loss_l1_dn_1: 0.0779 (0.0828)  loss_l1_dn_2: 0.0757 (0.0807)  loss_l1_enc_0: 0.6201 (0.6415)  time: 2.2321  data: 0.0497  max mem: 56004
Epoch: [36] Total time: 0:06:08 (2.2488 s / it)
Test:  [ 0/43]  eta: 0:03:04    time: 4.2966  data: 3.7071  max mem: 56004
Test:  [10/43]  eta: 0:00:30    time: 0.9137  data: 0.5712  max mem: 56004
Test:  [20/43]  eta: 0:00:18    time: 0.6232  data: 0.3022  max mem: 56004
Test:  [30/43]  eta: 0:00:09    time: 0.6189  data: 0.2880  max mem: 56004
Test:  [40/43]  eta: 0:00:02    time: 0.5718  data: 0.2433  max mem: 56004
Test:  [42/43]  eta: 0:00:00    time: 0.5587  data: 0.2411  max mem: 56004
Test: Total time: 0:00:29 (0.6776 s / it)
Averaged stats:
Offline DOTA results saved at /workspace/RT-DETR-OBB/outputs/rtdetrv2_obb_hgnetv2_n_dota_1_ss/dota_results/epoch_36.zip
best_stat: {'epoch': 36, 'mAP': 36.0}
Epoch: [37]  [  0/164]  eta: 0:33:55  lr: 0.000020  loss: 12.0116 (12.0116)  loss_focal: 0.2664 (0.2664)  loss_focal_aux_0: 0.2608 (0.2608)  loss_focal_aux_1: 0.2621 (0.2621)  loss_focal_dn_0: 0.1112 (0.1112)  loss_focal_dn_1: 0.0811 (0.0811)  loss_focal_dn_2: 0.0753 (0.0753)  loss_focal_enc_0: 0.2678 (0.2678)  loss_kld: 1.2714 (1.2714)  loss_kld_aux_0: 1.2887 (1.2887)  loss_kld_aux_1: 1.2733 (1.2733)  loss_kld_dn_0: 1.0643 (1.0643)  loss_kld_dn_1: 0.9840 (0.9840)  loss_kld_dn_2: 0.9714 (0.9714)  loss_kld_enc_0: 1.3563 (1.3563)  loss_l1: 0.5555 (0.5555)  loss_l1_aux_0: 0.5603 (0.5603)  loss_l1_aux_1: 0.5559 (0.5559)  loss_l1_dn_0: 0.0857 (0.0857)  loss_l1_dn_1: 0.0779 (0.0779)  loss_l1_dn_2: 0.0754 (0.0754)  loss_l1_enc_0: 0.5669 (0.5669)  time: 12.4115  data: 10.0385  max mem: 56004
Epoch: [37]  [100/164]  eta: 0:02:25  lr: 0.000020  loss: 11.9512 (11.8169)  loss_focal: 0.2456 (0.2526)  loss_focal_aux_0: 0.2514 (0.2577)  loss_focal_aux_1: 0.2460 (0.2539)  loss_focal_dn_0: 0.1051 (0.1068)  loss_focal_dn_1: 0.0783 (0.0793)  loss_focal_dn_2: 0.0728 (0.0738)  loss_focal_enc_0: 0.2610 (0.2669)  loss_kld: 1.1498 (1.1573)  loss_kld_aux_0: 1.1703 (1.1771)  loss_kld_aux_1: 1.1503 (1.1597)  loss_kld_dn_0: 1.0612 (1.0673)  loss_kld_dn_1: 0.9655 (0.9767)  loss_kld_dn_2: 0.9529 (0.9641)  loss_kld_enc_0: 1.2347 (1.2351)  loss_l1: 0.6509 (0.6294)  loss_l1_aux_0: 0.6561 (0.6363)  loss_l1_aux_1: 0.6511 (0.6299)  loss_l1_dn_0: 0.0915 (0.0905)  loss_l1_dn_1: 0.0785 (0.0802)  loss_l1_dn_2: 0.0771 (0.0780)  loss_l1_enc_0: 0.6629 (0.6443)  time: 1.9842  data: 0.0733  max mem: 56004
Epoch: [37]  [163/164]  eta: 0:00:02  lr: 0.000020  loss: 11.6371 (11.8004)  loss_focal: 0.2453 (0.2545)  loss_focal_aux_0: 0.2524 (0.2598)  loss_focal_aux_1: 0.2466 (0.2558)  loss_focal_dn_0: 0.1032 (0.1058)  loss_focal_dn_1: 0.0759 (0.0786)  loss_focal_dn_2: 0.0697 (0.0730)  loss_focal_enc_0: 0.2592 (0.2693)  loss_kld: 1.1563 (1.1563)  loss_kld_aux_0: 1.1776 (1.1757)  loss_kld_aux_1: 1.1602 (1.1587)  loss_kld_dn_0: 1.0540 (1.0607)  loss_kld_dn_1: 0.9693 (0.9709)  loss_kld_dn_2: 0.9615 (0.9584)  loss_kld_enc_0: 1.2340 (1.2338)  loss_l1: 0.5807 (0.6293)  loss_l1_aux_0: 0.5857 (0.6364)  loss_l1_aux_1: 0.5813 (0.6298)  loss_l1_dn_0: 0.0901 (0.0907)  loss_l1_dn_1: 0.0793 (0.0804)  loss_l1_dn_2: 0.0772 (0.0782)  loss_l1_enc_0: 0.5916 (0.6443)  time: 2.1941  data: 0.0536  max mem: 56004
Epoch: [37] Total time: 0:05:58 (2.1882 s / it)
Test:  [ 0/43]  eta: 0:03:11    time: 4.4578  data: 3.8786  max mem: 56004
Test:  [10/43]  eta: 0:00:31    time: 0.9672  data: 0.6274  max mem: 56004
Test:  [20/43]  eta: 0:00:18    time: 0.6242  data: 0.3014  max mem: 56004
Test:  [30/43]  eta: 0:00:09    time: 0.6263  data: 0.2954  max mem: 56004
Test:  [40/43]  eta: 0:00:02    time: 0.6693  data: 0.3380  max mem: 56004
Test:  [42/43]  eta: 0:00:00    time: 0.6400  data: 0.3193  max mem: 56004
Test: Total time: 0:00:31 (0.7281 s / it)
Averaged stats:
Offline DOTA results saved at /workspace/RT-DETR-OBB/outputs/rtdetrv2_obb_hgnetv2_n_dota_1_ss/dota_results/epoch_37.zip
best_stat: {'epoch': 37, 'mAP': 37.0}
Epoch: [38]  [  0/164]  eta: 0:36:37  lr: 0.000020  loss: 12.8357 (12.8357)  loss_focal: 0.2928 (0.2928)  loss_focal_aux_0: 0.2937 (0.2937)  loss_focal_aux_1: 0.2930 (0.2930)  loss_focal_dn_0: 0.1178 (0.1178)  loss_focal_dn_1: 0.0888 (0.0888)  loss_focal_dn_2: 0.0826 (0.0826)  loss_focal_enc_0: 0.3113 (0.3113)  loss_kld: 1.2962 (1.2962)  loss_kld_aux_0: 1.3131 (1.3131)  loss_kld_aux_1: 1.2988 (1.2988)  loss_kld_dn_0: 1.0687 (1.0687)  loss_kld_dn_1: 0.9972 (0.9972)  loss_kld_dn_2: 0.9899 (0.9899)  loss_kld_enc_0: 1.3724 (1.3724)  loss_l1: 0.6835 (0.6835)  loss_l1_aux_0: 0.6929 (0.6929)  loss_l1_aux_1: 0.6840 (0.6840)  loss_l1_dn_0: 0.0910 (0.0910)  loss_l1_dn_1: 0.0839 (0.0839)  loss_l1_dn_2: 0.0822 (0.0822)  loss_l1_enc_0: 0.7019 (0.7019)  time: 13.3993  data: 11.4348  max mem: 56004
Epoch: [38]  [100/164]  eta: 0:02:26  lr: 0.000020  loss: 12.2816 (12.0456)  loss_focal: 0.2669 (0.2672)  loss_focal_aux_0: 0.2724 (0.2710)  loss_focal_aux_1: 0.2698 (0.2687)  loss_focal_dn_0: 0.1077 (0.1065)  loss_focal_dn_1: 0.0829 (0.0799)  loss_focal_dn_2: 0.0773 (0.0746)  loss_focal_enc_0: 0.2882 (0.2808)  loss_kld: 1.2203 (1.1954)  loss_kld_aux_0: 1.2377 (1.2152)  loss_kld_aux_1: 1.2229 (1.1977)  loss_kld_dn_0: 1.0516 (1.0642)  loss_kld_dn_1: 0.9767 (0.9776)  loss_kld_dn_2: 0.9606 (0.9651)  loss_kld_enc_0: 1.2918 (1.2743)  loss_l1: 0.6594 (0.6324)  loss_l1_aux_0: 0.6661 (0.6403)  loss_l1_aux_1: 0.6601 (0.6330)  loss_l1_dn_0: 0.0918 (0.0918)  loss_l1_dn_1: 0.0810 (0.0818)  loss_l1_dn_2: 0.0788 (0.0796)  loss_l1_enc_0: 0.6757 (0.6484)  time: 2.1508  data: 0.0518  max mem: 56004
Epoch: [38]  [163/164]  eta: 0:00:02  lr: 0.000020  loss: 12.1602 (12.0287)  loss_focal: 0.2970 (0.2712)  loss_focal_aux_0: 0.2959 (0.2742)  loss_focal_aux_1: 0.2970 (0.2719)  loss_focal_dn_0: 0.1046 (0.1062)  loss_focal_dn_1: 0.0774 (0.0798)  loss_focal_dn_2: 0.0727 (0.0745)  loss_focal_enc_0: 0.2993 (0.2838)  loss_kld: 1.1862 (1.1866)  loss_kld_aux_0: 1.1994 (1.2059)  loss_kld_aux_1: 1.1882 (1.1889)  loss_kld_dn_0: 1.0528 (1.0662)  loss_kld_dn_1: 0.9599 (0.9754)  loss_kld_dn_2: 0.9423 (0.9627)  loss_kld_enc_0: 1.2574 (1.2642)  loss_l1: 0.6225 (0.6347)  loss_l1_aux_0: 0.6305 (0.6421)  loss_l1_aux_1: 0.6234 (0.6353)  loss_l1_dn_0: 0.0938 (0.0925)  loss_l1_dn_1: 0.0847 (0.0822)  loss_l1_dn_2: 0.0825 (0.0800)  loss_l1_enc_0: 0.6413 (0.6504)  time: 2.0043  data: 0.0564  max mem: 56004
Epoch: [38] Total time: 0:06:00 (2.1980 s / it)
Test:  [ 0/43]  eta: 0:03:14    time: 4.5228  data: 3.9614  max mem: 56004
Test:  [10/43]  eta: 0:00:30    time: 0.9379  data: 0.6044  max mem: 56004
Test:  [20/43]  eta: 0:00:17    time: 0.5871  data: 0.2736  max mem: 56004
Test:  [30/43]  eta: 0:00:09    time: 0.5703  data: 0.2536  max mem: 56004
Test:  [40/43]  eta: 0:00:02    time: 0.5838  data: 0.2718  max mem: 56004
Test:  [42/43]  eta: 0:00:00    time: 0.5613  data: 0.2629  max mem: 56004
Test: Total time: 0:00:28 (0.6681 s / it)
Averaged stats:
Offline DOTA results saved at /workspace/RT-DETR-OBB/outputs/rtdetrv2_obb_hgnetv2_n_dota_1_ss/dota_results/epoch_38.zip
best_stat: {'epoch': 38, 'mAP': 38.0}
Epoch: [39]  [  0/164]  eta: 0:33:34  lr: 0.000020  loss: 11.6378 (11.6378)  loss_focal: 0.2900 (0.2900)  loss_focal_aux_0: 0.2866 (0.2866)  loss_focal_aux_1: 0.2856 (0.2856)  loss_focal_dn_0: 0.1133 (0.1133)  loss_focal_dn_1: 0.0885 (0.0885)  loss_focal_dn_2: 0.0830 (0.0830)  loss_focal_enc_0: 0.2913 (0.2913)  loss_kld: 1.1454 (1.1454)  loss_kld_aux_0: 1.1591 (1.1591)  loss_kld_aux_1: 1.1478 (1.1478)  loss_kld_dn_0: 1.0748 (1.0748)  loss_kld_dn_1: 0.9721 (0.9721)  loss_kld_dn_2: 0.9593 (0.9593)  loss_kld_enc_0: 1.2110 (1.2110)  loss_l1: 0.5577 (0.5577)  loss_l1_aux_0: 0.5696 (0.5696)  loss_l1_aux_1: 0.5581 (0.5581)  loss_l1_dn_0: 0.0955 (0.0955)  loss_l1_dn_1: 0.0873 (0.0873)  loss_l1_dn_2: 0.0853 (0.0853)  loss_l1_enc_0: 0.5767 (0.5767)  time: 12.2831  data: 9.1465  max mem: 56004
Epoch: [39]  [100/164]  eta: 0:02:23  lr: 0.000020  loss: 11.7496 (12.0565)  loss_focal: 0.2580 (0.2806)  loss_focal_aux_0: 0.2598 (0.2826)  loss_focal_aux_1: 0.2578 (0.2807)  loss_focal_dn_0: 0.1002 (0.1060)  loss_focal_dn_1: 0.0733 (0.0792)  loss_focal_dn_2: 0.0689 (0.0743)  loss_focal_enc_0: 0.2615 (0.2916)  loss_kld: 1.1507 (1.1894)  loss_kld_aux_0: 1.1703 (1.2093)  loss_kld_aux_1: 1.1546 (1.1918)  loss_kld_dn_0: 1.0444 (1.0636)  loss_kld_dn_1: 0.9560 (0.9673)  loss_kld_dn_2: 0.9448 (0.9551)  loss_kld_enc_0: 1.2332 (1.2689)  loss_l1: 0.6082 (0.6354)  loss_l1_aux_0: 0.6148 (0.6430)  loss_l1_aux_1: 0.6085 (0.6360)  loss_l1_dn_0: 0.0884 (0.0912)  loss_l1_dn_1: 0.0797 (0.0804)  loss_l1_dn_2: 0.0781 (0.0785)  loss_l1_enc_0: 0.6224 (0.6517)  time: 2.1553  data: 0.0722  max mem: 56004
Epoch: [39]  [163/164]  eta: 0:00:02  lr: 0.000020  loss: 11.5620 (11.9245)  loss_focal: 0.2617 (0.2724)  loss_focal_aux_0: 0.2627 (0.2752)  loss_focal_aux_1: 0.2584 (0.2725)  loss_focal_dn_0: 0.0976 (0.1039)  loss_focal_dn_1: 0.0726 (0.0770)  loss_focal_dn_2: 0.0662 (0.0720)  loss_focal_enc_0: 0.2710 (0.2844)  loss_kld: 1.1206 (1.1775)  loss_kld_aux_0: 1.1457 (1.1971)  loss_kld_aux_1: 1.1222 (1.1798)  loss_kld_dn_0: 1.0416 (1.0603)  loss_kld_dn_1: 0.9476 (0.9659)  loss_kld_dn_2: 0.9385 (0.9535)  loss_kld_enc_0: 1.2003 (1.2558)  loss_l1: 0.5778 (0.6259)  loss_l1_aux_0: 0.5852 (0.6334)  loss_l1_aux_1: 0.5788 (0.6264)  loss_l1_dn_0: 0.0918 (0.0908)  loss_l1_dn_1: 0.0782 (0.0804)  loss_l1_dn_2: 0.0766 (0.0784)  loss_l1_enc_0: 0.5945 (0.6418)  time: 2.1058  data: 0.0496  max mem: 56004
Epoch: [39] Total time: 0:05:59 (2.1900 s / it)
Test:  [ 0/43]  eta: 0:02:55    time: 4.0786  data: 3.5210  max mem: 56004
Test:  [10/43]  eta: 0:00:28    time: 0.8561  data: 0.5308  max mem: 56004
Test:  [20/43]  eta: 0:00:16    time: 0.5588  data: 0.2575  max mem: 56004
Test:  [30/43]  eta: 0:00:08    time: 0.5556  data: 0.2550  max mem: 56004
Test:  [40/43]  eta: 0:00:01    time: 0.5598  data: 0.2608  max mem: 56004
Test:  [42/43]  eta: 0:00:00    time: 0.5494  data: 0.2604  max mem: 56004
Test: Total time: 0:00:27 (0.6356 s / it)
Averaged stats:
Offline DOTA results saved at /workspace/RT-DETR-OBB/outputs/rtdetrv2_obb_hgnetv2_n_dota_1_ss/dota_results/epoch_39.zip
best_stat: {'epoch': 39, 'mAP': 39.0}
Epoch: [40]  [  0/164]  eta: 0:30:58  lr: 0.000020  loss: 13.0556 (13.0556)  loss_focal: 0.2564 (0.2564)  loss_focal_aux_0: 0.2602 (0.2602)  loss_focal_aux_1: 0.2550 (0.2550)  loss_focal_dn_0: 0.1065 (0.1065)  loss_focal_dn_1: 0.0784 (0.0784)  loss_focal_dn_2: 0.0748 (0.0748)  loss_focal_enc_0: 0.2726 (0.2726)  loss_kld: 1.3877 (1.3877)  loss_kld_aux_0: 1.4056 (1.4056)  loss_kld_aux_1: 1.3907 (1.3907)  loss_kld_dn_0: 1.0779 (1.0779)  loss_kld_dn_1: 1.0104 (1.0104)  loss_kld_dn_2: 0.9983 (0.9983)  loss_kld_enc_0: 1.4616 (1.4616)  loss_l1: 0.6867 (0.6867)  loss_l1_aux_0: 0.6942 (0.6942)  loss_l1_aux_1: 0.6871 (0.6871)  loss_l1_dn_0: 0.0876 (0.0876)  loss_l1_dn_1: 0.0816 (0.0816)  loss_l1_dn_2: 0.0803 (0.0803)  loss_l1_enc_0: 0.7020 (0.7020)  time: 11.3298  data: 9.5934  max mem: 56004
Epoch: [40]  [100/164]  eta: 0:02:23  lr: 0.000020  loss: 11.8998 (11.8870)  loss_focal: 0.2515 (0.2658)  loss_focal_aux_0: 0.2578 (0.2702)  loss_focal_aux_1: 0.2519 (0.2670)  loss_focal_dn_0: 0.0989 (0.1026)  loss_focal_dn_1: 0.0727 (0.0752)  loss_focal_dn_2: 0.0681 (0.0700)  loss_focal_enc_0: 0.2741 (0.2791)  loss_kld: 1.1824 (1.1761)  loss_kld_aux_0: 1.2016 (1.1953)  loss_kld_aux_1: 1.1856 (1.1783)  loss_kld_dn_0: 1.0545 (1.0425)  loss_kld_dn_1: 0.9567 (0.9505)  loss_kld_dn_2: 0.9452 (0.9383)  loss_kld_enc_0: 1.2753 (1.2534)  loss_l1: 0.5932 (0.6374)  loss_l1_aux_0: 0.6007 (0.6446)  loss_l1_aux_1: 0.5939 (0.6379)  loss_l1_dn_0: 0.0860 (0.0909)  loss_l1_dn_1: 0.0746 (0.0806)  loss_l1_dn_2: 0.0723 (0.0785)  loss_l1_enc_0: 0.6100 (0.6528)  time: 2.2001  data: 0.0531  max mem: 56004
Epoch: [40]  [163/164]  eta: 0:00:02  lr: 0.000020  loss: 12.0570 (11.8042)  loss_focal: 0.2771 (0.2644)  loss_focal_aux_0: 0.2727 (0.2689)  loss_focal_aux_1: 0.2736 (0.2654)  loss_focal_dn_0: 0.1004 (0.1012)  loss_focal_dn_1: 0.0730 (0.0739)  loss_focal_dn_2: 0.0677 (0.0687)  loss_focal_enc_0: 0.2815 (0.2779)  loss_kld: 1.2160 (1.1654)  loss_kld_aux_0: 1.2332 (1.1849)  loss_kld_aux_1: 1.2193 (1.1679)  loss_kld_dn_0: 1.0577 (1.0416)  loss_kld_dn_1: 0.9775 (0.9507)  loss_kld_dn_2: 0.9649 (0.9385)  loss_kld_enc_0: 1.2878 (1.2436)  loss_l1: 0.6435 (0.6298)  loss_l1_aux_0: 0.6480 (0.6369)  loss_l1_aux_1: 0.6436 (0.6303)  loss_l1_dn_0: 0.0857 (0.0907)  loss_l1_dn_1: 0.0762 (0.0802)  loss_l1_dn_2: 0.0746 (0.0782)  loss_l1_enc_0: 0.6561 (0.6450)  time: 2.0760  data: 0.0656  max mem: 56004
Epoch: [40] Total time: 0:05:54 (2.1621 s / it)
Test:  [ 0/43]  eta: 0:02:59    time: 4.1768  data: 3.5914  max mem: 56004
Test:  [10/43]  eta: 0:00:29    time: 0.8863  data: 0.5585  max mem: 56004
Test:  [20/43]  eta: 0:00:17    time: 0.5909  data: 0.2854  max mem: 56004
Test:  [30/43]  eta: 0:00:08    time: 0.5745  data: 0.2671  max mem: 56004
Test:  [40/43]  eta: 0:00:02    time: 0.5760  data: 0.2718  max mem: 56004
Test:  [42/43]  eta: 0:00:00    time: 0.5666  data: 0.2727  max mem: 56004
Test: Total time: 0:00:28 (0.6585 s / it)
Averaged stats:
Offline DOTA results saved at /workspace/RT-DETR-OBB/outputs/rtdetrv2_obb_hgnetv2_n_dota_1_ss/dota_results/epoch_40.zip
best_stat: {'epoch': 40, 'mAP': 40.0}
Epoch: [41]  [  0/164]  eta: 0:34:23  lr: 0.000020  loss: 11.7748 (11.7748)  loss_focal: 0.2375 (0.2375)  loss_focal_aux_0: 0.2395 (0.2395)  loss_focal_aux_1: 0.2397 (0.2397)  loss_focal_dn_0: 0.0904 (0.0904)  loss_focal_dn_1: 0.0660 (0.0660)  loss_focal_dn_2: 0.0612 (0.0612)  loss_focal_enc_0: 0.2510 (0.2510)  loss_kld: 1.2456 (1.2456)  loss_kld_aux_0: 1.2645 (1.2645)  loss_kld_aux_1: 1.2493 (1.2493)  loss_kld_dn_0: 0.9496 (0.9496)  loss_kld_dn_1: 0.8777 (0.8777)  loss_kld_dn_2: 0.8637 (0.8637)  loss_kld_enc_0: 1.3119 (1.3119)  loss_l1: 0.6493 (0.6493)  loss_l1_aux_0: 0.6591 (0.6591)  loss_l1_aux_1: 0.6502 (0.6502)  loss_l1_dn_0: 0.0722 (0.0722)  loss_l1_dn_1: 0.0666 (0.0666)  loss_l1_dn_2: 0.0640 (0.0640)  loss_l1_enc_0: 0.6659 (0.6659)  time: 12.5837  data: 10.1359  max mem: 56004
Epoch: [41]  [100/164]  eta: 0:02:23  lr: 0.000020  loss: 11.3757 (11.7555)  loss_focal: 0.2412 (0.2629)  loss_focal_aux_0: 0.2484 (0.2664)  loss_focal_aux_1: 0.2430 (0.2636)  loss_focal_dn_0: 0.0961 (0.0985)  loss_focal_dn_1: 0.0659 (0.0714)  loss_focal_dn_2: 0.0606 (0.0663)  loss_focal_enc_0: 0.2608 (0.2743)  loss_kld: 1.1161 (1.1623)  loss_kld_aux_0: 1.1394 (1.1826)  loss_kld_aux_1: 1.1203 (1.1651)  loss_kld_dn_0: 1.0312 (1.0412)  loss_kld_dn_1: 0.9416 (0.9518)  loss_kld_dn_2: 0.9304 (0.9394)  loss_kld_enc_0: 1.1973 (1.2419)  loss_l1: 0.5996 (0.6259)  loss_l1_aux_0: 0.6122 (0.6334)  loss_l1_aux_1: 0.6004 (0.6265)  loss_l1_dn_0: 0.0825 (0.0877)  loss_l1_dn_1: 0.0728 (0.0774)  loss_l1_dn_2: 0.0718 (0.0754)  loss_l1_enc_0: 0.6188 (0.6416)  time: 2.0701  data: 0.0567  max mem: 56004
Epoch: [41]  [163/164]  eta: 0:00:02  lr: 0.000020  loss: 11.2843 (11.7233)  loss_focal: 0.2359 (0.2601)  loss_focal_aux_0: 0.2398 (0.2638)  loss_focal_aux_1: 0.2368 (0.2609)  loss_focal_dn_0: 0.0946 (0.0980)  loss_focal_dn_1: 0.0685 (0.0710)  loss_focal_dn_2: 0.0617 (0.0660)  loss_focal_enc_0: 0.2510 (0.2725)  loss_kld: 1.1189 (1.1609)  loss_kld_aux_0: 1.1343 (1.1802)  loss_kld_aux_1: 1.1226 (1.1635)  loss_kld_dn_0: 1.0190 (1.0411)  loss_kld_dn_1: 0.9351 (0.9514)  loss_kld_dn_2: 0.9264 (0.9394)  loss_kld_enc_0: 1.1830 (1.2382)  loss_l1: 0.6017 (0.6230)  loss_l1_aux_0: 0.6082 (0.6304)  loss_l1_aux_1: 0.6021 (0.6235)  loss_l1_dn_0: 0.0853 (0.0877)  loss_l1_dn_1: 0.0760 (0.0776)  loss_l1_dn_2: 0.0744 (0.0757)  loss_l1_enc_0: 0.6169 (0.6385)  time: 2.0499  data: 0.0576  max mem: 56004
Epoch: [41] Total time: 0:05:55 (2.1703 s / it)
Test:  [ 0/43]  eta: 0:02:58    time: 4.1540  data: 3.5935  max mem: 56004
Test:  [10/43]  eta: 0:00:29    time: 0.8832  data: 0.5567  max mem: 56004
Test:  [20/43]  eta: 0:00:17    time: 0.5859  data: 0.2817  max mem: 56004
Test:  [30/43]  eta: 0:00:08    time: 0.5848  data: 0.2770  max mem: 56004
Test:  [40/43]  eta: 0:00:02    time: 0.5960  data: 0.2898  max mem: 56004
Test:  [42/43]  eta: 0:00:00    time: 0.5862  data: 0.2911  max mem: 56004
Test: Total time: 0:00:28 (0.6675 s / it)
Averaged stats:
Offline DOTA results saved at /workspace/RT-DETR-OBB/outputs/rtdetrv2_obb_hgnetv2_n_dota_1_ss/dota_results/epoch_41.zip
best_stat: {'epoch': 41, 'mAP': 41.0}
Epoch: [42]  [  0/164]  eta: 0:32:28  lr: 0.000020  loss: 11.6239 (11.6239)  loss_focal: 0.2355 (0.2355)  loss_focal_aux_0: 0.2479 (0.2479)  loss_focal_aux_1: 0.2419 (0.2419)  loss_focal_dn_0: 0.0924 (0.0924)  loss_focal_dn_1: 0.0672 (0.0672)  loss_focal_dn_2: 0.0614 (0.0614)  loss_focal_enc_0: 0.2592 (0.2592)  loss_kld: 1.1099 (1.1099)  loss_kld_aux_0: 1.1322 (1.1322)  loss_kld_aux_1: 1.1134 (1.1134)  loss_kld_dn_0: 0.9943 (0.9943)  loss_kld_dn_1: 0.9067 (0.9067)  loss_kld_dn_2: 0.8922 (0.8922)  loss_kld_enc_0: 1.1952 (1.1952)  loss_l1: 0.6976 (0.6976)  loss_l1_aux_0: 0.7136 (0.7136)  loss_l1_aux_1: 0.6987 (0.6987)  loss_l1_dn_0: 0.0901 (0.0901)  loss_l1_dn_1: 0.0775 (0.0775)  loss_l1_dn_2: 0.0746 (0.0746)  loss_l1_enc_0: 0.7226 (0.7226)  time: 11.8817  data: 9.9809  max mem: 56004
Epoch: [42]  [100/164]  eta: 0:02:26  lr: 0.000020  loss: 11.2480 (11.4068)  loss_focal: 0.2283 (0.2431)  loss_focal_aux_0: 0.2323 (0.2481)  loss_focal_aux_1: 0.2282 (0.2446)  loss_focal_dn_0: 0.0897 (0.0935)  loss_focal_dn_1: 0.0619 (0.0666)  loss_focal_dn_2: 0.0580 (0.0616)  loss_focal_enc_0: 0.2352 (0.2565)  loss_kld: 1.1034 (1.1362)  loss_kld_aux_0: 1.1288 (1.1560)  loss_kld_aux_1: 1.1078 (1.1387)  loss_kld_dn_0: 1.0049 (1.0211)  loss_kld_dn_1: 0.9242 (0.9347)  loss_kld_dn_2: 0.9133 (0.9232)  loss_kld_enc_0: 1.1939 (1.2143)  loss_l1: 0.5956 (0.6022)  loss_l1_aux_0: 0.6020 (0.6098)  loss_l1_aux_1: 0.5965 (0.6027)  loss_l1_dn_0: 0.0823 (0.0860)  loss_l1_dn_1: 0.0735 (0.0761)  loss_l1_dn_2: 0.0713 (0.0742)  loss_l1_enc_0: 0.6088 (0.6177)  time: 2.2455  data: 0.0572  max mem: 56004
Epoch: [42]  [163/164]  eta: 0:00:02  lr: 0.000020  loss: 11.6612 (11.4652)  loss_focal: 0.2540 (0.2483)  loss_focal_aux_0: 0.2565 (0.2526)  loss_focal_aux_1: 0.2563 (0.2496)  loss_focal_dn_0: 0.1158 (0.0965)  loss_focal_dn_1: 0.0807 (0.0687)  loss_focal_dn_2: 0.0723 (0.0635)  loss_focal_enc_0: 0.2617 (0.2609)  loss_kld: 1.1115 (1.1333)  loss_kld_aux_0: 1.1336 (1.1531)  loss_kld_aux_1: 1.1145 (1.1360)  loss_kld_dn_0: 1.1285 (1.0348)  loss_kld_dn_1: 0.9697 (0.9391)  loss_kld_dn_2: 0.9545 (0.9272)  loss_kld_enc_0: 1.1971 (1.2112)  loss_l1: 0.5993 (0.6069)  loss_l1_aux_0: 0.6054 (0.6141)  loss_l1_aux_1: 0.6004 (0.6075)  loss_l1_dn_0: 0.0939 (0.0875)  loss_l1_dn_1: 0.0810 (0.0771)  loss_l1_dn_2: 0.0795 (0.0751)  loss_l1_enc_0: 0.6144 (0.6221)  time: 2.0830  data: 0.0577  max mem: 56004
Epoch: [42] Total time: 0:06:03 (2.2145 s / it)
Test:  [ 0/43]  eta: 0:02:51    time: 3.9943  data: 3.4241  max mem: 56004
Test:  [10/43]  eta: 0:00:29    time: 0.8939  data: 0.5579  max mem: 56004
Test:  [20/43]  eta: 0:00:17    time: 0.5843  data: 0.2705  max mem: 56004
Test:  [30/43]  eta: 0:00:08    time: 0.5779  data: 0.2646  max mem: 56004
Test:  [40/43]  eta: 0:00:02    time: 0.6036  data: 0.2922  max mem: 56004
Test:  [42/43]  eta: 0:00:00    time: 0.5995  data: 0.2990  max mem: 56004
Test: Total time: 0:00:28 (0.6708 s / it)
Averaged stats:
Offline DOTA results saved at /workspace/RT-DETR-OBB/outputs/rtdetrv2_obb_hgnetv2_n_dota_1_ss/dota_results/epoch_42.zip
best_stat: {'epoch': 42, 'mAP': 42.0}
Epoch: [43]  [  0/164]  eta: 0:30:03  lr: 0.000020  loss: 10.1105 (10.1105)  loss_focal: 0.3028 (0.3028)  loss_focal_aux_0: 0.2961 (0.2961)  loss_focal_aux_1: 0.2978 (0.2978)  loss_focal_dn_0: 0.0846 (0.0846)  loss_focal_dn_1: 0.0598 (0.0598)  loss_focal_dn_2: 0.0582 (0.0582)  loss_focal_enc_0: 0.3117 (0.3117)  loss_kld: 0.8700 (0.8700)  loss_kld_aux_0: 0.8996 (0.8996)  loss_kld_aux_1: 0.8728 (0.8728)  loss_kld_dn_0: 0.9558 (0.9558)  loss_kld_dn_1: 0.8207 (0.8207)  loss_kld_dn_2: 0.8060 (0.8060)  loss_kld_enc_0: 0.9633 (0.9633)  loss_l1: 0.5592 (0.5592)  loss_l1_aux_0: 0.5727 (0.5727)  loss_l1_aux_1: 0.5596 (0.5596)  loss_l1_dn_0: 0.0873 (0.0873)  loss_l1_dn_1: 0.0758 (0.0758)  loss_l1_dn_2: 0.0734 (0.0734)  loss_l1_enc_0: 0.5833 (0.5833)  time: 10.9952  data: 9.4441  max mem: 56004
Epoch: [43]  [100/164]  eta: 0:02:28  lr: 0.000020  loss: 11.4407 (11.7245)  loss_focal: 0.2436 (0.2567)  loss_focal_aux_0: 0.2513 (0.2622)  loss_focal_aux_1: 0.2464 (0.2584)  loss_focal_dn_0: 0.0953 (0.0974)  loss_focal_dn_1: 0.0670 (0.0699)  loss_focal_dn_2: 0.0633 (0.0651)  loss_focal_enc_0: 0.2545 (0.2722)  loss_kld: 1.1460 (1.1621)  loss_kld_aux_0: 1.1669 (1.1830)  loss_kld_aux_1: 1.1483 (1.1651)  loss_kld_dn_0: 1.0236 (1.0272)  loss_kld_dn_1: 0.9395 (0.9379)  loss_kld_dn_2: 0.9281 (0.9257)  loss_kld_enc_0: 1.2288 (1.2446)  loss_l1: 0.5908 (0.6342)  loss_l1_aux_0: 0.6077 (0.6421)  loss_l1_aux_1: 0.5911 (0.6346)  loss_l1_dn_0: 0.0816 (0.0861)  loss_l1_dn_1: 0.0712 (0.0759)  loss_l1_dn_2: 0.0693 (0.0740)  loss_l1_enc_0: 0.6172 (0.6503)  time: 2.4284  data: 0.0610  max mem: 56004
Epoch: [43]  [163/164]  eta: 0:00:02  lr: 0.000020  loss: 10.9113 (11.4560)  loss_focal: 0.2516 (0.2536)  loss_focal_aux_0: 0.2597 (0.2598)  loss_focal_aux_1: 0.2547 (0.2556)  loss_focal_dn_0: 0.0865 (0.0944)  loss_focal_dn_1: 0.0602 (0.0672)  loss_focal_dn_2: 0.0563 (0.0622)  loss_focal_enc_0: 0.2699 (0.2700)  loss_kld: 1.0768 (1.1292)  loss_kld_aux_0: 1.0980 (1.1498)  loss_kld_aux_1: 1.0799 (1.1321)  loss_kld_dn_0: 0.9958 (1.0163)  loss_kld_dn_1: 0.9007 (0.9273)  loss_kld_dn_2: 0.8886 (0.9151)  loss_kld_enc_0: 1.1521 (1.2101)  loss_l1: 0.5731 (0.6135)  loss_l1_aux_0: 0.5744 (0.6213)  loss_l1_aux_1: 0.5738 (0.6141)  loss_l1_dn_0: 0.0837 (0.0857)  loss_l1_dn_1: 0.0753 (0.0755)  loss_l1_dn_2: 0.0735 (0.0736)  loss_l1_enc_0: 0.5836 (0.6295)  time: 2.0675  data: 0.0590  max mem: 56004
Epoch: [43] Total time: 0:06:02 (2.2085 s / it)
Test:  [ 0/43]  eta: 0:02:58    time: 4.1448  data: 3.5770  max mem: 56004
Test:  [10/43]  eta: 0:00:29    time: 0.9013  data: 0.5737  max mem: 56004
Test:  [20/43]  eta: 0:00:17    time: 0.5831  data: 0.2800  max mem: 56004
Test:  [30/43]  eta: 0:00:08    time: 0.5646  data: 0.2606  max mem: 56004
Test:  [40/43]  eta: 0:00:01    time: 0.5752  data: 0.2688  max mem: 56004
Test:  [42/43]  eta: 0:00:00    time: 0.5626  data: 0.2666  max mem: 56004
Test: Total time: 0:00:28 (0.6556 s / it)
Averaged stats:
Offline DOTA results saved at /workspace/RT-DETR-OBB/outputs/rtdetrv2_obb_hgnetv2_n_dota_1_ss/dota_results/epoch_43.zip
best_stat: {'epoch': 43, 'mAP': 43.0}
Epoch: [44]  [  0/164]  eta: 0:33:44  lr: 0.000020  loss: 10.6094 (10.6094)  loss_focal: 0.2686 (0.2686)  loss_focal_aux_0: 0.2706 (0.2706)  loss_focal_aux_1: 0.2710 (0.2710)  loss_focal_dn_0: 0.0877 (0.0877)  loss_focal_dn_1: 0.0634 (0.0634)  loss_focal_dn_2: 0.0581 (0.0581)  loss_focal_enc_0: 0.2819 (0.2819)  loss_kld: 1.0310 (1.0310)  loss_kld_aux_0: 1.0534 (1.0534)  loss_kld_aux_1: 1.0346 (1.0346)  loss_kld_dn_0: 0.9344 (0.9344)  loss_kld_dn_1: 0.8594 (0.8594)  loss_kld_dn_2: 0.8471 (0.8471)  loss_kld_enc_0: 1.1162 (1.1162)  loss_l1: 0.5304 (0.5304)  loss_l1_aux_0: 0.5379 (0.5379)  loss_l1_aux_1: 0.5313 (0.5313)  loss_l1_dn_0: 0.1020 (0.1020)  loss_l1_dn_1: 0.0929 (0.0929)  loss_l1_dn_2: 0.0904 (0.0904)  loss_l1_enc_0: 0.5471 (0.5471)  time: 12.3422  data: 10.5187  max mem: 56004
Epoch: [44]  [100/164]  eta: 0:02:24  lr: 0.000020  loss: 11.7661 (11.3252)  loss_focal: 0.2364 (0.2474)  loss_focal_aux_0: 0.2412 (0.2533)  loss_focal_aux_1: 0.2396 (0.2493)  loss_focal_dn_0: 0.0897 (0.0909)  loss_focal_dn_1: 0.0631 (0.0645)  loss_focal_dn_2: 0.0583 (0.0594)  loss_focal_enc_0: 0.2442 (0.2642)  loss_kld: 1.1987 (1.1274)  loss_kld_aux_0: 1.2165 (1.1471)  loss_kld_aux_1: 1.2029 (1.1302)  loss_kld_dn_0: 1.0300 (1.0088)  loss_kld_dn_1: 0.9397 (0.9216)  loss_kld_dn_2: 0.9279 (0.9098)  loss_kld_enc_0: 1.2648 (1.2059)  loss_l1: 0.6056 (0.5962)  loss_l1_aux_0: 0.6147 (0.6036)  loss_l1_aux_1: 0.6059 (0.5967)  loss_l1_dn_0: 0.0796 (0.0866)  loss_l1_dn_1: 0.0686 (0.0764)  loss_l1_dn_2: 0.0670 (0.0744)  loss_l1_enc_0: 0.6221 (0.6117)  time: 2.3168  data: 0.0819  max mem: 56004
Epoch: [44]  [163/164]  eta: 0:00:02  lr: 0.000020  loss: 11.0128 (11.3780)  loss_focal: 0.2420 (0.2501)  loss_focal_aux_0: 0.2528 (0.2559)  loss_focal_aux_1: 0.2476 (0.2519)  loss_focal_dn_0: 0.0858 (0.0907)  loss_focal_dn_1: 0.0616 (0.0642)  loss_focal_dn_2: 0.0567 (0.0592)  loss_focal_enc_0: 0.2676 (0.2669)  loss_kld: 1.0791 (1.1316)  loss_kld_aux_0: 1.0962 (1.1514)  loss_kld_aux_1: 1.0813 (1.1344)  loss_kld_dn_0: 0.9960 (1.0086)  loss_kld_dn_1: 0.9173 (0.9238)  loss_kld_dn_2: 0.9059 (0.9123)  loss_kld_enc_0: 1.1713 (1.2127)  loss_l1: 0.6076 (0.6011)  loss_l1_aux_0: 0.6109 (0.6080)  loss_l1_aux_1: 0.6091 (0.6017)  loss_l1_dn_0: 0.0890 (0.0863)  loss_l1_dn_1: 0.0783 (0.0763)  loss_l1_dn_2: 0.0758 (0.0744)  loss_l1_enc_0: 0.6209 (0.6163)  time: 1.9345  data: 0.0519  max mem: 56004
Epoch: [44] Total time: 0:05:57 (2.1805 s / it)
Test:  [ 0/43]  eta: 0:02:55    time: 4.0812  data: 3.5359  max mem: 56004
Test:  [10/43]  eta: 0:00:28    time: 0.8540  data: 0.5314  max mem: 56004
Test:  [20/43]  eta: 0:00:16    time: 0.5639  data: 0.2634  max mem: 56004
Test:  [30/43]  eta: 0:00:08    time: 0.5666  data: 0.2642  max mem: 56004
Test:  [40/43]  eta: 0:00:01    time: 0.5638  data: 0.2635  max mem: 56004
Test:  [42/43]  eta: 0:00:00    time: 0.5342  data: 0.2450  max mem: 56004
Test: Total time: 0:00:27 (0.6408 s / it)
Averaged stats:
Offline DOTA results saved at /workspace/RT-DETR-OBB/outputs/rtdetrv2_obb_hgnetv2_n_dota_1_ss/dota_results/epoch_44.zip
best_stat: {'epoch': 44, 'mAP': 44.0}
Epoch: [45]  [  0/164]  eta: 0:28:43  lr: 0.000020  loss: 10.0195 (10.0195)  loss_focal: 0.2839 (0.2839)  loss_focal_aux_0: 0.2958 (0.2958)  loss_focal_aux_1: 0.2846 (0.2846)  loss_focal_dn_0: 0.0772 (0.0772)  loss_focal_dn_1: 0.0514 (0.0514)  loss_focal_dn_2: 0.0470 (0.0470)  loss_focal_enc_0: 0.3097 (0.3097)  loss_kld: 0.9204 (0.9204)  loss_kld_aux_0: 0.9428 (0.9428)  loss_kld_aux_1: 0.9240 (0.9240)  loss_kld_dn_0: 0.9593 (0.9593)  loss_kld_dn_1: 0.8707 (0.8707)  loss_kld_dn_2: 0.8557 (0.8557)  loss_kld_enc_0: 1.0072 (1.0072)  loss_l1: 0.4765 (0.4765)  loss_l1_aux_0: 0.4863 (0.4863)  loss_l1_aux_1: 0.4778 (0.4778)  loss_l1_dn_0: 0.0914 (0.0914)  loss_l1_dn_1: 0.0809 (0.0809)  loss_l1_dn_2: 0.0778 (0.0778)  loss_l1_enc_0: 0.4991 (0.4991)  time: 10.5090  data: 8.7782  max mem: 56004
Epoch: [45]  [100/164]  eta: 0:02:23  lr: 0.000020  loss: 11.2838 (11.4802)  loss_focal: 0.2407 (0.2564)  loss_focal_aux_0: 0.2475 (0.2618)  loss_focal_aux_1: 0.2399 (0.2582)  loss_focal_dn_0: 0.0901 (0.0903)  loss_focal_dn_1: 0.0629 (0.0641)  loss_focal_dn_2: 0.0600 (0.0592)  loss_focal_enc_0: 0.2534 (0.2722)  loss_kld: 1.1410 (1.1373)  loss_kld_aux_0: 1.1654 (1.1568)  loss_kld_aux_1: 1.1445 (1.1400)  loss_kld_dn_0: 0.9896 (1.0037)  loss_kld_dn_1: 0.8938 (0.9219)  loss_kld_dn_2: 0.8802 (0.9107)  loss_kld_enc_0: 1.2264 (1.2158)  loss_l1: 0.6069 (0.6186)  loss_l1_aux_0: 0.6098 (0.6258)  loss_l1_aux_1: 0.6074 (0.6192)  loss_l1_dn_0: 0.0793 (0.0852)  loss_l1_dn_1: 0.0713 (0.0755)  loss_l1_dn_2: 0.0699 (0.0736)  loss_l1_enc_0: 0.6170 (0.6339)  time: 2.2371  data: 0.0522  max mem: 56004
Epoch: [45]  [163/164]  eta: 0:00:02  lr: 0.000020  loss: 11.0768 (11.4754)  loss_focal: 0.2294 (0.2530)  loss_focal_aux_0: 0.2370 (0.2587)  loss_focal_aux_1: 0.2317 (0.2550)  loss_focal_dn_0: 0.0867 (0.0901)  loss_focal_dn_1: 0.0604 (0.0639)  loss_focal_dn_2: 0.0561 (0.0590)  loss_focal_enc_0: 0.2567 (0.2693)  loss_kld: 1.1062 (1.1429)  loss_kld_aux_0: 1.1276 (1.1627)  loss_kld_aux_1: 1.1118 (1.1458)  loss_kld_dn_0: 1.0319 (1.0108)  loss_kld_dn_1: 0.9477 (0.9272)  loss_kld_dn_2: 0.9339 (0.9160)  loss_kld_enc_0: 1.1975 (1.2221)  loss_l1: 0.5845 (0.6107)  loss_l1_aux_0: 0.5868 (0.6177)  loss_l1_aux_1: 0.5854 (0.6112)  loss_l1_dn_0: 0.0806 (0.0849)  loss_l1_dn_1: 0.0718 (0.0752)  loss_l1_dn_2: 0.0704 (0.0734)  loss_l1_enc_0: 0.5954 (0.6258)  time: 2.1813  data: 0.0653  max mem: 56004
Epoch: [45] Total time: 0:06:03 (2.2173 s / it)
Test:  [ 0/43]  eta: 0:03:03    time: 4.2600  data: 3.7048  max mem: 56004
Test:  [10/43]  eta: 0:00:28    time: 0.8694  data: 0.5463  max mem: 56004
Test:  [20/43]  eta: 0:00:16    time: 0.5609  data: 0.2595  max mem: 56004
Test:  [30/43]  eta: 0:00:08    time: 0.5582  data: 0.2545  max mem: 56004
Test:  [40/43]  eta: 0:00:01    time: 0.5724  data: 0.2703  max mem: 56004
Test:  [42/43]  eta: 0:00:00    time: 0.5581  data: 0.2668  max mem: 56004
Test: Total time: 0:00:27 (0.6449 s / it)
Averaged stats:
Offline DOTA results saved at /workspace/RT-DETR-OBB/outputs/rtdetrv2_obb_hgnetv2_n_dota_1_ss/dota_results/epoch_45.zip
best_stat: {'epoch': 45, 'mAP': 45.0}
Epoch: [46]  [  0/164]  eta: 0:35:11  lr: 0.000020  loss: 11.4522 (11.4522)  loss_focal: 0.2401 (0.2401)  loss_focal_aux_0: 0.2492 (0.2492)  loss_focal_aux_1: 0.2437 (0.2437)  loss_focal_dn_0: 0.0829 (0.0829)  loss_focal_dn_1: 0.0604 (0.0604)  loss_focal_dn_2: 0.0580 (0.0580)  loss_focal_enc_0: 0.2610 (0.2610)  loss_kld: 1.1250 (1.1250)  loss_kld_aux_0: 1.1484 (1.1484)  loss_kld_aux_1: 1.1309 (1.1309)  loss_kld_dn_0: 1.0776 (1.0776)  loss_kld_dn_1: 0.9594 (0.9594)  loss_kld_dn_2: 0.9453 (0.9453)  loss_kld_enc_0: 1.2368 (1.2368)  loss_l1: 0.5968 (0.5968)  loss_l1_aux_0: 0.5992 (0.5992)  loss_l1_aux_1: 0.5968 (0.5968)  loss_l1_dn_0: 0.0820 (0.0820)  loss_l1_dn_1: 0.0742 (0.0742)  loss_l1_dn_2: 0.0735 (0.0735)  loss_l1_enc_0: 0.6110 (0.6110)  time: 12.8759  data: 9.0319  max mem: 56004
Epoch: [46]  [100/164]  eta: 0:02:23  lr: 0.000020  loss: 11.9856 (11.4627)  loss_focal: 0.2532 (0.2529)  loss_focal_aux_0: 0.2584 (0.2588)  loss_focal_aux_1: 0.2547 (0.2554)  loss_focal_dn_0: 0.0911 (0.0908)  loss_focal_dn_1: 0.0665 (0.0639)  loss_focal_dn_2: 0.0624 (0.0589)  loss_focal_enc_0: 0.2664 (0.2684)  loss_kld: 1.1931 (1.1364)  loss_kld_aux_0: 1.2071 (1.1561)  loss_kld_aux_1: 1.1946 (1.1394)  loss_kld_dn_0: 1.0013 (1.0159)  loss_kld_dn_1: 0.9203 (0.9242)  loss_kld_dn_2: 0.9117 (0.9129)  loss_kld_enc_0: 1.2655 (1.2154)  loss_l1: 0.6649 (0.6130)  loss_l1_aux_0: 0.6702 (0.6197)  loss_l1_aux_1: 0.6653 (0.6135)  loss_l1_dn_0: 0.0821 (0.0870)  loss_l1_dn_1: 0.0716 (0.0769)  loss_l1_dn_2: 0.0706 (0.0751)  loss_l1_enc_0: 0.6790 (0.6281)  time: 2.0841  data: 0.0514  max mem: 56004
Epoch: [46]  [163/164]  eta: 0:00:02  lr: 0.000020  loss: 11.1050 (11.3962)  loss_focal: 0.2352 (0.2541)  loss_focal_aux_0: 0.2444 (0.2599)  loss_focal_aux_1: 0.2360 (0.2563)  loss_focal_dn_0: 0.0837 (0.0902)  loss_focal_dn_1: 0.0599 (0.0635)  loss_focal_dn_2: 0.0552 (0.0587)  loss_focal_enc_0: 0.2516 (0.2695)  loss_kld: 1.1120 (1.1288)  loss_kld_aux_0: 1.1319 (1.1487)  loss_kld_aux_1: 1.1156 (1.1317)  loss_kld_dn_0: 0.9786 (1.0103)  loss_kld_dn_1: 0.8923 (0.9194)  loss_kld_dn_2: 0.8821 (0.9080)  loss_kld_enc_0: 1.1887 (1.2076)  loss_l1: 0.5707 (0.6072)  loss_l1_aux_0: 0.5838 (0.6143)  loss_l1_aux_1: 0.5716 (0.6077)  loss_l1_dn_0: 0.0839 (0.0867)  loss_l1_dn_1: 0.0748 (0.0765)  loss_l1_dn_2: 0.0727 (0.0747)  loss_l1_enc_0: 0.5932 (0.6226)  time: 2.0809  data: 0.0464  max mem: 56004
Epoch: [46] Total time: 0:05:55 (2.1697 s / it)
Test:  [ 0/43]  eta: 0:03:05    time: 4.3188  data: 3.7621  max mem: 56004
Test:  [10/43]  eta: 0:00:29    time: 0.9008  data: 0.5691  max mem: 56004
Test:  [20/43]  eta: 0:00:17    time: 0.6045  data: 0.2946  max mem: 56004
Test:  [30/43]  eta: 0:00:09    time: 0.5937  data: 0.2823  max mem: 56004
Test:  [40/43]  eta: 0:00:02    time: 0.5915  data: 0.2833  max mem: 56004
Test:  [42/43]  eta: 0:00:00    time: 0.5792  data: 0.2834  max mem: 56004
Test: Total time: 0:00:29 (0.6774 s / it)
Averaged stats:
Offline DOTA results saved at /workspace/RT-DETR-OBB/outputs/rtdetrv2_obb_hgnetv2_n_dota_1_ss/dota_results/epoch_46.zip
best_stat: {'epoch': 46, 'mAP': 46.0}
Epoch: [47]  [  0/164]  eta: 0:30:45  lr: 0.000020  loss: 9.7056 (9.7056)  loss_focal: 0.3114 (0.3114)  loss_focal_aux_0: 0.3356 (0.3356)  loss_focal_aux_1: 0.3184 (0.3184)  loss_focal_dn_0: 0.0780 (0.0780)  loss_focal_dn_1: 0.0516 (0.0516)  loss_focal_dn_2: 0.0468 (0.0468)  loss_focal_enc_0: 0.3410 (0.3410)  loss_kld: 0.8497 (0.8497)  loss_kld_aux_0: 0.8737 (0.8737)  loss_kld_aux_1: 0.8519 (0.8519)  loss_kld_dn_0: 0.9529 (0.9529)  loss_kld_dn_1: 0.8428 (0.8428)  loss_kld_dn_2: 0.8267 (0.8267)  loss_kld_enc_0: 0.9435 (0.9435)  loss_l1: 0.4438 (0.4438)  loss_l1_aux_0: 0.4510 (0.4510)  loss_l1_aux_1: 0.4449 (0.4449)  loss_l1_dn_0: 0.1051 (0.1051)  loss_l1_dn_1: 0.0888 (0.0888)  loss_l1_dn_2: 0.0866 (0.0866)  loss_l1_enc_0: 0.4611 (0.4611)  time: 11.2529  data: 9.2948  max mem: 56004
Epoch: [47]  [100/164]  eta: 0:02:25  lr: 0.000020  loss: 11.0903 (11.2468)  loss_focal: 0.2111 (0.2456)  loss_focal_aux_0: 0.2221 (0.2521)  loss_focal_aux_1: 0.2143 (0.2474)  loss_focal_dn_0: 0.0840 (0.0872)  loss_focal_dn_1: 0.0589 (0.0611)  loss_focal_dn_2: 0.0542 (0.0563)  loss_focal_enc_0: 0.2327 (0.2620)  loss_kld: 1.1409 (1.1246)  loss_kld_aux_0: 1.1572 (1.1447)  loss_kld_aux_1: 1.1427 (1.1277)  loss_kld_dn_0: 0.9927 (0.9971)  loss_kld_dn_1: 0.9110 (0.9133)  loss_kld_dn_2: 0.8992 (0.9022)  loss_kld_enc_0: 1.2127 (1.2038)  loss_l1: 0.5859 (0.5911)  loss_l1_aux_0: 0.5896 (0.5988)  loss_l1_aux_1: 0.5862 (0.5917)  loss_l1_dn_0: 0.0777 (0.0846)  loss_l1_dn_1: 0.0689 (0.0751)  loss_l1_dn_2: 0.0677 (0.0732)  loss_l1_enc_0: 0.5975 (0.6071)  time: 2.4781  data: 0.0486  max mem: 56004
Epoch: [47]  [163/164]  eta: 0:00:02  lr: 0.000020  loss: 11.1417 (11.2739)  loss_focal: 0.2493 (0.2472)  loss_focal_aux_0: 0.2572 (0.2541)  loss_focal_aux_1: 0.2514 (0.2494)  loss_focal_dn_0: 0.0869 (0.0873)  loss_focal_dn_1: 0.0621 (0.0612)  loss_focal_dn_2: 0.0574 (0.0563)  loss_focal_enc_0: 0.2705 (0.2652)  loss_kld: 1.0747 (1.1268)  loss_kld_aux_0: 1.0956 (1.1476)  loss_kld_aux_1: 1.0773 (1.1300)  loss_kld_dn_0: 0.9613 (0.9973)  loss_kld_dn_1: 0.8827 (0.9119)  loss_kld_dn_2: 0.8712 (0.9007)  loss_kld_enc_0: 1.1570 (1.2096)  loss_l1: 0.5972 (0.5929)  loss_l1_aux_0: 0.6053 (0.6008)  loss_l1_aux_1: 0.5973 (0.5934)  loss_l1_dn_0: 0.0848 (0.0849)  loss_l1_dn_1: 0.0738 (0.0751)  loss_l1_dn_2: 0.0715 (0.0732)  loss_l1_enc_0: 0.6127 (0.6091)  time: 1.9701  data: 0.0625  max mem: 56004
Epoch: [47] Total time: 0:05:57 (2.1779 s / it)
Test:  [ 0/43]  eta: 0:02:55    time: 4.0813  data: 3.5426  max mem: 56004
Test:  [10/43]  eta: 0:00:28    time: 0.8745  data: 0.5487  max mem: 56004
Test:  [20/43]  eta: 0:00:17    time: 0.5731  data: 0.2671  max mem: 56004
Test:  [30/43]  eta: 0:00:08    time: 0.5849  data: 0.2761  max mem: 56004
Test:  [40/43]  eta: 0:00:01    time: 0.5872  data: 0.2797  max mem: 56004
Test:  [42/43]  eta: 0:00:00    time: 0.5893  data: 0.2931  max mem: 56004
Test: Total time: 0:00:28 (0.6645 s / it)
Averaged stats:
Offline DOTA results saved at /workspace/RT-DETR-OBB/outputs/rtdetrv2_obb_hgnetv2_n_dota_1_ss/dota_results/epoch_47.zip
best_stat: {'epoch': 47, 'mAP': 47.0}
Epoch: [48]  [  0/164]  eta: 0:27:51  lr: 0.000020  loss: 10.6094 (10.6094)  loss_focal: 0.2995 (0.2995)  loss_focal_aux_0: 0.3037 (0.3037)  loss_focal_aux_1: 0.3006 (0.3006)  loss_focal_dn_0: 0.0891 (0.0891)  loss_focal_dn_1: 0.0644 (0.0644)  loss_focal_dn_2: 0.0595 (0.0595)  loss_focal_enc_0: 0.3225 (0.3225)  loss_kld: 0.9721 (0.9721)  loss_kld_aux_0: 0.9957 (0.9957)  loss_kld_aux_1: 0.9754 (0.9754)  loss_kld_dn_0: 0.9673 (0.9673)  loss_kld_dn_1: 0.8876 (0.8876)  loss_kld_dn_2: 0.8764 (0.8764)  loss_kld_enc_0: 1.0621 (1.0621)  loss_l1: 0.5389 (0.5389)  loss_l1_aux_0: 0.5450 (0.5450)  loss_l1_aux_1: 0.5400 (0.5400)  loss_l1_dn_0: 0.0939 (0.0939)  loss_l1_dn_1: 0.0821 (0.0821)  loss_l1_dn_2: 0.0795 (0.0795)  loss_l1_enc_0: 0.5540 (0.5540)  time: 10.1943  data: 8.7838  max mem: 56004
Epoch: [48]  [100/164]  eta: 0:02:26  lr: 0.000020  loss: 11.7019 (11.1769)  loss_focal: 0.2536 (0.2410)  loss_focal_aux_0: 0.2530 (0.2473)  loss_focal_aux_1: 0.2525 (0.2432)  loss_focal_dn_0: 0.0918 (0.0872)  loss_focal_dn_1: 0.0651 (0.0611)  loss_focal_dn_2: 0.0598 (0.0562)  loss_focal_enc_0: 0.2648 (0.2575)  loss_kld: 1.1474 (1.1084)  loss_kld_aux_0: 1.1691 (1.1292)  loss_kld_aux_1: 1.1520 (1.1116)  loss_kld_dn_0: 1.0361 (1.0022)  loss_kld_dn_1: 0.9418 (0.9131)  loss_kld_dn_2: 0.9321 (0.9012)  loss_kld_enc_0: 1.2419 (1.1881)  loss_l1: 0.6187 (0.5930)  loss_l1_aux_0: 0.6220 (0.5998)  loss_l1_aux_1: 0.6191 (0.5936)  loss_l1_dn_0: 0.0885 (0.0860)  loss_l1_dn_1: 0.0790 (0.0755)  loss_l1_dn_2: 0.0757 (0.0736)  loss_l1_enc_0: 0.6316 (0.6080)  time: 2.1253  data: 0.0597  max mem: 56004
Epoch: [48]  [163/164]  eta: 0:00:02  lr: 0.000020  loss: 10.8002 (11.2440)  loss_focal: 0.2541 (0.2455)  loss_focal_aux_0: 0.2579 (0.2515)  loss_focal_aux_1: 0.2533 (0.2477)  loss_focal_dn_0: 0.0827 (0.0870)  loss_focal_dn_1: 0.0586 (0.0611)  loss_focal_dn_2: 0.0540 (0.0564)  loss_focal_enc_0: 0.2677 (0.2618)  loss_kld: 1.0960 (1.1163)  loss_kld_aux_0: 1.1136 (1.1366)  loss_kld_aux_1: 1.0980 (1.1193)  loss_kld_dn_0: 0.9747 (0.9963)  loss_kld_dn_1: 0.8847 (0.9097)  loss_kld_dn_2: 0.8747 (0.8981)  loss_kld_enc_0: 1.1737 (1.1943)  loss_l1: 0.5981 (0.6017)  loss_l1_aux_0: 0.6033 (0.6088)  loss_l1_aux_1: 0.5988 (0.6023)  loss_l1_dn_0: 0.0830 (0.0850)  loss_l1_dn_1: 0.0731 (0.0749)  loss_l1_dn_2: 0.0708 (0.0730)  loss_l1_enc_0: 0.6103 (0.6168)  time: 1.9577  data: 0.0581  max mem: 56004
Epoch: [48] Total time: 0:05:58 (2.1835 s / it)
Test:  [ 0/43]  eta: 0:03:11    time: 4.4464  data: 3.8903  max mem: 56004
Test:  [10/43]  eta: 0:00:29    time: 0.8925  data: 0.5657  max mem: 56004
Test:  [20/43]  eta: 0:00:17    time: 0.5735  data: 0.2700  max mem: 56004
Test:  [30/43]  eta: 0:00:09    time: 0.5857  data: 0.2811  max mem: 56004
Test:  [40/43]  eta: 0:00:02    time: 0.5821  data: 0.2778  max mem: 56004
Test:  [42/43]  eta: 0:00:00    time: 0.5596  data: 0.2660  max mem: 56004
Test: Total time: 0:00:28 (0.6621 s / it)
Averaged stats:
Offline DOTA results saved at /workspace/RT-DETR-OBB/outputs/rtdetrv2_obb_hgnetv2_n_dota_1_ss/dota_results/epoch_48.zip
best_stat: {'epoch': 48, 'mAP': 48.0}
Epoch: [49]  [  0/164]  eta: 0:31:18  lr: 0.000020  loss: 10.5879 (10.5879)  loss_focal: 0.2692 (0.2692)  loss_focal_aux_0: 0.2778 (0.2778)  loss_focal_aux_1: 0.2725 (0.2725)  loss_focal_dn_0: 0.0829 (0.0829)  loss_focal_dn_1: 0.0582 (0.0582)  loss_focal_dn_2: 0.0512 (0.0512)  loss_focal_enc_0: 0.2885 (0.2885)  loss_kld: 1.0276 (1.0276)  loss_kld_aux_0: 1.0457 (1.0457)  loss_kld_aux_1: 1.0308 (1.0308)  loss_kld_dn_0: 0.9383 (0.9383)  loss_kld_dn_1: 0.8599 (0.8599)  loss_kld_dn_2: 0.8486 (0.8486)  loss_kld_enc_0: 1.1173 (1.1173)  loss_l1: 0.5447 (0.5447)  loss_l1_aux_0: 0.5506 (0.5506)  loss_l1_aux_1: 0.5448 (0.5448)  loss_l1_dn_0: 0.0799 (0.0799)  loss_l1_dn_1: 0.0697 (0.0697)  loss_l1_dn_2: 0.0683 (0.0683)  loss_l1_enc_0: 0.5611 (0.5611)  time: 11.4547  data: 9.6558  max mem: 56004
Epoch: [49]  [100/164]  eta: 0:02:24  lr: 0.000020  loss: 10.8007 (11.2557)  loss_focal: 0.2453 (0.2463)  loss_focal_aux_0: 0.2541 (0.2521)  loss_focal_aux_1: 0.2473 (0.2484)  loss_focal_dn_0: 0.0821 (0.0847)  loss_focal_dn_1: 0.0587 (0.0593)  loss_focal_dn_2: 0.0550 (0.0548)  loss_focal_enc_0: 0.2690 (0.2623)  loss_kld: 1.0596 (1.1134)  loss_kld_aux_0: 1.0749 (1.1344)  loss_kld_aux_1: 1.0606 (1.1165)  loss_kld_dn_0: 0.9627 (0.9841)  loss_kld_dn_1: 0.8878 (0.9004)  loss_kld_dn_2: 0.8735 (0.8890)  loss_kld_enc_0: 1.1295 (1.1920)  loss_l1: 0.5880 (0.6167)  loss_l1_aux_0: 0.5942 (0.6240)  loss_l1_aux_1: 0.5885 (0.6173)  loss_l1_dn_0: 0.0815 (0.0828)  loss_l1_dn_1: 0.0731 (0.0736)  loss_l1_dn_2: 0.0710 (0.0718)  loss_l1_enc_0: 0.6035 (0.6318)  time: 1.9732  data: 0.0596  max mem: 56856
Epoch: [49]  [163/164]  eta: 0:00:02  lr: 0.000020  loss: 11.1802 (11.1475)  loss_focal: 0.2316 (0.2445)  loss_focal_aux_0: 0.2356 (0.2504)  loss_focal_aux_1: 0.2332 (0.2466)  loss_focal_dn_0: 0.0834 (0.0840)  loss_focal_dn_1: 0.0577 (0.0585)  loss_focal_dn_2: 0.0529 (0.0540)  loss_focal_enc_0: 0.2379 (0.2611)  loss_kld: 1.1127 (1.1008)  loss_kld_aux_0: 1.1331 (1.1221)  loss_kld_aux_1: 1.1161 (1.1040)  loss_kld_dn_0: 1.0015 (0.9823)  loss_kld_dn_1: 0.9108 (0.8977)  loss_kld_dn_2: 0.8993 (0.8862)  loss_kld_enc_0: 1.1912 (1.1799)  loss_l1: 0.5856 (0.6058)  loss_l1_aux_0: 0.5971 (0.6134)  loss_l1_aux_1: 0.5861 (0.6065)  loss_l1_dn_0: 0.0818 (0.0832)  loss_l1_dn_1: 0.0716 (0.0734)  loss_l1_dn_2: 0.0698 (0.0716)  loss_l1_enc_0: 0.6052 (0.6214)  time: 2.1355  data: 0.0616  max mem: 56856
Epoch: [49] Total time: 0:05:57 (2.1786 s / it)
Test:  [ 0/43]  eta: 0:03:22    time: 4.7178  data: 4.1620  max mem: 56856
Test:  [10/43]  eta: 0:00:30    time: 0.9200  data: 0.5910  max mem: 56856
Test:  [20/43]  eta: 0:00:18    time: 0.5892  data: 0.2830  max mem: 56856
Test:  [30/43]  eta: 0:00:09    time: 0.6161  data: 0.3110  max mem: 56856
Test:  [40/43]  eta: 0:00:02    time: 0.6197  data: 0.3161  max mem: 56856
Test:  [42/43]  eta: 0:00:00    time: 0.6051  data: 0.3120  max mem: 56856
Test: Total time: 0:00:29 (0.6954 s / it)
Averaged stats:
Offline DOTA results saved at /workspace/RT-DETR-OBB/outputs/rtdetrv2_obb_hgnetv2_n_dota_1_ss/dota_results/epoch_49.zip
best_stat: {'epoch': 49, 'mAP': 49.0}
Epoch: [50]  [  0/164]  eta: 0:32:46  lr: 0.000020  loss: 9.8400 (9.8400)  loss_focal: 0.2465 (0.2465)  loss_focal_aux_0: 0.2503 (0.2503)  loss_focal_aux_1: 0.2496 (0.2496)  loss_focal_dn_0: 0.0742 (0.0742)  loss_focal_dn_1: 0.0530 (0.0530)  loss_focal_dn_2: 0.0486 (0.0486)  loss_focal_enc_0: 0.2550 (0.2550)  loss_kld: 0.8953 (0.8953)  loss_kld_aux_0: 0.9173 (0.9173)  loss_kld_aux_1: 0.8993 (0.8993)  loss_kld_dn_0: 0.9879 (0.9879)  loss_kld_dn_1: 0.9027 (0.9027)  loss_kld_dn_2: 0.8883 (0.8883)  loss_kld_enc_0: 0.9724 (0.9724)  loss_l1: 0.4815 (0.4815)  loss_l1_aux_0: 0.4908 (0.4908)  loss_l1_aux_1: 0.4821 (0.4821)  loss_l1_dn_0: 0.0909 (0.0909)  loss_l1_dn_1: 0.0790 (0.0790)  loss_l1_dn_2: 0.0765 (0.0765)  loss_l1_enc_0: 0.4989 (0.4989)  time: 11.9926  data: 10.3986  max mem: 56856
Epoch: [50]  [100/164]  eta: 0:02:28  lr: 0.000020  loss: 11.3124 (11.0509)  loss_focal: 0.2250 (0.2362)  loss_focal_aux_0: 0.2346 (0.2425)  loss_focal_aux_1: 0.2258 (0.2384)  loss_focal_dn_0: 0.0821 (0.0827)  loss_focal_dn_1: 0.0572 (0.0576)  loss_focal_dn_2: 0.0531 (0.0532)  loss_focal_enc_0: 0.2433 (0.2532)  loss_kld: 1.1387 (1.1039)  loss_kld_aux_0: 1.1581 (1.1242)  loss_kld_aux_1: 1.1410 (1.1071)  loss_kld_dn_0: 0.9804 (0.9870)  loss_kld_dn_1: 0.8973 (0.9032)  loss_kld_dn_2: 0.8884 (0.8921)  loss_kld_enc_0: 1.2187 (1.1839)  loss_l1: 0.5832 (0.5845)  loss_l1_aux_0: 0.5928 (0.5910)  loss_l1_aux_1: 0.5835 (0.5850)  loss_l1_dn_0: 0.0797 (0.0824)  loss_l1_dn_1: 0.0703 (0.0728)  loss_l1_dn_2: 0.0684 (0.0711)  loss_l1_enc_0: 0.6005 (0.5991)  time: 2.1521  data: 0.0600  max mem: 56856
Epoch: [50]  [163/164]  eta: 0:00:02  lr: 0.000020  loss: 10.5189 (10.9775)  loss_focal: 0.2289 (0.2359)  loss_focal_aux_0: 0.2369 (0.2429)  loss_focal_aux_1: 0.2324 (0.2384)  loss_focal_dn_0: 0.0805 (0.0823)  loss_focal_dn_1: 0.0555 (0.0573)  loss_focal_dn_2: 0.0514 (0.0529)  loss_focal_enc_0: 0.2515 (0.2540)  loss_kld: 1.0718 (1.0929)  loss_kld_aux_0: 1.0891 (1.1136)  loss_kld_aux_1: 1.0739 (1.0960)  loss_kld_dn_0: 0.9583 (0.9814)  loss_kld_dn_1: 0.8811 (0.8981)  loss_kld_dn_2: 0.8687 (0.8869)  loss_kld_enc_0: 1.1397 (1.1726)  loss_l1: 0.5480 (0.5807)  loss_l1_aux_0: 0.5598 (0.5876)  loss_l1_aux_1: 0.5487 (0.5812)  loss_l1_dn_0: 0.0814 (0.0827)  loss_l1_dn_1: 0.0724 (0.0731)  loss_l1_dn_2: 0.0706 (0.0713)  loss_l1_enc_0: 0.5674 (0.5957)  time: 1.9578  data: 0.0613  max mem: 56856
Epoch: [50] Total time: 0:06:06 (2.2371 s / it)
Test:  [ 0/43]  eta: 0:03:17    time: 4.5973  data: 3.8781  max mem: 56856
Test:  [10/43]  eta: 0:00:34    time: 1.0309  data: 0.6683  max mem: 56856
Test:  [20/43]  eta: 0:00:21    time: 0.7349  data: 0.4073  max mem: 56856
Test:  [30/43]  eta: 0:00:10    time: 0.7163  data: 0.3820  max mem: 56856
Test:  [40/43]  eta: 0:00:02    time: 0.7162  data: 0.3785  max mem: 56856
Test:  [42/43]  eta: 0:00:00    time: 0.7015  data: 0.3765  max mem: 56856
Test: Total time: 0:00:34 (0.7994 s / it)
Averaged stats:
Offline DOTA results saved at /workspace/RT-DETR-OBB/outputs/rtdetrv2_obb_hgnetv2_n_dota_1_ss/dota_results/epoch_50.zip
best_stat: {'epoch': 50, 'mAP': 50.0}
Epoch: [51]  [  0/164]  eta: 0:30:41  lr: 0.000020  loss: 9.9116 (9.9116)  loss_focal: 0.2401 (0.2401)  loss_focal_aux_0: 0.2487 (0.2487)  loss_focal_aux_1: 0.2447 (0.2447)  loss_focal_dn_0: 0.0731 (0.0731)  loss_focal_dn_1: 0.0490 (0.0490)  loss_focal_dn_2: 0.0448 (0.0448)  loss_focal_enc_0: 0.2631 (0.2631)  loss_kld: 0.9928 (0.9928)  loss_kld_aux_0: 1.0158 (1.0158)  loss_kld_aux_1: 0.9963 (0.9963)  loss_kld_dn_0: 0.9385 (0.9385)  loss_kld_dn_1: 0.8504 (0.8504)  loss_kld_dn_2: 0.8342 (0.8342)  loss_kld_enc_0: 1.0843 (1.0843)  loss_l1: 0.4474 (0.4474)  loss_l1_aux_0: 0.4597 (0.4597)  loss_l1_aux_1: 0.4486 (0.4486)  loss_l1_dn_0: 0.0785 (0.0785)  loss_l1_dn_1: 0.0675 (0.0675)  loss_l1_dn_2: 0.0651 (0.0651)  loss_l1_enc_0: 0.4692 (0.4692)  time: 11.2270  data: 9.1257  max mem: 56856
Epoch: [51]  [100/164]  eta: 0:02:26  lr: 0.000020  loss: 11.1162 (10.9559)  loss_focal: 0.2227 (0.2365)  loss_focal_aux_0: 0.2293 (0.2434)  loss_focal_aux_1: 0.2251 (0.2392)  loss_focal_dn_0: 0.0823 (0.0812)  loss_focal_dn_1: 0.0550 (0.0568)  loss_focal_dn_2: 0.0517 (0.0523)  loss_focal_enc_0: 0.2411 (0.2556)  loss_kld: 1.1004 (1.0836)  loss_kld_aux_0: 1.1205 (1.1048)  loss_kld_aux_1: 1.1033 (1.0869)  loss_kld_dn_0: 0.9809 (0.9820)  loss_kld_dn_1: 0.8861 (0.8979)  loss_kld_dn_2: 0.8724 (0.8863)  loss_kld_enc_0: 1.1686 (1.1632)  loss_l1: 0.5697 (0.5844)  loss_l1_aux_0: 0.5767 (0.5918)  loss_l1_aux_1: 0.5703 (0.5850)  loss_l1_dn_0: 0.0763 (0.0819)  loss_l1_dn_1: 0.0679 (0.0723)  loss_l1_dn_2: 0.0660 (0.0706)  loss_l1_enc_0: 0.5850 (0.6000)  time: 2.2111  data: 0.0589  max mem: 56856
Epoch: [51]  [163/164]  eta: 0:00:02  lr: 0.000020  loss: 11.0442 (10.9799)  loss_focal: 0.2326 (0.2380)  loss_focal_aux_0: 0.2385 (0.2450)  loss_focal_aux_1: 0.2334 (0.2407)  loss_focal_dn_0: 0.0783 (0.0811)  loss_focal_dn_1: 0.0557 (0.0570)  loss_focal_dn_2: 0.0524 (0.0526)  loss_focal_enc_0: 0.2474 (0.2564)  loss_kld: 1.0829 (1.0881)  loss_kld_aux_0: 1.1041 (1.1097)  loss_kld_aux_1: 1.0863 (1.0915)  loss_kld_dn_0: 0.9645 (0.9759)  loss_kld_dn_1: 0.8799 (0.8920)  loss_kld_dn_2: 0.8648 (0.8803)  loss_kld_enc_0: 1.1863 (1.1687)  loss_l1: 0.5923 (0.5883)  loss_l1_aux_0: 0.6009 (0.5958)  loss_l1_aux_1: 0.5929 (0.5889)  loss_l1_dn_0: 0.0827 (0.0823)  loss_l1_dn_1: 0.0731 (0.0726)  loss_l1_dn_2: 0.0709 (0.0708)  loss_l1_enc_0: 0.6092 (0.6040)  time: 2.1399  data: 0.0519  max mem: 56856
Epoch: [51] Total time: 0:06:08 (2.2497 s / it)
Test:  [ 0/43]  eta: 0:03:16    time: 4.5675  data: 3.9746  max mem: 56856
Test:  [10/43]  eta: 0:00:30    time: 0.9159  data: 0.5809  max mem: 56856
Test:  [20/43]  eta: 0:00:17    time: 0.5651  data: 0.2569  max mem: 56856
Test:  [30/43]  eta: 0:00:09    time: 0.5750  data: 0.2635  max mem: 56856
Test:  [40/43]  eta: 0:00:02    time: 0.6040  data: 0.2861  max mem: 56856
Test:  [42/43]  eta: 0:00:00    time: 0.5720  data: 0.2650  max mem: 56856
Test: Total time: 0:00:28 (0.6704 s / it)
Averaged stats:
Offline DOTA results saved at /workspace/RT-DETR-OBB/outputs/rtdetrv2_obb_hgnetv2_n_dota_1_ss/dota_results/epoch_51.zip
best_stat: {'epoch': 51, 'mAP': 51.0}
Epoch: [52]  [  0/164]  eta: 0:29:58  lr: 0.000020  loss: 11.5199 (11.5199)  loss_focal: 0.2577 (0.2577)  loss_focal_aux_0: 0.2766 (0.2766)  loss_focal_aux_1: 0.2660 (0.2660)  loss_focal_dn_0: 0.0923 (0.0923)  loss_focal_dn_1: 0.0644 (0.0644)  loss_focal_dn_2: 0.0592 (0.0592)  loss_focal_enc_0: 0.2882 (0.2882)  loss_kld: 1.1424 (1.1424)  loss_kld_aux_0: 1.1628 (1.1628)  loss_kld_aux_1: 1.1479 (1.1479)  loss_kld_dn_0: 0.9912 (0.9912)  loss_kld_dn_1: 0.9128 (0.9128)  loss_kld_dn_2: 0.8981 (0.8981)  loss_kld_enc_0: 1.2317 (1.2317)  loss_l1: 0.6203 (0.6203)  loss_l1_aux_0: 0.6309 (0.6309)  loss_l1_aux_1: 0.6205 (0.6205)  loss_l1_dn_0: 0.0799 (0.0799)  loss_l1_dn_1: 0.0702 (0.0702)  loss_l1_dn_2: 0.0678 (0.0678)  loss_l1_enc_0: 0.6390 (0.6390)  time: 10.9640  data: 9.4245  max mem: 56856
Epoch: [52]  [100/164]  eta: 0:02:19  lr: 0.000020  loss: 11.2144 (11.1610)  loss_focal: 0.2432 (0.2429)  loss_focal_aux_0: 0.2458 (0.2491)  loss_focal_aux_1: 0.2411 (0.2443)  loss_focal_dn_0: 0.0823 (0.0818)  loss_focal_dn_1: 0.0547 (0.0570)  loss_focal_dn_2: 0.0500 (0.0528)  loss_focal_enc_0: 0.2517 (0.2592)  loss_kld: 1.1031 (1.1053)  loss_kld_aux_0: 1.1269 (1.1264)  loss_kld_aux_1: 1.1068 (1.1086)  loss_kld_dn_0: 1.0115 (0.9922)  loss_kld_dn_1: 0.9190 (0.9024)  loss_kld_dn_2: 0.9073 (0.8915)  loss_kld_enc_0: 1.1991 (1.1843)  loss_l1: 0.5782 (0.6035)  loss_l1_aux_0: 0.5851 (0.6102)  loss_l1_aux_1: 0.5779 (0.6040)  loss_l1_dn_0: 0.0828 (0.0830)  loss_l1_dn_1: 0.0744 (0.0731)  loss_l1_dn_2: 0.0725 (0.0713)  loss_l1_enc_0: 0.5921 (0.6181)  time: 2.1485  data: 0.0724  max mem: 56856
Epoch: [52]  [163/164]  eta: 0:00:02  lr: 0.000020  loss: 11.0203 (11.1380)  loss_focal: 0.2241 (0.2419)  loss_focal_aux_0: 0.2344 (0.2480)  loss_focal_aux_1: 0.2296 (0.2436)  loss_focal_dn_0: 0.0793 (0.0822)  loss_focal_dn_1: 0.0551 (0.0570)  loss_focal_dn_2: 0.0511 (0.0528)  loss_focal_enc_0: 0.2424 (0.2587)  loss_kld: 1.1352 (1.1058)  loss_kld_aux_0: 1.1503 (1.1265)  loss_kld_aux_1: 1.1359 (1.1090)  loss_kld_dn_0: 0.9857 (0.9898)  loss_kld_dn_1: 0.9092 (0.9012)  loss_kld_dn_2: 0.9016 (0.8903)  loss_kld_enc_0: 1.2072 (1.1843)  loss_l1: 0.5689 (0.5993)  loss_l1_aux_0: 0.5773 (0.6065)  loss_l1_aux_1: 0.5690 (0.5998)  loss_l1_dn_0: 0.0756 (0.0828)  loss_l1_dn_1: 0.0670 (0.0729)  loss_l1_dn_2: 0.0652 (0.0712)  loss_l1_enc_0: 0.5838 (0.6145)  time: 2.0900  data: 0.0729  max mem: 56856
Epoch: [52] Total time: 0:05:50 (2.1356 s / it)
Test:  [ 0/43]  eta: 0:03:17    time: 4.5817  data: 4.0010  max mem: 56856
Test:  [10/43]  eta: 0:00:33    time: 1.0007  data: 0.6636  max mem: 56856
Test:  [20/43]  eta: 0:00:19    time: 0.6385  data: 0.3267  max mem: 56856
Test:  [30/43]  eta: 0:00:09    time: 0.5869  data: 0.2758  max mem: 56856
Test:  [40/43]  eta: 0:00:02    time: 0.5700  data: 0.2611  max mem: 56856
Test:  [42/43]  eta: 0:00:00    time: 0.5574  data: 0.2603  max mem: 56856
Test: Total time: 0:00:29 (0.6879 s / it)
Averaged stats:
Offline DOTA results saved at /workspace/RT-DETR-OBB/outputs/rtdetrv2_obb_hgnetv2_n_dota_1_ss/dota_results/epoch_52.zip
best_stat: {'epoch': 52, 'mAP': 52.0}
Epoch: [53]  [  0/164]  eta: 0:30:17  lr: 0.000020  loss: 11.4993 (11.4993)  loss_focal: 0.2147 (0.2147)  loss_focal_aux_0: 0.2230 (0.2230)  loss_focal_aux_1: 0.2155 (0.2155)  loss_focal_dn_0: 0.0759 (0.0759)  loss_focal_dn_1: 0.0491 (0.0491)  loss_focal_dn_2: 0.0435 (0.0435)  loss_focal_enc_0: 0.2360 (0.2360)  loss_kld: 1.1632 (1.1632)  loss_kld_aux_0: 1.1874 (1.1874)  loss_kld_aux_1: 1.1668 (1.1668)  loss_kld_dn_0: 0.9467 (0.9467)  loss_kld_dn_1: 0.8691 (0.8691)  loss_kld_dn_2: 0.8579 (0.8579)  loss_kld_enc_0: 1.2446 (1.2446)  loss_l1: 0.6935 (0.6935)  loss_l1_aux_0: 0.7039 (0.7039)  loss_l1_aux_1: 0.6945 (0.6945)  loss_l1_dn_0: 0.0726 (0.0726)  loss_l1_dn_1: 0.0648 (0.0648)  loss_l1_dn_2: 0.0635 (0.0635)  loss_l1_enc_0: 0.7131 (0.7131)  time: 11.0829  data: 8.8595  max mem: 56856
Epoch: [53]  [100/164]  eta: 0:02:23  lr: 0.000020  loss: 10.6580 (10.9009)  loss_focal: 0.2289 (0.2389)  loss_focal_aux_0: 0.2344 (0.2445)  loss_focal_aux_1: 0.2325 (0.2411)  loss_focal_dn_0: 0.0812 (0.0814)  loss_focal_dn_1: 0.0564 (0.0567)  loss_focal_dn_2: 0.0519 (0.0526)  loss_focal_enc_0: 0.2543 (0.2551)  loss_kld: 1.0307 (1.0739)  loss_kld_aux_0: 1.0499 (1.0948)  loss_kld_aux_1: 1.0330 (1.0773)  loss_kld_dn_0: 0.9609 (0.9757)  loss_kld_dn_1: 0.8838 (0.8915)  loss_kld_dn_2: 0.8691 (0.8802)  loss_kld_enc_0: 1.1034 (1.1516)  loss_l1: 0.5767 (0.5839)  loss_l1_aux_0: 0.5777 (0.5914)  loss_l1_aux_1: 0.5767 (0.5844)  loss_l1_dn_0: 0.0819 (0.0827)  loss_l1_dn_1: 0.0712 (0.0727)  loss_l1_dn_2: 0.0691 (0.0710)  loss_l1_enc_0: 0.5857 (0.5994)  time: 2.0509  data: 0.0661  max mem: 56856
Epoch: [53]  [163/164]  eta: 0:00:02  lr: 0.000020  loss: 10.8772 (10.8873)  loss_focal: 0.2542 (0.2379)  loss_focal_aux_0: 0.2569 (0.2432)  loss_focal_aux_1: 0.2538 (0.2397)  loss_focal_dn_0: 0.0784 (0.0804)  loss_focal_dn_1: 0.0563 (0.0565)  loss_focal_dn_2: 0.0525 (0.0525)  loss_focal_enc_0: 0.2672 (0.2539)  loss_kld: 1.0241 (1.0740)  loss_kld_aux_0: 1.0455 (1.0952)  loss_kld_aux_1: 1.0273 (1.0774)  loss_kld_dn_0: 0.9468 (0.9755)  loss_kld_dn_1: 0.8589 (0.8913)  loss_kld_dn_2: 0.8420 (0.8797)  loss_kld_enc_0: 1.1015 (1.1531)  loss_l1: 0.5814 (0.5814)  loss_l1_aux_0: 0.5876 (0.5890)  loss_l1_aux_1: 0.5819 (0.5820)  loss_l1_dn_0: 0.0857 (0.0831)  loss_l1_dn_1: 0.0752 (0.0731)  loss_l1_dn_2: 0.0731 (0.0713)  loss_l1_enc_0: 0.5967 (0.5971)  time: 1.8592  data: 0.0656  max mem: 56856
Epoch: [53] Total time: 0:05:50 (2.1342 s / it)
Test:  [ 0/43]  eta: 0:02:59    time: 4.1730  data: 3.6179  max mem: 56856
Test:  [10/43]  eta: 0:00:28    time: 0.8777  data: 0.5526  max mem: 56856
Test:  [20/43]  eta: 0:00:16    time: 0.5512  data: 0.2486  max mem: 56856
Test:  [30/43]  eta: 0:00:08    time: 0.5395  data: 0.2350  max mem: 56856
Test:  [40/43]  eta: 0:00:01    time: 0.5745  data: 0.2701  max mem: 56856
Test:  [42/43]  eta: 0:00:00    time: 0.5612  data: 0.2676  max mem: 56856
Test: Total time: 0:00:27 (0.6407 s / it)
Averaged stats:
Offline DOTA results saved at /workspace/RT-DETR-OBB/outputs/rtdetrv2_obb_hgnetv2_n_dota_1_ss/dota_results/epoch_53.zip
best_stat: {'epoch': 53, 'mAP': 53.0}
Epoch: [54]  [  0/164]  eta: 0:32:06  lr: 0.000020  loss: 10.0869 (10.0869)  loss_focal: 0.2757 (0.2757)  loss_focal_aux_0: 0.2796 (0.2796)  loss_focal_aux_1: 0.2754 (0.2754)  loss_focal_dn_0: 0.0765 (0.0765)  loss_focal_dn_1: 0.0536 (0.0536)  loss_focal_dn_2: 0.0501 (0.0501)  loss_focal_enc_0: 0.2890 (0.2890)  loss_kld: 0.9296 (0.9296)  loss_kld_aux_0: 0.9400 (0.9400)  loss_kld_aux_1: 0.9299 (0.9299)  loss_kld_dn_0: 0.9459 (0.9459)  loss_kld_dn_1: 0.8425 (0.8425)  loss_kld_dn_2: 0.8290 (0.8290)  loss_kld_enc_0: 0.9949 (0.9949)  loss_l1: 0.5376 (0.5376)  loss_l1_aux_0: 0.5369 (0.5369)  loss_l1_aux_1: 0.5378 (0.5378)  loss_l1_dn_0: 0.0796 (0.0796)  loss_l1_dn_1: 0.0700 (0.0700)  loss_l1_dn_2: 0.0679 (0.0679)  loss_l1_enc_0: 0.5454 (0.5454)  time: 11.7452  data: 8.9184  max mem: 56856
Epoch: [54]  [100/164]  eta: 0:02:21  lr: 0.000020  loss: 10.8787 (11.0017)  loss_focal: 0.2376 (0.2432)  loss_focal_aux_0: 0.2426 (0.2491)  loss_focal_aux_1: 0.2395 (0.2454)  loss_focal_dn_0: 0.0750 (0.0795)  loss_focal_dn_1: 0.0534 (0.0556)  loss_focal_dn_2: 0.0495 (0.0516)  loss_focal_enc_0: 0.2437 (0.2584)  loss_kld: 1.0673 (1.0891)  loss_kld_aux_0: 1.0894 (1.1102)  loss_kld_aux_1: 1.0696 (1.0924)  loss_kld_dn_0: 0.9550 (0.9667)  loss_kld_dn_1: 0.8881 (0.8856)  loss_kld_dn_2: 0.8800 (0.8744)  loss_kld_enc_0: 1.1496 (1.1683)  loss_l1: 0.5597 (0.5960)  loss_l1_aux_0: 0.5695 (0.6036)  loss_l1_aux_1: 0.5608 (0.5966)  loss_l1_dn_0: 0.0788 (0.0817)  loss_l1_dn_1: 0.0715 (0.0721)  loss_l1_dn_2: 0.0694 (0.0703)  loss_l1_enc_0: 0.5771 (0.6119)  time: 2.1241  data: 0.0695  max mem: 56856
Epoch: [54]  [163/164]  eta: 0:00:02  lr: 0.000020  loss: 10.5248 (11.0060)  loss_focal: 0.2280 (0.2427)  loss_focal_aux_0: 0.2373 (0.2489)  loss_focal_aux_1: 0.2329 (0.2450)  loss_focal_dn_0: 0.0779 (0.0794)  loss_focal_dn_1: 0.0563 (0.0556)  loss_focal_dn_2: 0.0521 (0.0515)  loss_focal_enc_0: 0.2433 (0.2580)  loss_kld: 1.0363 (1.0903)  loss_kld_aux_0: 1.0587 (1.1112)  loss_kld_aux_1: 1.0405 (1.0936)  loss_kld_dn_0: 0.9619 (0.9689)  loss_kld_dn_1: 0.8796 (0.8871)  loss_kld_dn_2: 0.8659 (0.8759)  loss_kld_enc_0: 1.1211 (1.1696)  loss_l1: 0.5602 (0.5950)  loss_l1_aux_0: 0.5745 (0.6023)  loss_l1_aux_1: 0.5613 (0.5955)  loss_l1_dn_0: 0.0813 (0.0820)  loss_l1_dn_1: 0.0699 (0.0724)  loss_l1_dn_2: 0.0677 (0.0706)  loss_l1_enc_0: 0.5861 (0.6105)  time: 1.9128  data: 0.0631  max mem: 56856
Epoch: [54] Total time: 0:05:54 (2.1590 s / it)
Test:  [ 0/43]  eta: 0:03:05    time: 4.3149  data: 3.7716  max mem: 56856
Test:  [10/43]  eta: 0:00:30    time: 0.9125  data: 0.5886  max mem: 56856
Test:  [20/43]  eta: 0:00:17    time: 0.5805  data: 0.2790  max mem: 56856
Test:  [30/43]  eta: 0:00:08    time: 0.5491  data: 0.2461  max mem: 56856
Test:  [40/43]  eta: 0:00:01    time: 0.5536  data: 0.2509  max mem: 56856
Test:  [42/43]  eta: 0:00:00    time: 0.5472  data: 0.2546  max mem: 56856
Test: Total time: 0:00:27 (0.6487 s / it)
Averaged stats:
Offline DOTA results saved at /workspace/RT-DETR-OBB/outputs/rtdetrv2_obb_hgnetv2_n_dota_1_ss/dota_results/epoch_54.zip
best_stat: {'epoch': 54, 'mAP': 54.0}
Epoch: [55]  [  0/164]  eta: 0:39:15  lr: 0.000020  loss: 12.6450 (12.6450)  loss_focal: 0.1799 (0.1799)  loss_focal_aux_0: 0.1943 (0.1943)  loss_focal_aux_1: 0.1876 (0.1876)  loss_focal_dn_0: 0.0821 (0.0821)  loss_focal_dn_1: 0.0549 (0.0549)  loss_focal_dn_2: 0.0505 (0.0505)  loss_focal_enc_0: 0.2077 (0.2077)  loss_kld: 1.4523 (1.4523)  loss_kld_aux_0: 1.4649 (1.4649)  loss_kld_aux_1: 1.4525 (1.4525)  loss_kld_dn_0: 1.0933 (1.0933)  loss_kld_dn_1: 1.0101 (1.0101)  loss_kld_dn_2: 1.0036 (1.0036)  loss_kld_enc_0: 1.5119 (1.5119)  loss_l1: 0.6232 (0.6232)  loss_l1_aux_0: 0.6312 (0.6312)  loss_l1_aux_1: 0.6227 (0.6227)  loss_l1_dn_0: 0.0673 (0.0673)  loss_l1_dn_1: 0.0595 (0.0595)  loss_l1_dn_2: 0.0587 (0.0587)  loss_l1_enc_0: 0.6368 (0.6368)  time: 14.3598  data: 11.1795  max mem: 56856
Epoch: [55]  [100/164]  eta: 0:02:26  lr: 0.000020  loss: 10.9117 (10.9586)  loss_focal: 0.2243 (0.2346)  loss_focal_aux_0: 0.2321 (0.2423)  loss_focal_aux_1: 0.2301 (0.2373)  loss_focal_dn_0: 0.0762 (0.0798)  loss_focal_dn_1: 0.0543 (0.0561)  loss_focal_dn_2: 0.0516 (0.0517)  loss_focal_enc_0: 0.2417 (0.2527)  loss_kld: 1.0756 (1.0878)  loss_kld_aux_0: 1.1018 (1.1084)  loss_kld_aux_1: 1.0798 (1.0909)  loss_kld_dn_0: 0.9607 (0.9823)  loss_kld_dn_1: 0.8878 (0.8973)  loss_kld_dn_2: 0.8758 (0.8865)  loss_kld_enc_0: 1.1589 (1.1650)  loss_l1: 0.5870 (0.5837)  loss_l1_aux_0: 0.5925 (0.5915)  loss_l1_aux_1: 0.5880 (0.5843)  loss_l1_dn_0: 0.0795 (0.0826)  loss_l1_dn_1: 0.0696 (0.0729)  loss_l1_dn_2: 0.0677 (0.0712)  loss_l1_enc_0: 0.6023 (0.5994)  time: 2.4142  data: 0.0612  max mem: 56856
Epoch: [55]  [163/164]  eta: 0:00:02  lr: 0.000020  loss: 11.0076 (10.9299)  loss_focal: 0.2189 (0.2338)  loss_focal_aux_0: 0.2273 (0.2416)  loss_focal_aux_1: 0.2245 (0.2366)  loss_focal_dn_0: 0.0804 (0.0793)  loss_focal_dn_1: 0.0543 (0.0554)  loss_focal_dn_2: 0.0497 (0.0509)  loss_focal_enc_0: 0.2393 (0.2525)  loss_kld: 1.0935 (1.0845)  loss_kld_aux_0: 1.1078 (1.1055)  loss_kld_aux_1: 1.0964 (1.0878)  loss_kld_dn_0: 0.9807 (0.9768)  loss_kld_dn_1: 0.9033 (0.8911)  loss_kld_dn_2: 0.8901 (0.8801)  loss_kld_enc_0: 1.1701 (1.1640)  loss_l1: 0.5958 (0.5849)  loss_l1_aux_0: 0.5998 (0.5925)  loss_l1_aux_1: 0.5962 (0.5855)  loss_l1_dn_0: 0.0821 (0.0824)  loss_l1_dn_1: 0.0715 (0.0728)  loss_l1_dn_2: 0.0693 (0.0711)  loss_l1_enc_0: 0.6093 (0.6007)  time: 2.1669  data: 0.0529  max mem: 56856
Epoch: [55] Total time: 0:06:06 (2.2344 s / it)
Test:  [ 0/43]  eta: 0:03:07    time: 4.3548  data: 3.8029  max mem: 56856
Test:  [10/43]  eta: 0:00:30    time: 0.9158  data: 0.5799  max mem: 56856
Test:  [20/43]  eta: 0:00:17    time: 0.5943  data: 0.2785  max mem: 56856
Test:  [30/43]  eta: 0:00:09    time: 0.6180  data: 0.2977  max mem: 56856
Test:  [40/43]  eta: 0:00:02    time: 0.6206  data: 0.2995  max mem: 56856
Test:  [42/43]  eta: 0:00:00    time: 0.6117  data: 0.3025  max mem: 56856
Test: Total time: 0:00:30 (0.6989 s / it)
Averaged stats:
Offline DOTA results saved at /workspace/RT-DETR-OBB/outputs/rtdetrv2_obb_hgnetv2_n_dota_1_ss/dota_results/epoch_55.zip
best_stat: {'epoch': 55, 'mAP': 55.0}
Epoch: [56]  [  0/164]  eta: 0:36:00  lr: 0.000020  loss: 11.3371 (11.3371)  loss_focal: 0.1954 (0.1954)  loss_focal_aux_0: 0.2014 (0.2014)  loss_focal_aux_1: 0.1985 (0.1985)  loss_focal_dn_0: 0.0713 (0.0713)  loss_focal_dn_1: 0.0490 (0.0490)  loss_focal_dn_2: 0.0451 (0.0451)  loss_focal_enc_0: 0.2166 (0.2166)  loss_kld: 1.1574 (1.1574)  loss_kld_aux_0: 1.1839 (1.1839)  loss_kld_aux_1: 1.1626 (1.1626)  loss_kld_dn_0: 0.9217 (0.9217)  loss_kld_dn_1: 0.8436 (0.8436)  loss_kld_dn_2: 0.8333 (0.8333)  loss_kld_enc_0: 1.2465 (1.2465)  loss_l1: 0.7024 (0.7024)  loss_l1_aux_0: 0.7065 (0.7065)  loss_l1_aux_1: 0.7032 (0.7032)  loss_l1_dn_0: 0.0677 (0.0677)  loss_l1_dn_1: 0.0595 (0.0595)  loss_l1_dn_2: 0.0581 (0.0581)  loss_l1_enc_0: 0.7134 (0.7134)  time: 13.1715  data: 10.5309  max mem: 56856
Epoch: [56]  [100/164]  eta: 0:02:24  lr: 0.000020  loss: 10.5065 (10.8413)  loss_focal: 0.2098 (0.2363)  loss_focal_aux_0: 0.2182 (0.2441)  loss_focal_aux_1: 0.2128 (0.2395)  loss_focal_dn_0: 0.0747 (0.0766)  loss_focal_dn_1: 0.0513 (0.0531)  loss_focal_dn_2: 0.0471 (0.0489)  loss_focal_enc_0: 0.2288 (0.2569)  loss_kld: 1.0627 (1.0722)  loss_kld_aux_0: 1.0805 (1.0940)  loss_kld_aux_1: 1.0657 (1.0757)  loss_kld_dn_0: 0.9608 (0.9582)  loss_kld_dn_1: 0.8607 (0.8741)  loss_kld_dn_2: 0.8490 (0.8630)  loss_kld_enc_0: 1.1314 (1.1545)  loss_l1: 0.5313 (0.5868)  loss_l1_aux_0: 0.5434 (0.5942)  loss_l1_aux_1: 0.5319 (0.5874)  loss_l1_dn_0: 0.0763 (0.0814)  loss_l1_dn_1: 0.0663 (0.0718)  loss_l1_dn_2: 0.0646 (0.0700)  loss_l1_enc_0: 0.5517 (0.6026)  time: 2.0653  data: 0.0801  max mem: 56856
Epoch: [56]  [163/164]  eta: 0:00:02  lr: 0.000020  loss: 10.7252 (10.7879)  loss_focal: 0.2381 (0.2320)  loss_focal_aux_0: 0.2439 (0.2394)  loss_focal_aux_1: 0.2400 (0.2349)  loss_focal_dn_0: 0.0777 (0.0761)  loss_focal_dn_1: 0.0546 (0.0528)  loss_focal_dn_2: 0.0496 (0.0486)  loss_focal_enc_0: 0.2614 (0.2516)  loss_kld: 1.0512 (1.0676)  loss_kld_aux_0: 1.0658 (1.0894)  loss_kld_aux_1: 1.0546 (1.0712)  loss_kld_dn_0: 0.9838 (0.9572)  loss_kld_dn_1: 0.8897 (0.8734)  loss_kld_dn_2: 0.8818 (0.8624)  loss_kld_enc_0: 1.1107 (1.1488)  loss_l1: 0.5797 (0.5841)  loss_l1_aux_0: 0.5881 (0.5916)  loss_l1_aux_1: 0.5808 (0.5847)  loss_l1_dn_0: 0.0822 (0.0811)  loss_l1_dn_1: 0.0715 (0.0714)  loss_l1_dn_2: 0.0697 (0.0696)  loss_l1_enc_0: 0.5970 (0.5999)  time: 2.0950  data: 0.0626  max mem: 56856
Epoch: [56] Total time: 0:06:00 (2.1997 s / it)
Test:  [ 0/43]  eta: 0:03:03    time: 4.2607  data: 3.7087  max mem: 56856
Test:  [10/43]  eta: 0:00:30    time: 0.9181  data: 0.5915  max mem: 56856
Test:  [20/43]  eta: 0:00:17    time: 0.5759  data: 0.2726  max mem: 56856
Test:  [30/43]  eta: 0:00:09    time: 0.5746  data: 0.2703  max mem: 56856
Test:  [40/43]  eta: 0:00:02    time: 0.5892  data: 0.2829  max mem: 56856
Test:  [42/43]  eta: 0:00:00    time: 0.5638  data: 0.2681  max mem: 56856
Test: Total time: 0:00:28 (0.6681 s / it)
Averaged stats:
Offline DOTA results saved at /workspace/RT-DETR-OBB/outputs/rtdetrv2_obb_hgnetv2_n_dota_1_ss/dota_results/epoch_56.zip
best_stat: {'epoch': 56, 'mAP': 56.0}
Epoch: [57]  [  0/164]  eta: 0:32:00  lr: 0.000020  loss: 9.9498 (9.9498)  loss_focal: 0.2561 (0.2561)  loss_focal_aux_0: 0.2641 (0.2641)  loss_focal_aux_1: 0.2614 (0.2614)  loss_focal_dn_0: 0.0737 (0.0737)  loss_focal_dn_1: 0.0506 (0.0506)  loss_focal_dn_2: 0.0458 (0.0458)  loss_focal_enc_0: 0.2804 (0.2804)  loss_kld: 0.9200 (0.9200)  loss_kld_aux_0: 0.9399 (0.9399)  loss_kld_aux_1: 0.9231 (0.9231)  loss_kld_dn_0: 0.9591 (0.9591)  loss_kld_dn_1: 0.8804 (0.8804)  loss_kld_dn_2: 0.8685 (0.8685)  loss_kld_enc_0: 1.0047 (1.0047)  loss_l1: 0.4934 (0.4934)  loss_l1_aux_0: 0.4952 (0.4952)  loss_l1_aux_1: 0.4940 (0.4940)  loss_l1_dn_0: 0.0855 (0.0855)  loss_l1_dn_1: 0.0749 (0.0749)  loss_l1_dn_2: 0.0734 (0.0734)  loss_l1_enc_0: 0.5056 (0.5056)  time: 11.7098  data: 9.5001  max mem: 56856
Epoch: [57]  [100/164]  eta: 0:02:23  lr: 0.000020  loss: 10.9051 (10.7654)  loss_focal: 0.2195 (0.2280)  loss_focal_aux_0: 0.2279 (0.2363)  loss_focal_aux_1: 0.2250 (0.2315)  loss_focal_dn_0: 0.0737 (0.0760)  loss_focal_dn_1: 0.0510 (0.0526)  loss_focal_dn_2: 0.0475 (0.0484)  loss_focal_enc_0: 0.2401 (0.2498)  loss_kld: 1.0634 (1.0697)  loss_kld_aux_0: 1.0852 (1.0906)  loss_kld_aux_1: 1.0671 (1.0733)  loss_kld_dn_0: 0.9379 (0.9579)  loss_kld_dn_1: 0.8573 (0.8752)  loss_kld_dn_2: 0.8456 (0.8641)  loss_kld_enc_0: 1.1460 (1.1499)  loss_l1: 0.5799 (0.5798)  loss_l1_aux_0: 0.5901 (0.5870)  loss_l1_aux_1: 0.5804 (0.5804)  loss_l1_dn_0: 0.0780 (0.0804)  loss_l1_dn_1: 0.0683 (0.0706)  loss_l1_dn_2: 0.0665 (0.0688)  loss_l1_enc_0: 0.5978 (0.5952)  time: 1.9944  data: 0.0672  max mem: 56856
Epoch: [57]  [163/164]  eta: 0:00:02  lr: 0.000020  loss: 10.8452 (10.8022)  loss_focal: 0.2391 (0.2312)  loss_focal_aux_0: 0.2446 (0.2393)  loss_focal_aux_1: 0.2415 (0.2344)  loss_focal_dn_0: 0.0751 (0.0765)  loss_focal_dn_1: 0.0524 (0.0532)  loss_focal_dn_2: 0.0480 (0.0490)  loss_focal_enc_0: 0.2567 (0.2525)  loss_kld: 1.0548 (1.0689)  loss_kld_aux_0: 1.0785 (1.0897)  loss_kld_aux_1: 1.0588 (1.0724)  loss_kld_dn_0: 0.9497 (0.9584)  loss_kld_dn_1: 0.8722 (0.8747)  loss_kld_dn_2: 0.8633 (0.8634)  loss_kld_enc_0: 1.1387 (1.1493)  loss_l1: 0.5799 (0.5861)  loss_l1_aux_0: 0.5870 (0.5931)  loss_l1_aux_1: 0.5809 (0.5867)  loss_l1_dn_0: 0.0833 (0.0812)  loss_l1_dn_1: 0.0720 (0.0713)  loss_l1_dn_2: 0.0695 (0.0695)  loss_l1_enc_0: 0.5960 (0.6014)  time: 2.0887  data: 0.0628  max mem: 56856
Epoch: [57] Total time: 0:05:59 (2.1921 s / it)
Test:  [ 0/43]  eta: 0:02:57    time: 4.1364  data: 3.5964  max mem: 56856
Test:  [10/43]  eta: 0:00:28    time: 0.8585  data: 0.5348  max mem: 56856
Test:  [20/43]  eta: 0:00:16    time: 0.5565  data: 0.2545  max mem: 56856
Test:  [30/43]  eta: 0:00:08    time: 0.5627  data: 0.2587  max mem: 56856
Test:  [40/43]  eta: 0:00:01    time: 0.5971  data: 0.2926  max mem: 56856
Test:  [42/43]  eta: 0:00:00    time: 0.5773  data: 0.2834  max mem: 56856
Test: Total time: 0:00:28 (0.6527 s / it)
Averaged stats:
Offline DOTA results saved at /workspace/RT-DETR-OBB/outputs/rtdetrv2_obb_hgnetv2_n_dota_1_ss/dota_results/epoch_57.zip
best_stat: {'epoch': 57, 'mAP': 57.0}
Epoch: [58]  [  0/164]  eta: 0:31:11  lr: 0.000020  loss: 11.7013 (11.7013)  loss_focal: 0.2459 (0.2459)  loss_focal_aux_0: 0.2503 (0.2503)  loss_focal_aux_1: 0.2456 (0.2456)  loss_focal_dn_0: 0.0783 (0.0783)  loss_focal_dn_1: 0.0573 (0.0573)  loss_focal_dn_2: 0.0527 (0.0527)  loss_focal_enc_0: 0.2553 (0.2553)  loss_kld: 1.1818 (1.1818)  loss_kld_aux_0: 1.1974 (1.1974)  loss_kld_aux_1: 1.1852 (1.1852)  loss_kld_dn_0: 0.9829 (0.9829)  loss_kld_dn_1: 0.9086 (0.9086)  loss_kld_dn_2: 0.8987 (0.8987)  loss_kld_enc_0: 1.2520 (1.2520)  loss_l1: 0.6616 (0.6616)  loss_l1_aux_0: 0.6646 (0.6646)  loss_l1_aux_1: 0.6623 (0.6623)  loss_l1_dn_0: 0.0897 (0.0897)  loss_l1_dn_1: 0.0805 (0.0805)  loss_l1_dn_2: 0.0785 (0.0785)  loss_l1_enc_0: 0.6720 (0.6720)  time: 11.4096  data: 9.5245  max mem: 56856
Epoch: [58]  [100/164]  eta: 0:02:22  lr: 0.000020  loss: 10.4328 (10.6869)  loss_focal: 0.2327 (0.2301)  loss_focal_aux_0: 0.2383 (0.2380)  loss_focal_aux_1: 0.2341 (0.2332)  loss_focal_dn_0: 0.0732 (0.0750)  loss_focal_dn_1: 0.0515 (0.0525)  loss_focal_dn_2: 0.0463 (0.0487)  loss_focal_enc_0: 0.2535 (0.2493)  loss_kld: 1.0344 (1.0571)  loss_kld_aux_0: 1.0501 (1.0781)  loss_kld_aux_1: 1.0363 (1.0605)  loss_kld_dn_0: 0.9376 (0.9547)  loss_kld_dn_1: 0.8475 (0.8713)  loss_kld_dn_2: 0.8326 (0.8599)  loss_kld_enc_0: 1.1047 (1.1369)  loss_l1: 0.5462 (0.5741)  loss_l1_aux_0: 0.5507 (0.5814)  loss_l1_aux_1: 0.5466 (0.5747)  loss_l1_dn_0: 0.0801 (0.0811)  loss_l1_dn_1: 0.0683 (0.0713)  loss_l1_dn_2: 0.0663 (0.0694)  loss_l1_enc_0: 0.5593 (0.5897)  time: 1.9507  data: 0.0689  max mem: 56856
Epoch: [58]  [163/164]  eta: 0:00:02  lr: 0.000020  loss: 11.2460 (10.6983)  loss_focal: 0.2307 (0.2315)  loss_focal_aux_0: 0.2368 (0.2394)  loss_focal_aux_1: 0.2345 (0.2349)  loss_focal_dn_0: 0.0775 (0.0756)  loss_focal_dn_1: 0.0533 (0.0527)  loss_focal_dn_2: 0.0487 (0.0488)  loss_focal_enc_0: 0.2488 (0.2507)  loss_kld: 1.1283 (1.0564)  loss_kld_aux_0: 1.1451 (1.0772)  loss_kld_aux_1: 1.1298 (1.0596)  loss_kld_dn_0: 0.9820 (0.9574)  loss_kld_dn_1: 0.8960 (0.8726)  loss_kld_dn_2: 0.8862 (0.8613)  loss_kld_enc_0: 1.1897 (1.1358)  loss_l1: 0.5992 (0.5746)  loss_l1_aux_0: 0.6061 (0.5818)  loss_l1_aux_1: 0.5997 (0.5752)  loss_l1_dn_0: 0.0778 (0.0814)  loss_l1_dn_1: 0.0687 (0.0715)  loss_l1_dn_2: 0.0670 (0.0697)  loss_l1_enc_0: 0.6143 (0.5901)  time: 2.2156  data: 0.0724  max mem: 56856
Epoch: [58] Total time: 0:05:58 (2.1846 s / it)
Test:  [ 0/43]  eta: 0:03:09    time: 4.4012  data: 3.8490  max mem: 56856
Test:  [10/43]  eta: 0:00:29    time: 0.8863  data: 0.5634  max mem: 56856
Test:  [20/43]  eta: 0:00:17    time: 0.5722  data: 0.2723  max mem: 56856
Test:  [30/43]  eta: 0:00:08    time: 0.5749  data: 0.2731  max mem: 56856
Test:  [40/43]  eta: 0:00:02    time: 0.5768  data: 0.2768  max mem: 56856
Test:  [42/43]  eta: 0:00:00    time: 0.5616  data: 0.2724  max mem: 56856
Test: Total time: 0:00:28 (0.6555 s / it)
Averaged stats:
Offline DOTA results saved at /workspace/RT-DETR-OBB/outputs/rtdetrv2_obb_hgnetv2_n_dota_1_ss/dota_results/epoch_58.zip
best_stat: {'epoch': 58, 'mAP': 58.0}
Epoch: [59]  [  0/164]  eta: 0:32:29  lr: 0.000020  loss: 10.5521 (10.5521)  loss_focal: 0.2260 (0.2260)  loss_focal_aux_0: 0.2323 (0.2323)  loss_focal_aux_1: 0.2316 (0.2316)  loss_focal_dn_0: 0.0760 (0.0760)  loss_focal_dn_1: 0.0527 (0.0527)  loss_focal_dn_2: 0.0488 (0.0488)  loss_focal_enc_0: 0.2391 (0.2391)  loss_kld: 1.0770 (1.0770)  loss_kld_aux_0: 1.0940 (1.0940)  loss_kld_aux_1: 1.0797 (1.0797)  loss_kld_dn_0: 0.9954 (0.9954)  loss_kld_dn_1: 0.9248 (0.9248)  loss_kld_dn_2: 0.9154 (0.9154)  loss_kld_enc_0: 1.1554 (1.1554)  loss_l1: 0.4896 (0.4896)  loss_l1_aux_0: 0.5029 (0.5029)  loss_l1_aux_1: 0.4907 (0.4907)  loss_l1_dn_0: 0.0765 (0.0765)  loss_l1_dn_1: 0.0673 (0.0673)  loss_l1_dn_2: 0.0651 (0.0651)  loss_l1_enc_0: 0.5117 (0.5117)  time: 11.8873  data: 10.1180  max mem: 56856
Epoch: [59]  [100/164]  eta: 0:02:25  lr: 0.000020  loss: 11.1963 (10.8585)  loss_focal: 0.2471 (0.2310)  loss_focal_aux_0: 0.2520 (0.2371)  loss_focal_aux_1: 0.2494 (0.2333)  loss_focal_dn_0: 0.0741 (0.0748)  loss_focal_dn_1: 0.0557 (0.0522)  loss_focal_dn_2: 0.0504 (0.0482)  loss_focal_enc_0: 0.2599 (0.2479)  loss_kld: 1.0756 (1.0772)  loss_kld_aux_0: 1.0968 (1.0988)  loss_kld_aux_1: 1.0776 (1.0807)  loss_kld_dn_0: 0.9548 (0.9612)  loss_kld_dn_1: 0.8776 (0.8782)  loss_kld_dn_2: 0.8693 (0.8670)  loss_kld_enc_0: 1.1520 (1.1607)  loss_l1: 0.5949 (0.5917)  loss_l1_aux_0: 0.6106 (0.5996)  loss_l1_aux_1: 0.5950 (0.5923)  loss_l1_dn_0: 0.0810 (0.0799)  loss_l1_dn_1: 0.0710 (0.0703)  loss_l1_dn_2: 0.0697 (0.0685)  loss_l1_enc_0: 0.6191 (0.6080)  time: 2.1756  data: 0.0611  max mem: 56856
Epoch: [59]  [163/164]  eta: 0:00:02  lr: 0.000020  loss: 10.3748 (10.7430)  loss_focal: 0.2255 (0.2273)  loss_focal_aux_0: 0.2344 (0.2339)  loss_focal_aux_1: 0.2294 (0.2297)  loss_focal_dn_0: 0.0742 (0.0741)  loss_focal_dn_1: 0.0513 (0.0516)  loss_focal_dn_2: 0.0466 (0.0476)  loss_focal_enc_0: 0.2474 (0.2450)  loss_kld: 0.9935 (1.0671)  loss_kld_aux_0: 1.0171 (1.0886)  loss_kld_aux_1: 0.9957 (1.0706)  loss_kld_dn_0: 0.9319 (0.9584)  loss_kld_dn_1: 0.8408 (0.8762)  loss_kld_dn_2: 0.8283 (0.8651)  loss_kld_enc_0: 1.0709 (1.1502)  loss_l1: 0.5533 (0.5789)  loss_l1_aux_0: 0.5611 (0.5867)  loss_l1_aux_1: 0.5533 (0.5796)  loss_l1_dn_0: 0.0789 (0.0794)  loss_l1_dn_1: 0.0708 (0.0698)  loss_l1_dn_2: 0.0690 (0.0681)  loss_l1_enc_0: 0.5708 (0.5951)  time: 1.9823  data: 0.0809  max mem: 56856
Epoch: [59] Total time: 0:06:03 (2.2144 s / it)
Test:  [ 0/43]  eta: 0:03:38    time: 5.0923  data: 4.5163  max mem: 56856
Test:  [10/43]  eta: 0:00:32    time: 0.9857  data: 0.6468  max mem: 56856
Test:  [20/43]  eta: 0:00:18    time: 0.6033  data: 0.2848  max mem: 56856
Test:  [30/43]  eta: 0:00:09    time: 0.5782  data: 0.2615  max mem: 56856
Test:  [40/43]  eta: 0:00:02    time: 0.5692  data: 0.2588  max mem: 56856
Test:  [42/43]  eta: 0:00:00    time: 0.5610  data: 0.2617  max mem: 56856
Test: Total time: 0:00:29 (0.6855 s / it)
Averaged stats:
Offline DOTA results saved at /workspace/RT-DETR-OBB/outputs/rtdetrv2_obb_hgnetv2_n_dota_1_ss/dota_results/epoch_59.zip
best_stat: {'epoch': 59, 'mAP': 59.0}
Epoch: [60]  [  0/164]  eta: 0:38:59  lr: 0.000020  loss: 12.0106 (12.0106)  loss_focal: 0.2124 (0.2124)  loss_focal_aux_0: 0.2174 (0.2174)  loss_focal_aux_1: 0.2130 (0.2130)  loss_focal_dn_0: 0.0718 (0.0718)  loss_focal_dn_1: 0.0533 (0.0533)  loss_focal_dn_2: 0.0497 (0.0497)  loss_focal_enc_0: 0.2296 (0.2296)  loss_kld: 1.2989 (1.2989)  loss_kld_aux_0: 1.3221 (1.3221)  loss_kld_aux_1: 1.3034 (1.3034)  loss_kld_dn_0: 1.0109 (1.0109)  loss_kld_dn_1: 0.9521 (0.9521)  loss_kld_dn_2: 0.9419 (0.9419)  loss_kld_enc_0: 1.3770 (1.3770)  loss_l1: 0.6373 (0.6373)  loss_l1_aux_0: 0.6429 (0.6429)  loss_l1_aux_1: 0.6376 (0.6376)  loss_l1_dn_0: 0.0684 (0.0684)  loss_l1_dn_1: 0.0611 (0.0611)  loss_l1_dn_2: 0.0602 (0.0602)  loss_l1_enc_0: 0.6495 (0.6495)  time: 14.2676  data: 11.6090  max mem: 56856
Epoch: [60]  [100/164]  eta: 0:02:22  lr: 0.000020  loss: 10.7209 (10.7376)  loss_focal: 0.2506 (0.2312)  loss_focal_aux_0: 0.2584 (0.2392)  loss_focal_aux_1: 0.2537 (0.2342)  loss_focal_dn_0: 0.0745 (0.0745)  loss_focal_dn_1: 0.0510 (0.0517)  loss_focal_dn_2: 0.0473 (0.0477)  loss_focal_enc_0: 0.2728 (0.2517)  loss_kld: 1.0482 (1.0620)  loss_kld_aux_0: 1.0710 (1.0822)  loss_kld_aux_1: 1.0531 (1.0652)  loss_kld_dn_0: 0.9456 (0.9609)  loss_kld_dn_1: 0.8545 (0.8743)  loss_kld_dn_2: 0.8414 (0.8626)  loss_kld_enc_0: 1.1322 (1.1416)  loss_l1: 0.5410 (0.5783)  loss_l1_aux_0: 0.5522 (0.5853)  loss_l1_aux_1: 0.5417 (0.5789)  loss_l1_dn_0: 0.0877 (0.0814)  loss_l1_dn_1: 0.0768 (0.0714)  loss_l1_dn_2: 0.0741 (0.0696)  loss_l1_enc_0: 0.5622 (0.5936)  time: 1.9639  data: 0.0707  max mem: 56856
Epoch: [60]  [163/164]  eta: 0:00:02  lr: 0.000020  loss: 10.3879 (10.7276)  loss_focal: 0.2328 (0.2324)  loss_focal_aux_0: 0.2390 (0.2404)  loss_focal_aux_1: 0.2331 (0.2353)  loss_focal_dn_0: 0.0728 (0.0755)  loss_focal_dn_1: 0.0490 (0.0518)  loss_focal_dn_2: 0.0454 (0.0476)  loss_focal_enc_0: 0.2538 (0.2520)  loss_kld: 1.0620 (1.0595)  loss_kld_aux_0: 1.0896 (1.0806)  loss_kld_aux_1: 1.0647 (1.0628)  loss_kld_dn_0: 0.9504 (0.9614)  loss_kld_dn_1: 0.8510 (0.8717)  loss_kld_dn_2: 0.8410 (0.8600)  loss_kld_enc_0: 1.1445 (1.1405)  loss_l1: 0.5159 (0.5779)  loss_l1_aux_0: 0.5246 (0.5852)  loss_l1_aux_1: 0.5170 (0.5784)  loss_l1_dn_0: 0.0766 (0.0811)  loss_l1_dn_1: 0.0676 (0.0709)  loss_l1_dn_2: 0.0650 (0.0691)  loss_l1_enc_0: 0.5353 (0.5936)  time: 1.9910  data: 0.0552  max mem: 56856
Epoch: [60] Total time: 0:05:55 (2.1688 s / it)
Test:  [ 0/43]  eta: 0:03:04    time: 4.2809  data: 3.7326  max mem: 56856
Test:  [10/43]  eta: 0:00:29    time: 0.8976  data: 0.5709  max mem: 56856
Test:  [20/43]  eta: 0:00:17    time: 0.5709  data: 0.2679  max mem: 56856
Test:  [30/43]  eta: 0:00:08    time: 0.5559  data: 0.2529  max mem: 56856
Test:  [40/43]  eta: 0:00:01    time: 0.5476  data: 0.2438  max mem: 56856
Test:  [42/43]  eta: 0:00:00    time: 0.5322  data: 0.2388  max mem: 56856
Test: Total time: 0:00:27 (0.6403 s / it)
Averaged stats:
Offline DOTA results saved at /workspace/RT-DETR-OBB/outputs/rtdetrv2_obb_hgnetv2_n_dota_1_ss/dota_results/epoch_60.zip
best_stat: {'epoch': 60, 'mAP': 60.0}
Epoch: [61]  [  0/164]  eta: 0:35:02  lr: 0.000020  loss: 11.2133 (11.2133)  loss_focal: 0.2458 (0.2458)  loss_focal_aux_0: 0.2581 (0.2581)  loss_focal_aux_1: 0.2518 (0.2518)  loss_focal_dn_0: 0.0802 (0.0802)  loss_focal_dn_1: 0.0567 (0.0567)  loss_focal_dn_2: 0.0521 (0.0521)  loss_focal_enc_0: 0.2705 (0.2705)  loss_kld: 1.0693 (1.0693)  loss_kld_aux_0: 1.0933 (1.0933)  loss_kld_aux_1: 1.0718 (1.0718)  loss_kld_dn_0: 0.9250 (0.9250)  loss_kld_dn_1: 0.8470 (0.8470)  loss_kld_dn_2: 0.8369 (0.8369)  loss_kld_enc_0: 1.1484 (1.1484)  loss_l1: 0.6785 (0.6785)  loss_l1_aux_0: 0.6868 (0.6868)  loss_l1_aux_1: 0.6782 (0.6782)  loss_l1_dn_0: 0.0982 (0.0982)  loss_l1_dn_1: 0.0853 (0.0853)  loss_l1_dn_2: 0.0838 (0.0838)  loss_l1_enc_0: 0.6958 (0.6958)  time: 12.8216  data: 8.9086  max mem: 56856
Epoch: [61]  [100/164]  eta: 0:02:17  lr: 0.000020  loss: 10.5576 (10.5274)  loss_focal: 0.2228 (0.2221)  loss_focal_aux_0: 0.2295 (0.2291)  loss_focal_aux_1: 0.2228 (0.2245)  loss_focal_dn_0: 0.0720 (0.0718)  loss_focal_dn_1: 0.0484 (0.0496)  loss_focal_dn_2: 0.0451 (0.0457)  loss_focal_enc_0: 0.2442 (0.2415)  loss_kld: 1.0320 (1.0457)  loss_kld_aux_0: 1.0501 (1.0661)  loss_kld_aux_1: 1.0352 (1.0489)  loss_kld_dn_0: 0.9690 (0.9475)  loss_kld_dn_1: 0.8781 (0.8645)  loss_kld_dn_2: 0.8645 (0.8538)  loss_kld_enc_0: 1.1025 (1.1259)  loss_l1: 0.5524 (0.5635)  loss_l1_aux_0: 0.5614 (0.5707)  loss_l1_aux_1: 0.5525 (0.5641)  loss_l1_dn_0: 0.0763 (0.0780)  loss_l1_dn_1: 0.0664 (0.0684)  loss_l1_dn_2: 0.0645 (0.0667)  loss_l1_enc_0: 0.5705 (0.5791)  time: 2.0003  data: 0.0767  max mem: 56856
Epoch: [61]  [163/164]  eta: 0:00:02  lr: 0.000020  loss: 10.5674 (10.4504)  loss_focal: 0.2300 (0.2232)  loss_focal_aux_0: 0.2408 (0.2305)  loss_focal_aux_1: 0.2352 (0.2258)  loss_focal_dn_0: 0.0739 (0.0714)  loss_focal_dn_1: 0.0509 (0.0492)  loss_focal_dn_2: 0.0462 (0.0453)  loss_focal_enc_0: 0.2537 (0.2433)  loss_kld: 1.0659 (1.0375)  loss_kld_aux_0: 1.0854 (1.0577)  loss_kld_aux_1: 1.0689 (1.0409)  loss_kld_dn_0: 0.9364 (0.9421)  loss_kld_dn_1: 0.8569 (0.8585)  loss_kld_dn_2: 0.8481 (0.8476)  loss_kld_enc_0: 1.1451 (1.1178)  loss_l1: 0.5600 (0.5555)  loss_l1_aux_0: 0.5663 (0.5627)  loss_l1_aux_1: 0.5609 (0.5561)  loss_l1_dn_0: 0.0762 (0.0785)  loss_l1_dn_1: 0.0680 (0.0687)  loss_l1_dn_2: 0.0662 (0.0670)  loss_l1_enc_0: 0.5769 (0.5712)  time: 2.0662  data: 0.0722  max mem: 56856
Epoch: [61] Total time: 0:05:42 (2.0877 s / it)
Test:  [ 0/43]  eta: 0:03:01    time: 4.2153  data: 3.6706  max mem: 56856
Test:  [10/43]  eta: 0:00:29    time: 0.8839  data: 0.5609  max mem: 56856
Test:  [20/43]  eta: 0:00:16    time: 0.5512  data: 0.2502  max mem: 56856
Test:  [30/43]  eta: 0:00:08    time: 0.5795  data: 0.2771  max mem: 56856
Test:  [40/43]  eta: 0:00:01    time: 0.5973  data: 0.2952  max mem: 56856
Test:  [42/43]  eta: 0:00:00    time: 0.5543  data: 0.2635  max mem: 56856
Test: Total time: 0:00:28 (0.6518 s / it)
Averaged stats:
Offline DOTA results saved at /workspace/RT-DETR-OBB/outputs/rtdetrv2_obb_hgnetv2_n_dota_1_ss/dota_results/epoch_61.zip
best_stat: {'epoch': 61, 'mAP': 61.0}
Epoch: [62]  [  0/164]  eta: 0:32:53  lr: 0.000020  loss: 9.8198 (9.8198)  loss_focal: 0.2299 (0.2299)  loss_focal_aux_0: 0.2344 (0.2344)  loss_focal_aux_1: 0.2315 (0.2315)  loss_focal_dn_0: 0.0693 (0.0693)  loss_focal_dn_1: 0.0476 (0.0476)  loss_focal_dn_2: 0.0440 (0.0440)  loss_focal_enc_0: 0.2416 (0.2416)  loss_kld: 0.9353 (0.9353)  loss_kld_aux_0: 0.9531 (0.9531)  loss_kld_aux_1: 0.9375 (0.9375)  loss_kld_dn_0: 0.9350 (0.9350)  loss_kld_dn_1: 0.8720 (0.8720)  loss_kld_dn_2: 0.8627 (0.8627)  loss_kld_enc_0: 1.0096 (1.0096)  loss_l1: 0.4886 (0.4886)  loss_l1_aux_0: 0.4978 (0.4978)  loss_l1_aux_1: 0.4890 (0.4890)  loss_l1_dn_0: 0.0848 (0.0848)  loss_l1_dn_1: 0.0763 (0.0763)  loss_l1_dn_2: 0.0745 (0.0745)  loss_l1_enc_0: 0.5052 (0.5052)  time: 12.0356  data: 10.4019  max mem: 56856
Epoch: [62]  [100/164]  eta: 0:02:24  lr: 0.000020  loss: 10.9689 (10.6233)  loss_focal: 0.2429 (0.2276)  loss_focal_aux_0: 0.2501 (0.2347)  loss_focal_aux_1: 0.2434 (0.2302)  loss_focal_dn_0: 0.0749 (0.0731)  loss_focal_dn_1: 0.0508 (0.0510)  loss_focal_dn_2: 0.0477 (0.0470)  loss_focal_enc_0: 0.2652 (0.2476)  loss_kld: 1.0687 (1.0535)  loss_kld_aux_0: 1.0868 (1.0742)  loss_kld_aux_1: 1.0719 (1.0568)  loss_kld_dn_0: 0.9658 (0.9491)  loss_kld_dn_1: 0.8821 (0.8641)  loss_kld_dn_2: 0.8665 (0.8527)  loss_kld_enc_0: 1.1505 (1.1351)  loss_l1: 0.5915 (0.5717)  loss_l1_aux_0: 0.5961 (0.5786)  loss_l1_aux_1: 0.5922 (0.5724)  loss_l1_dn_0: 0.0771 (0.0794)  loss_l1_dn_1: 0.0686 (0.0697)  loss_l1_dn_2: 0.0669 (0.0680)  loss_l1_enc_0: 0.6039 (0.5869)  time: 2.1307  data: 0.0568  max mem: 56856
Epoch: [62]  [163/164]  eta: 0:00:02  lr: 0.000020  loss: 10.6025 (10.6267)  loss_focal: 0.2212 (0.2269)  loss_focal_aux_0: 0.2296 (0.2341)  loss_focal_aux_1: 0.2268 (0.2297)  loss_focal_dn_0: 0.0693 (0.0735)  loss_focal_dn_1: 0.0504 (0.0512)  loss_focal_dn_2: 0.0482 (0.0472)  loss_focal_enc_0: 0.2417 (0.2464)  loss_kld: 1.0632 (1.0597)  loss_kld_aux_0: 1.0843 (1.0800)  loss_kld_aux_1: 1.0660 (1.0629)  loss_kld_dn_0: 0.9431 (0.9499)  loss_kld_dn_1: 0.8678 (0.8659)  loss_kld_dn_2: 0.8573 (0.8548)  loss_kld_enc_0: 1.1470 (1.1402)  loss_l1: 0.5582 (0.5665)  loss_l1_aux_0: 0.5667 (0.5733)  loss_l1_aux_1: 0.5586 (0.5671)  loss_l1_dn_0: 0.0770 (0.0789)  loss_l1_dn_1: 0.0681 (0.0694)  loss_l1_dn_2: 0.0666 (0.0677)  loss_l1_enc_0: 0.5767 (0.5815)  time: 2.3279  data: 0.0482  max mem: 56856
Epoch: [62] Total time: 0:06:10 (2.2615 s / it)
Test:  [ 0/43]  eta: 0:03:16    time: 4.5810  data: 4.0223  max mem: 56856
Test:  [10/43]  eta: 0:00:31    time: 0.9593  data: 0.6345  max mem: 56856
Test:  [20/43]  eta: 0:00:18    time: 0.6145  data: 0.3124  max mem: 56856
Test:  [30/43]  eta: 0:00:09    time: 0.5776  data: 0.2734  max mem: 56856
Test:  [40/43]  eta: 0:00:02    time: 0.6187  data: 0.3163  max mem: 56856
Test:  [42/43]  eta: 0:00:00    time: 0.6045  data: 0.3130  max mem: 56856
Test: Total time: 0:00:30 (0.7011 s / it)
Averaged stats:
Offline DOTA results saved at /workspace/RT-DETR-OBB/outputs/rtdetrv2_obb_hgnetv2_n_dota_1_ss/dota_results/epoch_62.zip
best_stat: {'epoch': 62, 'mAP': 62.0}
Epoch: [63]  [  0/164]  eta: 0:31:30  lr: 0.000020  loss: 11.4253 (11.4253)  loss_focal: 0.3126 (0.3126)  loss_focal_aux_0: 0.3214 (0.3214)  loss_focal_aux_1: 0.3166 (0.3166)  loss_focal_dn_0: 0.0855 (0.0855)  loss_focal_dn_1: 0.0621 (0.0621)  loss_focal_dn_2: 0.0562 (0.0562)  loss_focal_enc_0: 0.3262 (0.3262)  loss_kld: 1.0762 (1.0762)  loss_kld_aux_0: 1.0987 (1.0987)  loss_kld_aux_1: 1.0796 (1.0796)  loss_kld_dn_0: 0.9335 (0.9335)  loss_kld_dn_1: 0.8458 (0.8458)  loss_kld_dn_2: 0.8352 (0.8352)  loss_kld_enc_0: 1.1533 (1.1533)  loss_l1: 0.6632 (0.6632)  loss_l1_aux_0: 0.6715 (0.6715)  loss_l1_aux_1: 0.6639 (0.6639)  loss_l1_dn_0: 0.0895 (0.0895)  loss_l1_dn_1: 0.0777 (0.0777)  loss_l1_dn_2: 0.0759 (0.0759)  loss_l1_enc_0: 0.6807 (0.6807)  time: 11.5286  data: 9.2174  max mem: 56856
Epoch: [63]  [100/164]  eta: 0:02:22  lr: 0.000020  loss: 10.2602 (10.5468)  loss_focal: 0.2070 (0.2215)  loss_focal_aux_0: 0.2185 (0.2288)  loss_focal_aux_1: 0.2091 (0.2245)  loss_focal_dn_0: 0.0676 (0.0716)  loss_focal_dn_1: 0.0472 (0.0499)  loss_focal_dn_2: 0.0429 (0.0461)  loss_focal_enc_0: 0.2289 (0.2410)  loss_kld: 1.0408 (1.0501)  loss_kld_aux_0: 1.0560 (1.0707)  loss_kld_aux_1: 1.0449 (1.0533)  loss_kld_dn_0: 0.9089 (0.9354)  loss_kld_dn_1: 0.8414 (0.8540)  loss_kld_dn_2: 0.8305 (0.8433)  loss_kld_enc_0: 1.1158 (1.1316)  loss_l1: 0.5512 (0.5716)  loss_l1_aux_0: 0.5616 (0.5795)  loss_l1_aux_1: 0.5515 (0.5722)  loss_l1_dn_0: 0.0780 (0.0782)  loss_l1_dn_1: 0.0684 (0.0688)  loss_l1_dn_2: 0.0671 (0.0670)  loss_l1_enc_0: 0.5710 (0.5878)  time: 2.0701  data: 0.0564  max mem: 56856
Epoch: [63]  [163/164]  eta: 0:00:02  lr: 0.000020  loss: 9.5489 (10.4420)  loss_focal: 0.2262 (0.2243)  loss_focal_aux_0: 0.2360 (0.2315)  loss_focal_aux_1: 0.2320 (0.2272)  loss_focal_dn_0: 0.0702 (0.0718)  loss_focal_dn_1: 0.0488 (0.0496)  loss_focal_dn_2: 0.0451 (0.0458)  loss_focal_enc_0: 0.2557 (0.2436)  loss_kld: 0.9382 (1.0326)  loss_kld_aux_0: 0.9621 (1.0533)  loss_kld_aux_1: 0.9404 (1.0358)  loss_kld_dn_0: 0.9421 (0.9376)  loss_kld_dn_1: 0.8539 (0.8532)  loss_kld_dn_2: 0.8430 (0.8424)  loss_kld_enc_0: 1.0219 (1.1132)  loss_l1: 0.5169 (0.5597)  loss_l1_aux_0: 0.5201 (0.5677)  loss_l1_aux_1: 0.5173 (0.5603)  loss_l1_dn_0: 0.0793 (0.0792)  loss_l1_dn_1: 0.0685 (0.0694)  loss_l1_dn_2: 0.0672 (0.0676)  loss_l1_enc_0: 0.5274 (0.5760)  time: 1.9034  data: 0.0632  max mem: 56856
Epoch: [63] Total time: 0:05:54 (2.1599 s / it)
Test:  [ 0/43]  eta: 0:03:39    time: 5.1012  data: 4.5424  max mem: 56856
Test:  [10/43]  eta: 0:00:30    time: 0.9272  data: 0.5987  max mem: 56856
Test:  [20/43]  eta: 0:00:17    time: 0.5485  data: 0.2364  max mem: 56856
Test:  [30/43]  eta: 0:00:09    time: 0.5668  data: 0.2542  max mem: 56856
Test:  [40/43]  eta: 0:00:02    time: 0.5632  data: 0.2585  max mem: 56856
Test:  [42/43]  eta: 0:00:00    time: 0.5504  data: 0.2566  max mem: 56856
Test: Total time: 0:00:28 (0.6560 s / it)
Averaged stats:
Offline DOTA results saved at /workspace/RT-DETR-OBB/outputs/rtdetrv2_obb_hgnetv2_n_dota_1_ss/dota_results/epoch_63.zip
best_stat: {'epoch': 63, 'mAP': 63.0}
Epoch: [64]  [  0/164]  eta: 0:29:51  lr: 0.000020  loss: 11.0321 (11.0321)  loss_focal: 0.2548 (0.2548)  loss_focal_aux_0: 0.2591 (0.2591)  loss_focal_aux_1: 0.2571 (0.2571)  loss_focal_dn_0: 0.0808 (0.0808)  loss_focal_dn_1: 0.0542 (0.0542)  loss_focal_dn_2: 0.0497 (0.0497)  loss_focal_enc_0: 0.2728 (0.2728)  loss_kld: 1.0761 (1.0761)  loss_kld_aux_0: 1.0967 (1.0967)  loss_kld_aux_1: 1.0803 (1.0803)  loss_kld_dn_0: 0.9584 (0.9584)  loss_kld_dn_1: 0.8751 (0.8751)  loss_kld_dn_2: 0.8624 (0.8624)  loss_kld_enc_0: 1.1583 (1.1583)  loss_l1: 0.6112 (0.6112)  loss_l1_aux_0: 0.6197 (0.6197)  loss_l1_aux_1: 0.6118 (0.6118)  loss_l1_dn_0: 0.0854 (0.0854)  loss_l1_dn_1: 0.0714 (0.0714)  loss_l1_dn_2: 0.0686 (0.0686)  loss_l1_enc_0: 0.6280 (0.6280)  time: 10.9248  data: 6.9789  max mem: 56856
Epoch: [64]  [100/164]  eta: 0:02:20  lr: 0.000020  loss: 10.1362 (10.3477)  loss_focal: 0.2013 (0.2156)  loss_focal_aux_0: 0.2061 (0.2228)  loss_focal_aux_1: 0.2019 (0.2185)  loss_focal_dn_0: 0.0667 (0.0689)  loss_focal_dn_1: 0.0475 (0.0486)  loss_focal_dn_2: 0.0442 (0.0449)  loss_focal_enc_0: 0.2229 (0.2340)  loss_kld: 0.9728 (1.0289)  loss_kld_aux_0: 0.9926 (1.0479)  loss_kld_aux_1: 0.9752 (1.0320)  loss_kld_dn_0: 0.9171 (0.9338)  loss_kld_dn_1: 0.8451 (0.8565)  loss_kld_dn_2: 0.8353 (0.8457)  loss_kld_enc_0: 1.0538 (1.1065)  loss_l1: 0.5305 (0.5518)  loss_l1_aux_0: 0.5337 (0.5590)  loss_l1_aux_1: 0.5309 (0.5524)  loss_l1_dn_0: 0.0773 (0.0776)  loss_l1_dn_1: 0.0683 (0.0684)  loss_l1_dn_2: 0.0671 (0.0667)  loss_l1_enc_0: 0.5424 (0.5672)  time: 2.0747  data: 0.0533  max mem: 56856
Epoch: [64]  [163/164]  eta: 0:00:02  lr: 0.000020  loss: 10.0030 (10.2936)  loss_focal: 0.2150 (0.2135)  loss_focal_aux_0: 0.2209 (0.2206)  loss_focal_aux_1: 0.2185 (0.2162)  loss_focal_dn_0: 0.0647 (0.0684)  loss_focal_dn_1: 0.0456 (0.0477)  loss_focal_dn_2: 0.0418 (0.0440)  loss_focal_enc_0: 0.2323 (0.2327)  loss_kld: 0.9532 (1.0225)  loss_kld_aux_0: 0.9724 (1.0420)  loss_kld_aux_1: 0.9569 (1.0256)  loss_kld_dn_0: 0.9254 (0.9346)  loss_kld_dn_1: 0.8465 (0.8560)  loss_kld_dn_2: 0.8367 (0.8454)  loss_kld_enc_0: 1.0399 (1.1020)  loss_l1: 0.5247 (0.5469)  loss_l1_aux_0: 0.5320 (0.5544)  loss_l1_aux_1: 0.5255 (0.5476)  loss_l1_dn_0: 0.0781 (0.0770)  loss_l1_dn_1: 0.0676 (0.0677)  loss_l1_dn_2: 0.0657 (0.0661)  loss_l1_enc_0: 0.5415 (0.5626)  time: 2.0517  data: 0.0572  max mem: 56856
Epoch: [64] Total time: 0:05:57 (2.1797 s / it)
Test:  [ 0/43]  eta: 0:03:02    time: 4.2551  data: 3.7140  max mem: 56856
Test:  [10/43]  eta: 0:00:30    time: 0.9316  data: 0.6060  max mem: 56856
Test:  [20/43]  eta: 0:00:17    time: 0.5861  data: 0.2812  max mem: 56856
Test:  [30/43]  eta: 0:00:09    time: 0.5967  data: 0.2908  max mem: 56856
Test:  [40/43]  eta: 0:00:02    time: 0.6128  data: 0.3087  max mem: 56856
Test:  [42/43]  eta: 0:00:00    time: 0.6053  data: 0.3121  max mem: 56856
Test: Total time: 0:00:29 (0.6896 s / it)
Averaged stats:
Offline DOTA results saved at /workspace/RT-DETR-OBB/outputs/rtdetrv2_obb_hgnetv2_n_dota_1_ss/dota_results/epoch_64.zip
best_stat: {'epoch': 64, 'mAP': 64.0}
Epoch: [65]  [  0/164]  eta: 0:29:29  lr: 0.000020  loss: 9.5191 (9.5191)  loss_focal: 0.2605 (0.2605)  loss_focal_aux_0: 0.2711 (0.2711)  loss_focal_aux_1: 0.2630 (0.2630)  loss_focal_dn_0: 0.0690 (0.0690)  loss_focal_dn_1: 0.0477 (0.0477)  loss_focal_dn_2: 0.0435 (0.0435)  loss_focal_enc_0: 0.2886 (0.2886)  loss_kld: 0.8457 (0.8457)  loss_kld_aux_0: 0.8651 (0.8651)  loss_kld_aux_1: 0.8498 (0.8498)  loss_kld_dn_0: 0.8676 (0.8676)  loss_kld_dn_1: 0.7841 (0.7841)  loss_kld_dn_2: 0.7680 (0.7680)  loss_kld_enc_0: 0.9303 (0.9303)  loss_l1: 0.5177 (0.5177)  loss_l1_aux_0: 0.5248 (0.5248)  loss_l1_aux_1: 0.5185 (0.5185)  loss_l1_dn_0: 0.0977 (0.0977)  loss_l1_dn_1: 0.0874 (0.0874)  loss_l1_dn_2: 0.0856 (0.0856)  loss_l1_enc_0: 0.5334 (0.5334)  time: 10.7914  data: 8.4068  max mem: 56856
Epoch: [65]  [100/164]  eta: 0:02:21  lr: 0.000020  loss: 10.0939 (10.1908)  loss_focal: 0.2158 (0.2171)  loss_focal_aux_0: 0.2232 (0.2241)  loss_focal_aux_1: 0.2182 (0.2199)  loss_focal_dn_0: 0.0689 (0.0682)  loss_focal_dn_1: 0.0481 (0.0473)  loss_focal_dn_2: 0.0452 (0.0434)  loss_focal_enc_0: 0.2342 (0.2357)  loss_kld: 0.9767 (1.0010)  loss_kld_aux_0: 0.9979 (1.0212)  loss_kld_aux_1: 0.9804 (1.0043)  loss_kld_dn_0: 0.9389 (0.9332)  loss_kld_dn_1: 0.8661 (0.8521)  loss_kld_dn_2: 0.8527 (0.8410)  loss_kld_enc_0: 1.0521 (1.0791)  loss_l1: 0.5318 (0.5417)  loss_l1_aux_0: 0.5374 (0.5490)  loss_l1_aux_1: 0.5322 (0.5424)  loss_l1_dn_0: 0.0769 (0.0778)  loss_l1_dn_1: 0.0669 (0.0683)  loss_l1_dn_2: 0.0653 (0.0666)  loss_l1_enc_0: 0.5441 (0.5573)  time: 2.1301  data: 0.0678  max mem: 56856
Epoch: [65]  [163/164]  eta: 0:00:02  lr: 0.000020  loss: 10.4045 (10.2631)  loss_focal: 0.2336 (0.2220)  loss_focal_aux_0: 0.2365 (0.2287)  loss_focal_aux_1: 0.2356 (0.2246)  loss_focal_dn_0: 0.0667 (0.0689)  loss_focal_dn_1: 0.0468 (0.0479)  loss_focal_dn_2: 0.0429 (0.0441)  loss_focal_enc_0: 0.2497 (0.2406)  loss_kld: 1.0114 (1.0085)  loss_kld_aux_0: 1.0285 (1.0284)  loss_kld_aux_1: 1.0141 (1.0117)  loss_kld_dn_0: 0.9262 (0.9309)  loss_kld_dn_1: 0.8498 (0.8502)  loss_kld_dn_2: 0.8381 (0.8393)  loss_kld_enc_0: 1.0798 (1.0858)  loss_l1: 0.5645 (0.5484)  loss_l1_aux_0: 0.5672 (0.5558)  loss_l1_aux_1: 0.5652 (0.5490)  loss_l1_dn_0: 0.0749 (0.0783)  loss_l1_dn_1: 0.0662 (0.0689)  loss_l1_dn_2: 0.0645 (0.0672)  loss_l1_enc_0: 0.5760 (0.5640)  time: 2.0171  data: 0.0911  max mem: 56856
Epoch: [65] Total time: 0:05:53 (2.1533 s / it)
Test:  [ 0/43]  eta: 0:02:58    time: 4.1430  data: 3.6026  max mem: 56856
Test:  [10/43]  eta: 0:00:28    time: 0.8695  data: 0.5470  max mem: 56856
Test:  [20/43]  eta: 0:00:16    time: 0.5605  data: 0.2606  max mem: 56856
Test:  [30/43]  eta: 0:00:08    time: 0.5550  data: 0.2550  max mem: 56856
Test:  [40/43]  eta: 0:00:01    time: 0.5614  data: 0.2607  max mem: 56856
Test:  [42/43]  eta: 0:00:00    time: 0.5476  data: 0.2570  max mem: 56856
Test: Total time: 0:00:27 (0.6374 s / it)
Averaged stats:
Offline DOTA results saved at /workspace/RT-DETR-OBB/outputs/rtdetrv2_obb_hgnetv2_n_dota_1_ss/dota_results/epoch_65.zip
best_stat: {'epoch': 65, 'mAP': 65.0}
Epoch: [66]  [  0/164]  eta: 0:38:01  lr: 0.000020  loss: 10.8753 (10.8753)  loss_focal: 0.1870 (0.1870)  loss_focal_aux_0: 0.1934 (0.1934)  loss_focal_aux_1: 0.1887 (0.1887)  loss_focal_dn_0: 0.0651 (0.0651)  loss_focal_dn_1: 0.0458 (0.0458)  loss_focal_dn_2: 0.0412 (0.0412)  loss_focal_enc_0: 0.2038 (0.2038)  loss_kld: 1.1590 (1.1590)  loss_kld_aux_0: 1.1716 (1.1716)  loss_kld_aux_1: 1.1613 (1.1613)  loss_kld_dn_0: 1.0049 (1.0049)  loss_kld_dn_1: 0.9492 (0.9492)  loss_kld_dn_2: 0.9425 (0.9425)  loss_kld_enc_0: 1.2170 (1.2170)  loss_l1: 0.5359 (0.5359)  loss_l1_aux_0: 0.5403 (0.5403)  loss_l1_aux_1: 0.5363 (0.5363)  loss_l1_dn_0: 0.0678 (0.0678)  loss_l1_dn_1: 0.0598 (0.0598)  loss_l1_dn_2: 0.0585 (0.0585)  loss_l1_enc_0: 0.5463 (0.5463)  time: 13.9106  data: 11.2251  max mem: 56856
Epoch: [66]  [100/164]  eta: 0:02:24  lr: 0.000020  loss: 10.1055 (10.2854)  loss_focal: 0.2158 (0.2174)  loss_focal_aux_0: 0.2219 (0.2247)  loss_focal_aux_1: 0.2195 (0.2205)  loss_focal_dn_0: 0.0650 (0.0690)  loss_focal_dn_1: 0.0457 (0.0480)  loss_focal_dn_2: 0.0412 (0.0443)  loss_focal_enc_0: 0.2325 (0.2357)  loss_kld: 1.0043 (1.0248)  loss_kld_aux_0: 1.0232 (1.0441)  loss_kld_aux_1: 1.0076 (1.0280)  loss_kld_dn_0: 0.8998 (0.9347)  loss_kld_dn_1: 0.8142 (0.8550)  loss_kld_dn_2: 0.8026 (0.8441)  loss_kld_enc_0: 1.0882 (1.1017)  loss_l1: 0.5470 (0.5394)  loss_l1_aux_0: 0.5598 (0.5467)  loss_l1_aux_1: 0.5478 (0.5399)  loss_l1_dn_0: 0.0771 (0.0778)  loss_l1_dn_1: 0.0656 (0.0683)  loss_l1_dn_2: 0.0640 (0.0666)  loss_l1_enc_0: 0.5685 (0.5549)  time: 1.8793  data: 0.0683  max mem: 56856
Epoch: [66]  [163/164]  eta: 0:00:02  lr: 0.000020  loss: 10.5193 (10.2580)  loss_focal: 0.2126 (0.2193)  loss_focal_aux_0: 0.2267 (0.2270)  loss_focal_aux_1: 0.2182 (0.2225)  loss_focal_dn_0: 0.0708 (0.0697)  loss_focal_dn_1: 0.0463 (0.0482)  loss_focal_dn_2: 0.0421 (0.0445)  loss_focal_enc_0: 0.2462 (0.2386)  loss_kld: 1.0004 (1.0119)  loss_kld_aux_0: 1.0226 (1.0314)  loss_kld_aux_1: 1.0048 (1.0151)  loss_kld_dn_0: 0.9372 (0.9282)  loss_kld_dn_1: 0.8456 (0.8445)  loss_kld_dn_2: 0.8336 (0.8336)  loss_kld_enc_0: 1.0917 (1.0892)  loss_l1: 0.5635 (0.5492)  loss_l1_aux_0: 0.5692 (0.5565)  loss_l1_aux_1: 0.5639 (0.5498)  loss_l1_dn_0: 0.0775 (0.0785)  loss_l1_dn_1: 0.0686 (0.0687)  loss_l1_dn_2: 0.0672 (0.0670)  loss_l1_enc_0: 0.5794 (0.5647)  time: 2.0620  data: 0.0713  max mem: 56856
Epoch: [66] Total time: 0:06:01 (2.2057 s / it)
Test:  [ 0/43]  eta: 0:03:07    time: 4.3696  data: 3.8298  max mem: 56856
Test:  [10/43]  eta: 0:00:31    time: 0.9459  data: 0.6191  max mem: 56856
Test:  [20/43]  eta: 0:00:18    time: 0.6405  data: 0.3344  max mem: 56856
Test:  [30/43]  eta: 0:00:09    time: 0.6297  data: 0.3219  max mem: 56856
Test:  [40/43]  eta: 0:00:02    time: 0.6342  data: 0.3282  max mem: 56856
Test:  [42/43]  eta: 0:00:00    time: 0.6236  data: 0.3281  max mem: 56856
Test: Total time: 0:00:30 (0.7119 s / it)
Averaged stats:
Offline DOTA results saved at /workspace/RT-DETR-OBB/outputs/rtdetrv2_obb_hgnetv2_n_dota_1_ss/dota_results/epoch_66.zip
best_stat: {'epoch': 66, 'mAP': 66.0}
Epoch: [67]  [  0/164]  eta: 0:33:52  lr: 0.000020  loss: 10.5212 (10.5212)  loss_focal: 0.2539 (0.2539)  loss_focal_aux_0: 0.2639 (0.2639)  loss_focal_aux_1: 0.2598 (0.2598)  loss_focal_dn_0: 0.0778 (0.0778)  loss_focal_dn_1: 0.0576 (0.0576)  loss_focal_dn_2: 0.0527 (0.0527)  loss_focal_enc_0: 0.2756 (0.2756)  loss_kld: 1.0439 (1.0439)  loss_kld_aux_0: 1.0693 (1.0693)  loss_kld_aux_1: 1.0471 (1.0471)  loss_kld_dn_0: 0.8439 (0.8439)  loss_kld_dn_1: 0.7511 (0.7511)  loss_kld_dn_2: 0.7398 (0.7398)  loss_kld_enc_0: 1.1225 (1.1225)  loss_l1: 0.6020 (0.6020)  loss_l1_aux_0: 0.6099 (0.6099)  loss_l1_aux_1: 0.6026 (0.6026)  loss_l1_dn_0: 0.0856 (0.0856)  loss_l1_dn_1: 0.0738 (0.0738)  loss_l1_dn_2: 0.0725 (0.0725)  loss_l1_enc_0: 0.6158 (0.6158)  time: 12.3945  data: 10.8016  max mem: 56856
Epoch: [67]  [100/164]  eta: 0:02:20  lr: 0.000020  loss: 10.1117 (10.4727)  loss_focal: 0.2092 (0.2241)  loss_focal_aux_0: 0.2159 (0.2313)  loss_focal_aux_1: 0.2120 (0.2267)  loss_focal_dn_0: 0.0691 (0.0703)  loss_focal_dn_1: 0.0476 (0.0491)  loss_focal_dn_2: 0.0438 (0.0453)  loss_focal_enc_0: 0.2215 (0.2443)  loss_kld: 1.0039 (1.0369)  loss_kld_aux_0: 1.0250 (1.0567)  loss_kld_aux_1: 1.0067 (1.0400)  loss_kld_dn_0: 0.9302 (0.9271)  loss_kld_dn_1: 0.8554 (0.8465)  loss_kld_dn_2: 0.8452 (0.8360)  loss_kld_enc_0: 1.0782 (1.1144)  loss_l1: 0.5406 (0.5723)  loss_l1_aux_0: 0.5498 (0.5798)  loss_l1_aux_1: 0.5419 (0.5727)  loss_l1_dn_0: 0.0765 (0.0772)  loss_l1_dn_1: 0.0662 (0.0678)  loss_l1_dn_2: 0.0651 (0.0662)  loss_l1_enc_0: 0.5585 (0.5882)  time: 2.0285  data: 0.0731  max mem: 56856
Epoch: [67]  [163/164]  eta: 0:00:02  lr: 0.000020  loss: 10.5458 (10.4437)  loss_focal: 0.2134 (0.2199)  loss_focal_aux_0: 0.2105 (0.2273)  loss_focal_aux_1: 0.2110 (0.2226)  loss_focal_dn_0: 0.0699 (0.0697)  loss_focal_dn_1: 0.0476 (0.0486)  loss_focal_dn_2: 0.0442 (0.0448)  loss_focal_enc_0: 0.2215 (0.2396)  loss_kld: 1.0572 (1.0370)  loss_kld_aux_0: 1.0702 (1.0564)  loss_kld_aux_1: 1.0586 (1.0400)  loss_kld_dn_0: 0.9401 (0.9301)  loss_kld_dn_1: 0.8433 (0.8496)  loss_kld_dn_2: 0.8360 (0.8392)  loss_kld_enc_0: 1.1199 (1.1135)  loss_l1: 0.5490 (0.5680)  loss_l1_aux_0: 0.5528 (0.5752)  loss_l1_aux_1: 0.5489 (0.5684)  loss_l1_dn_0: 0.0746 (0.0770)  loss_l1_dn_1: 0.0638 (0.0676)  loss_l1_dn_2: 0.0625 (0.0660)  loss_l1_enc_0: 0.5589 (0.5835)  time: 2.2538  data: 0.0529  max mem: 56856
Epoch: [67] Total time: 0:05:59 (2.1924 s / it)
Test:  [ 0/43]  eta: 0:03:01    time: 4.2106  data: 3.6780  max mem: 56856
Test:  [10/43]  eta: 0:00:28    time: 0.8722  data: 0.5481  max mem: 56856
Test:  [20/43]  eta: 0:00:17    time: 0.5737  data: 0.2690  max mem: 56856
Test:  [30/43]  eta: 0:00:09    time: 0.6009  data: 0.2933  max mem: 56856
Test:  [40/43]  eta: 0:00:02    time: 0.6090  data: 0.3039  max mem: 56856
Test:  [42/43]  eta: 0:00:00    time: 0.5966  data: 0.3023  max mem: 56856
Test: Total time: 0:00:28 (0.6702 s / it)
Averaged stats:
Offline DOTA results saved at /workspace/RT-DETR-OBB/outputs/rtdetrv2_obb_hgnetv2_n_dota_1_ss/dota_results/epoch_67.zip
best_stat: {'epoch': 67, 'mAP': 67.0}
Epoch: [68]  [  0/164]  eta: 0:30:14  lr: 0.000020  loss: 10.1812 (10.1812)  loss_focal: 0.2384 (0.2384)  loss_focal_aux_0: 0.2457 (0.2457)  loss_focal_aux_1: 0.2431 (0.2431)  loss_focal_dn_0: 0.0709 (0.0709)  loss_focal_dn_1: 0.0500 (0.0500)  loss_focal_dn_2: 0.0453 (0.0453)  loss_focal_enc_0: 0.2632 (0.2632)  loss_kld: 0.9988 (0.9988)  loss_kld_aux_0: 1.0171 (1.0171)  loss_kld_aux_1: 1.0025 (1.0025)  loss_kld_dn_0: 0.9031 (0.9031)  loss_kld_dn_1: 0.8307 (0.8307)  loss_kld_dn_2: 0.8213 (0.8213)  loss_kld_enc_0: 1.0781 (1.0781)  loss_l1: 0.5317 (0.5317)  loss_l1_aux_0: 0.5426 (0.5426)  loss_l1_aux_1: 0.5329 (0.5329)  loss_l1_dn_0: 0.0803 (0.0803)  loss_l1_dn_1: 0.0677 (0.0677)  loss_l1_dn_2: 0.0654 (0.0654)  loss_l1_enc_0: 0.5523 (0.5523)  time: 11.0635  data: 9.2983  max mem: 56856
Epoch: [68]  [100/164]  eta: 0:02:21  lr: 0.000020  loss: 10.2323 (10.2657)  loss_focal: 0.2186 (0.2137)  loss_focal_aux_0: 0.2265 (0.2222)  loss_focal_aux_1: 0.2202 (0.2169)  loss_focal_dn_0: 0.0670 (0.0681)  loss_focal_dn_1: 0.0460 (0.0473)  loss_focal_dn_2: 0.0415 (0.0437)  loss_focal_enc_0: 0.2427 (0.2344)  loss_kld: 1.0145 (1.0222)  loss_kld_aux_0: 1.0324 (1.0415)  loss_kld_aux_1: 1.0173 (1.0255)  loss_kld_dn_0: 0.9201 (0.9278)  loss_kld_dn_1: 0.8416 (0.8477)  loss_kld_dn_2: 0.8294 (0.8368)  loss_kld_enc_0: 1.0870 (1.0989)  loss_l1: 0.5292 (0.5465)  loss_l1_aux_0: 0.5351 (0.5543)  loss_l1_aux_1: 0.5296 (0.5470)  loss_l1_dn_0: 0.0765 (0.0764)  loss_l1_dn_1: 0.0689 (0.0671)  loss_l1_dn_2: 0.0670 (0.0654)  loss_l1_enc_0: 0.5423 (0.5623)  time: 2.0376  data: 0.0703  max mem: 56856
Epoch: [68]  [163/164]  eta: 0:00:02  lr: 0.000020  loss: 9.9314 (10.2907)  loss_focal: 0.2151 (0.2165)  loss_focal_aux_0: 0.2231 (0.2248)  loss_focal_aux_1: 0.2176 (0.2196)  loss_focal_dn_0: 0.0693 (0.0684)  loss_focal_dn_1: 0.0484 (0.0476)  loss_focal_dn_2: 0.0446 (0.0439)  loss_focal_enc_0: 0.2285 (0.2361)  loss_kld: 0.9828 (1.0197)  loss_kld_aux_0: 1.0073 (1.0394)  loss_kld_aux_1: 0.9865 (1.0229)  loss_kld_dn_0: 0.9095 (0.9255)  loss_kld_dn_1: 0.8356 (0.8463)  loss_kld_dn_2: 0.8261 (0.8353)  loss_kld_enc_0: 1.0668 (1.0963)  loss_l1: 0.5214 (0.5535)  loss_l1_aux_0: 0.5297 (0.5610)  loss_l1_aux_1: 0.5216 (0.5540)  loss_l1_dn_0: 0.0738 (0.0771)  loss_l1_dn_1: 0.0639 (0.0676)  loss_l1_dn_2: 0.0623 (0.0659)  loss_l1_enc_0: 0.5367 (0.5692)  time: 2.1433  data: 0.0594  max mem: 56856
Epoch: [68] Total time: 0:05:55 (2.1695 s / it)
Test:  [ 0/43]  eta: 0:02:58    time: 4.1493  data: 3.6112  max mem: 56856
Test:  [10/43]  eta: 0:00:27    time: 0.8458  data: 0.5245  max mem: 56856
Test:  [20/43]  eta: 0:00:16    time: 0.5638  data: 0.2655  max mem: 56856
Test:  [30/43]  eta: 0:00:08    time: 0.5789  data: 0.2782  max mem: 56856
Test:  [40/43]  eta: 0:00:01    time: 0.5852  data: 0.2831  max mem: 56856
Test:  [42/43]  eta: 0:00:00    time: 0.5685  data: 0.2764  max mem: 56856
Test: Total time: 0:00:28 (0.6520 s / it)
Averaged stats:
Offline DOTA results saved at /workspace/RT-DETR-OBB/outputs/rtdetrv2_obb_hgnetv2_n_dota_1_ss/dota_results/epoch_68.zip
best_stat: {'epoch': 68, 'mAP': 68.0}
Epoch: [69]  [  0/164]  eta: 0:32:13  lr: 0.000020  loss: 9.9908 (9.9908)  loss_focal: 0.1836 (0.1836)  loss_focal_aux_0: 0.1940 (0.1940)  loss_focal_aux_1: 0.1898 (0.1898)  loss_focal_dn_0: 0.0604 (0.0604)  loss_focal_dn_1: 0.0434 (0.0434)  loss_focal_dn_2: 0.0409 (0.0409)  loss_focal_enc_0: 0.2038 (0.2038)  loss_kld: 0.9775 (0.9775)  loss_kld_aux_0: 0.9957 (0.9957)  loss_kld_aux_1: 0.9808 (0.9808)  loss_kld_dn_0: 0.8562 (0.8562)  loss_kld_dn_1: 0.7765 (0.7765)  loss_kld_dn_2: 0.7676 (0.7676)  loss_kld_enc_0: 1.0580 (1.0580)  loss_l1: 0.6104 (0.6104)  loss_l1_aux_0: 0.6135 (0.6135)  loss_l1_aux_1: 0.6116 (0.6116)  loss_l1_dn_0: 0.0761 (0.0761)  loss_l1_dn_1: 0.0654 (0.0654)  loss_l1_dn_2: 0.0636 (0.0636)  loss_l1_enc_0: 0.6221 (0.6221)  time: 11.7889  data: 9.2811  max mem: 56856
Epoch: [69]  [100/164]  eta: 0:02:18  lr: 0.000020  loss: 10.2299 (10.2352)  loss_focal: 0.2102 (0.2193)  loss_focal_aux_0: 0.2178 (0.2267)  loss_focal_aux_1: 0.2159 (0.2220)  loss_focal_dn_0: 0.0669 (0.0676)  loss_focal_dn_1: 0.0471 (0.0471)  loss_focal_dn_2: 0.0431 (0.0436)  loss_focal_enc_0: 0.2303 (0.2400)  loss_kld: 0.9728 (1.0065)  loss_kld_aux_0: 0.9867 (1.0263)  loss_kld_aux_1: 0.9761 (1.0097)  loss_kld_dn_0: 0.9107 (0.9179)  loss_kld_dn_1: 0.8311 (0.8387)  loss_kld_dn_2: 0.8206 (0.8282)  loss_kld_enc_0: 1.0355 (1.0817)  loss_l1: 0.5247 (0.5559)  loss_l1_aux_0: 0.5299 (0.5637)  loss_l1_aux_1: 0.5254 (0.5566)  loss_l1_dn_0: 0.0780 (0.0775)  loss_l1_dn_1: 0.0685 (0.0680)  loss_l1_dn_2: 0.0673 (0.0664)  loss_l1_enc_0: 0.5361 (0.5719)  time: 2.0811  data: 0.0736  max mem: 56856
Epoch: [69]  [163/164]  eta: 0:00:02  lr: 0.000020  loss: 10.5306 (10.2464)  loss_focal: 0.2311 (0.2214)  loss_focal_aux_0: 0.2395 (0.2292)  loss_focal_aux_1: 0.2347 (0.2243)  loss_focal_dn_0: 0.0713 (0.0681)  loss_focal_dn_1: 0.0492 (0.0476)  loss_focal_dn_2: 0.0456 (0.0439)  loss_focal_enc_0: 0.2536 (0.2428)  loss_kld: 1.0410 (1.0075)  loss_kld_aux_0: 1.0682 (1.0275)  loss_kld_aux_1: 1.0439 (1.0109)  loss_kld_dn_0: 0.9205 (0.9210)  loss_kld_dn_1: 0.8294 (0.8398)  loss_kld_dn_2: 0.8158 (0.8289)  loss_kld_enc_0: 1.1209 (1.0844)  loss_l1: 0.5651 (0.5530)  loss_l1_aux_0: 0.5714 (0.5608)  loss_l1_aux_1: 0.5654 (0.5536)  loss_l1_dn_0: 0.0775 (0.0778)  loss_l1_dn_1: 0.0672 (0.0683)  loss_l1_dn_2: 0.0648 (0.0666)  loss_l1_enc_0: 0.5788 (0.5691)  time: 1.9612  data: 0.0682  max mem: 56856
Epoch: [69] Total time: 0:05:51 (2.1411 s / it)
Test:  [ 0/43]  eta: 0:03:16    time: 4.5813  data: 4.0361  max mem: 56856
Test:  [10/43]  eta: 0:00:30    time: 0.9119  data: 0.5853  max mem: 56856
Test:  [20/43]  eta: 0:00:17    time: 0.5604  data: 0.2548  max mem: 56856
Test:  [30/43]  eta: 0:00:08    time: 0.5702  data: 0.2600  max mem: 56856
Test:  [40/43]  eta: 0:00:01    time: 0.5623  data: 0.2500  max mem: 56856
Test:  [42/43]  eta: 0:00:00    time: 0.5559  data: 0.2546  max mem: 56856
Test: Total time: 0:00:28 (0.6582 s / it)
Averaged stats:
Offline DOTA results saved at /workspace/RT-DETR-OBB/outputs/rtdetrv2_obb_hgnetv2_n_dota_1_ss/dota_results/epoch_69.zip
best_stat: {'epoch': 69, 'mAP': 69.0}
Epoch: [70]  [  0/164]  eta: 0:32:44  lr: 0.000020  loss: 8.7259 (8.7259)  loss_focal: 0.2183 (0.2183)  loss_focal_aux_0: 0.2260 (0.2260)  loss_focal_aux_1: 0.2224 (0.2224)  loss_focal_dn_0: 0.0589 (0.0589)  loss_focal_dn_1: 0.0413 (0.0413)  loss_focal_dn_2: 0.0386 (0.0386)  loss_focal_enc_0: 0.2468 (0.2468)  loss_kld: 0.7810 (0.7810)  loss_kld_aux_0: 0.8043 (0.8043)  loss_kld_aux_1: 0.7850 (0.7850)  loss_kld_dn_0: 0.8335 (0.8335)  loss_kld_dn_1: 0.7478 (0.7478)  loss_kld_dn_2: 0.7346 (0.7346)  loss_kld_enc_0: 0.8644 (0.8644)  loss_l1: 0.4659 (0.4659)  loss_l1_aux_0: 0.4737 (0.4737)  loss_l1_aux_1: 0.4669 (0.4669)  loss_l1_dn_0: 0.0867 (0.0867)  loss_l1_dn_1: 0.0738 (0.0738)  loss_l1_dn_2: 0.0721 (0.0721)  loss_l1_enc_0: 0.4839 (0.4839)  time: 11.9778  data: 10.2429  max mem: 56856
Epoch: [70]  [100/164]  eta: 0:02:26  lr: 0.000020  loss: 10.4541 (10.4036)  loss_focal: 0.1977 (0.2152)  loss_focal_aux_0: 0.2105 (0.2236)  loss_focal_aux_1: 0.2022 (0.2185)  loss_focal_dn_0: 0.0655 (0.0683)  loss_focal_dn_1: 0.0442 (0.0471)  loss_focal_dn_2: 0.0418 (0.0434)  loss_focal_enc_0: 0.2248 (0.2367)  loss_kld: 1.0325 (1.0326)  loss_kld_aux_0: 1.0458 (1.0520)  loss_kld_aux_1: 1.0346 (1.0358)  loss_kld_dn_0: 0.9255 (0.9327)  loss_kld_dn_1: 0.8485 (0.8509)  loss_kld_dn_2: 0.8386 (0.8402)  loss_kld_enc_0: 1.0920 (1.1066)  loss_l1: 0.5779 (0.5665)  loss_l1_aux_0: 0.5845 (0.5738)  loss_l1_aux_1: 0.5777 (0.5670)  loss_l1_dn_0: 0.0735 (0.0770)  loss_l1_dn_1: 0.0644 (0.0678)  loss_l1_dn_2: 0.0630 (0.0662)  loss_l1_enc_0: 0.5934 (0.5818)  time: 2.2324  data: 0.0578  max mem: 56856
Epoch: [70]  [163/164]  eta: 0:00:02  lr: 0.000020  loss: 10.4325 (10.3774)  loss_focal: 0.2310 (0.2194)  loss_focal_aux_0: 0.2381 (0.2279)  loss_focal_aux_1: 0.2336 (0.2225)  loss_focal_dn_0: 0.0692 (0.0681)  loss_focal_dn_1: 0.0502 (0.0474)  loss_focal_dn_2: 0.0458 (0.0438)  loss_focal_enc_0: 0.2544 (0.2403)  loss_kld: 1.0091 (1.0252)  loss_kld_aux_0: 1.0334 (1.0442)  loss_kld_aux_1: 1.0121 (1.0283)  loss_kld_dn_0: 0.9383 (0.9318)  loss_kld_dn_1: 0.8476 (0.8508)  loss_kld_dn_2: 0.8446 (0.8401)  loss_kld_enc_0: 1.0906 (1.0998)  loss_l1: 0.5517 (0.5627)  loss_l1_aux_0: 0.5579 (0.5699)  loss_l1_aux_1: 0.5523 (0.5633)  loss_l1_dn_0: 0.0799 (0.0780)  loss_l1_dn_1: 0.0707 (0.0688)  loss_l1_dn_2: 0.0693 (0.0671)  loss_l1_enc_0: 0.5641 (0.5780)  time: 2.1131  data: 0.0602  max mem: 56856
Epoch: [70] Total time: 0:05:59 (2.1936 s / it)
Test:  [ 0/43]  eta: 0:03:00    time: 4.1924  data: 3.6159  max mem: 56856
Test:  [10/43]  eta: 0:00:29    time: 0.8860  data: 0.5391  max mem: 56856
Test:  [20/43]  eta: 0:00:16    time: 0.5602  data: 0.2434  max mem: 56856
Test:  [30/43]  eta: 0:00:08    time: 0.5542  data: 0.2453  max mem: 56856
Test:  [40/43]  eta: 0:00:02    time: 0.6088  data: 0.2971  max mem: 56856
Test:  [42/43]  eta: 0:00:00    time: 0.5980  data: 0.2948  max mem: 56856
Test: Total time: 0:00:28 (0.6663 s / it)
Averaged stats:
Offline DOTA results saved at /workspace/RT-DETR-OBB/outputs/rtdetrv2_obb_hgnetv2_n_dota_1_ss/dota_results/epoch_70.zip
best_stat: {'epoch': 70, 'mAP': 70.0}
Epoch: [71]  [  0/164]  eta: 0:34:25  lr: 0.000020  loss: 9.6553 (9.6553)  loss_focal: 0.1831 (0.1831)  loss_focal_aux_0: 0.1927 (0.1927)  loss_focal_aux_1: 0.1852 (0.1852)  loss_focal_dn_0: 0.0627 (0.0627)  loss_focal_dn_1: 0.0465 (0.0465)  loss_focal_dn_2: 0.0450 (0.0450)  loss_focal_enc_0: 0.2037 (0.2037)  loss_kld: 0.9093 (0.9093)  loss_kld_aux_0: 0.9394 (0.9394)  loss_kld_aux_1: 0.9148 (0.9148)  loss_kld_dn_0: 0.8965 (0.8965)  loss_kld_dn_1: 0.8184 (0.8184)  loss_kld_dn_2: 0.8068 (0.8068)  loss_kld_enc_0: 1.0026 (1.0026)  loss_l1: 0.5475 (0.5475)  loss_l1_aux_0: 0.5584 (0.5584)  loss_l1_aux_1: 0.5484 (0.5484)  loss_l1_dn_0: 0.0813 (0.0813)  loss_l1_dn_1: 0.0730 (0.0730)  loss_l1_dn_2: 0.0708 (0.0708)  loss_l1_enc_0: 0.5694 (0.5694)  time: 12.5931  data: 8.3248  max mem: 56856
Epoch: [71]  [100/164]  eta: 0:02:21  lr: 0.000020  loss: 10.3004 (10.3322)  loss_focal: 0.2153 (0.2262)  loss_focal_aux_0: 0.2219 (0.2352)  loss_focal_aux_1: 0.2174 (0.2296)  loss_focal_dn_0: 0.0659 (0.0693)  loss_focal_dn_1: 0.0455 (0.0475)  loss_focal_dn_2: 0.0427 (0.0439)  loss_focal_enc_0: 0.2371 (0.2468)  loss_kld: 1.0281 (1.0212)  loss_kld_aux_0: 1.0489 (1.0408)  loss_kld_aux_1: 1.0303 (1.0244)  loss_kld_dn_0: 0.9147 (0.9213)  loss_kld_dn_1: 0.8345 (0.8375)  loss_kld_dn_2: 0.8225 (0.8263)  loss_kld_enc_0: 1.1074 (1.0966)  loss_l1: 0.5412 (0.5568)  loss_l1_aux_0: 0.5460 (0.5649)  loss_l1_aux_1: 0.5414 (0.5575)  loss_l1_dn_0: 0.0733 (0.0782)  loss_l1_dn_1: 0.0640 (0.0683)  loss_l1_dn_2: 0.0623 (0.0666)  loss_l1_enc_0: 0.5512 (0.5732)  time: 2.1542  data: 0.0723  max mem: 56856
Epoch: [71]  [163/164]  eta: 0:00:02  lr: 0.000020  loss: 10.2705 (10.3365)  loss_focal: 0.2132 (0.2221)  loss_focal_aux_0: 0.2183 (0.2309)  loss_focal_aux_1: 0.2153 (0.2254)  loss_focal_dn_0: 0.0674 (0.0690)  loss_focal_dn_1: 0.0465 (0.0473)  loss_focal_dn_2: 0.0433 (0.0437)  loss_focal_enc_0: 0.2332 (0.2429)  loss_kld: 1.0297 (1.0258)  loss_kld_aux_0: 1.0467 (1.0451)  loss_kld_aux_1: 1.0320 (1.0289)  loss_kld_dn_0: 0.9299 (0.9265)  loss_kld_dn_1: 0.8538 (0.8435)  loss_kld_dn_2: 0.8438 (0.8326)  loss_kld_enc_0: 1.1115 (1.1002)  loss_l1: 0.5232 (0.5542)  loss_l1_aux_0: 0.5293 (0.5619)  loss_l1_aux_1: 0.5236 (0.5548)  loss_l1_dn_0: 0.0752 (0.0777)  loss_l1_dn_1: 0.0645 (0.0679)  loss_l1_dn_2: 0.0630 (0.0663)  loss_l1_enc_0: 0.5379 (0.5699)  time: 2.1247  data: 0.0513  max mem: 56856
Epoch: [71] Total time: 0:06:00 (2.1966 s / it)
Test:  [ 0/43]  eta: 0:02:54    time: 4.0649  data: 3.5139  max mem: 56856
Test:  [10/43]  eta: 0:00:28    time: 0.8681  data: 0.5371  max mem: 56856
Test:  [20/43]  eta: 0:00:17    time: 0.5771  data: 0.2587  max mem: 56856
Test:  [30/43]  eta: 0:00:08    time: 0.5845  data: 0.2614  max mem: 56856
Test:  [40/43]  eta: 0:00:01    time: 0.5748  data: 0.2541  max mem: 56856
Test:  [42/43]  eta: 0:00:00    time: 0.5595  data: 0.2496  max mem: 56856
Test: Total time: 0:00:28 (0.6534 s / it)
Averaged stats:
Offline DOTA results saved at /workspace/RT-DETR-OBB/outputs/rtdetrv2_obb_hgnetv2_n_dota_1_ss/dota_results/epoch_71.zip
best_stat: {'epoch': 71, 'mAP': 71.0}
Epoch: [72]  [  0/164]  eta: 0:32:30  lr: 0.000020  loss: 9.1286 (9.1286)  loss_focal: 0.2246 (0.2246)  loss_focal_aux_0: 0.2332 (0.2332)  loss_focal_aux_1: 0.2274 (0.2274)  loss_focal_dn_0: 0.0592 (0.0592)  loss_focal_dn_1: 0.0421 (0.0421)  loss_focal_dn_2: 0.0388 (0.0388)  loss_focal_enc_0: 0.2473 (0.2473)  loss_kld: 0.8948 (0.8948)  loss_kld_aux_0: 0.9125 (0.9125)  loss_kld_aux_1: 0.8978 (0.8978)  loss_kld_dn_0: 0.8302 (0.8302)  loss_kld_dn_1: 0.7562 (0.7562)  loss_kld_dn_2: 0.7462 (0.7462)  loss_kld_enc_0: 0.9675 (0.9675)  loss_l1: 0.4586 (0.4586)  loss_l1_aux_0: 0.4672 (0.4672)  loss_l1_aux_1: 0.4592 (0.4592)  loss_l1_dn_0: 0.0702 (0.0702)  loss_l1_dn_1: 0.0610 (0.0610)  loss_l1_dn_2: 0.0595 (0.0595)  loss_l1_enc_0: 0.4751 (0.4751)  time: 11.8908  data: 8.9982  max mem: 56856
Epoch: [72]  [100/164]  eta: 0:02:20  lr: 0.000020  loss: 10.2257 (10.2029)  loss_focal: 0.2279 (0.2217)  loss_focal_aux_0: 0.2393 (0.2299)  loss_focal_aux_1: 0.2324 (0.2250)  loss_focal_dn_0: 0.0711 (0.0675)  loss_focal_dn_1: 0.0497 (0.0464)  loss_focal_dn_2: 0.0450 (0.0427)  loss_focal_enc_0: 0.2520 (0.2432)  loss_kld: 1.0371 (1.0082)  loss_kld_aux_0: 1.0553 (1.0274)  loss_kld_aux_1: 1.0392 (1.0116)  loss_kld_dn_0: 0.9275 (0.9184)  loss_kld_dn_1: 0.8466 (0.8356)  loss_kld_dn_2: 0.8359 (0.8249)  loss_kld_enc_0: 1.1104 (1.0835)  loss_l1: 0.5587 (0.5452)  loss_l1_aux_0: 0.5630 (0.5524)  loss_l1_aux_1: 0.5588 (0.5458)  loss_l1_dn_0: 0.0817 (0.0779)  loss_l1_dn_1: 0.0713 (0.0683)  loss_l1_dn_2: 0.0696 (0.0667)  loss_l1_enc_0: 0.5706 (0.5604)  time: 2.0891  data: 0.0530  max mem: 56856
Epoch: [72]  [163/164]  eta: 0:00:02  lr: 0.000020  loss: 10.2958 (10.2481)  loss_focal: 0.2223 (0.2218)  loss_focal_aux_0: 0.2256 (0.2296)  loss_focal_aux_1: 0.2234 (0.2248)  loss_focal_dn_0: 0.0657 (0.0679)  loss_focal_dn_1: 0.0458 (0.0467)  loss_focal_dn_2: 0.0426 (0.0430)  loss_focal_enc_0: 0.2347 (0.2424)  loss_kld: 1.0219 (1.0105)  loss_kld_aux_0: 1.0379 (1.0300)  loss_kld_aux_1: 1.0241 (1.0138)  loss_kld_dn_0: 0.9346 (0.9237)  loss_kld_dn_1: 0.8485 (0.8411)  loss_kld_dn_2: 0.8382 (0.8303)  loss_kld_enc_0: 1.0921 (1.0860)  loss_l1: 0.5532 (0.5502)  loss_l1_aux_0: 0.5595 (0.5576)  loss_l1_aux_1: 0.5536 (0.5508)  loss_l1_dn_0: 0.0734 (0.0777)  loss_l1_dn_1: 0.0641 (0.0681)  loss_l1_dn_2: 0.0627 (0.0665)  loss_l1_enc_0: 0.5666 (0.5656)  time: 2.1161  data: 0.0642  max mem: 56856
Epoch: [72] Total time: 0:05:50 (2.1368 s / it)
Test:  [ 0/43]  eta: 0:03:04    time: 4.3017  data: 3.7476  max mem: 56856
Test:  [10/43]  eta: 0:00:29    time: 0.9060  data: 0.5747  max mem: 56856
Test:  [20/43]  eta: 0:00:18    time: 0.6079  data: 0.2975  max mem: 56856
Test:  [30/43]  eta: 0:00:09    time: 0.6463  data: 0.3293  max mem: 56856
Test:  [40/43]  eta: 0:00:02    time: 0.6228  data: 0.3002  max mem: 56856
Test:  [42/43]  eta: 0:00:00    time: 0.6020  data: 0.2942  max mem: 56856
Test: Total time: 0:00:29 (0.6936 s / it)
Averaged stats:
Offline DOTA results saved at /workspace/RT-DETR-OBB/outputs/rtdetrv2_obb_hgnetv2_n_dota_1_ss/dota_results/epoch_72.zip
best_stat: {'epoch': 72, 'mAP': 72.0}
Epoch: [73]  [  0/164]  eta: 0:31:25  lr: 0.000020  loss: 9.6859 (9.6859)  loss_focal: 0.1419 (0.1419)  loss_focal_aux_0: 0.1468 (0.1468)  loss_focal_aux_1: 0.1429 (0.1429)  loss_focal_dn_0: 0.0538 (0.0538)  loss_focal_dn_1: 0.0380 (0.0380)  loss_focal_dn_2: 0.0340 (0.0340)  loss_focal_enc_0: 0.1601 (0.1601)  loss_kld: 0.9883 (0.9883)  loss_kld_aux_0: 1.0057 (1.0057)  loss_kld_aux_1: 0.9905 (0.9905)  loss_kld_dn_0: 0.9454 (0.9454)  loss_kld_dn_1: 0.8766 (0.8766)  loss_kld_dn_2: 0.8646 (0.8646)  loss_kld_enc_0: 1.0548 (1.0548)  loss_l1: 0.5071 (0.5071)  loss_l1_aux_0: 0.5155 (0.5155)  loss_l1_aux_1: 0.5075 (0.5075)  loss_l1_dn_0: 0.0706 (0.0706)  loss_l1_dn_1: 0.0602 (0.0602)  loss_l1_dn_2: 0.0584 (0.0584)  loss_l1_enc_0: 0.5231 (0.5231)  time: 11.4954  data: 9.2053  max mem: 56856
Epoch: [73]  [100/164]  eta: 0:02:22  lr: 0.000020  loss: 9.9453 (10.2735)  loss_focal: 0.2193 (0.2157)  loss_focal_aux_0: 0.2248 (0.2252)  loss_focal_aux_1: 0.2210 (0.2194)  loss_focal_dn_0: 0.0652 (0.0670)  loss_focal_dn_1: 0.0466 (0.0462)  loss_focal_dn_2: 0.0430 (0.0426)  loss_focal_enc_0: 0.2404 (0.2370)  loss_kld: 0.9587 (1.0199)  loss_kld_aux_0: 0.9793 (1.0394)  loss_kld_aux_1: 0.9615 (1.0232)  loss_kld_dn_0: 0.9122 (0.9326)  loss_kld_dn_1: 0.8354 (0.8516)  loss_kld_dn_2: 0.8261 (0.8405)  loss_kld_enc_0: 1.0378 (1.0934)  loss_l1: 0.5331 (0.5471)  loss_l1_aux_0: 0.5439 (0.5545)  loss_l1_aux_1: 0.5343 (0.5477)  loss_l1_dn_0: 0.0718 (0.0760)  loss_l1_dn_1: 0.0648 (0.0669)  loss_l1_dn_2: 0.0635 (0.0653)  loss_l1_enc_0: 0.5546 (0.5626)  time: 2.0516  data: 0.0704  max mem: 56856
Epoch: [73]  [163/164]  eta: 0:00:02  lr: 0.000020  loss: 10.3258 (10.3301)  loss_focal: 0.2085 (0.2178)  loss_focal_aux_0: 0.2140 (0.2267)  loss_focal_aux_1: 0.2090 (0.2212)  loss_focal_dn_0: 0.0650 (0.0674)  loss_focal_dn_1: 0.0439 (0.0466)  loss_focal_dn_2: 0.0401 (0.0430)  loss_focal_enc_0: 0.2314 (0.2394)  loss_kld: 1.0510 (1.0247)  loss_kld_aux_0: 1.0764 (1.0440)  loss_kld_aux_1: 1.0563 (1.0279)  loss_kld_dn_0: 0.9336 (0.9317)  loss_kld_dn_1: 0.8406 (0.8506)  loss_kld_dn_2: 0.8297 (0.8394)  loss_kld_enc_0: 1.1305 (1.0985)  loss_l1: 0.5423 (0.5549)  loss_l1_aux_0: 0.5488 (0.5622)  loss_l1_aux_1: 0.5433 (0.5556)  loss_l1_dn_0: 0.0744 (0.0761)  loss_l1_dn_1: 0.0661 (0.0668)  loss_l1_dn_2: 0.0647 (0.0652)  loss_l1_enc_0: 0.5572 (0.5702)  time: 2.1745  data: 0.0564  max mem: 56856
Epoch: [73] Total time: 0:06:01 (2.2022 s / it)
Test:  [ 0/43]  eta: 0:03:02    time: 4.2455  data: 3.7070  max mem: 56856
Test:  [10/43]  eta: 0:00:29    time: 0.8854  data: 0.5611  max mem: 56856
Test:  [20/43]  eta: 0:00:17    time: 0.5849  data: 0.2826  max mem: 56856
Test:  [30/43]  eta: 0:00:09    time: 0.6055  data: 0.3009  max mem: 56856
Test:  [40/43]  eta: 0:00:02    time: 0.6122  data: 0.3071  max mem: 56856
Test:  [42/43]  eta: 0:00:00    time: 0.5980  data: 0.3036  max mem: 56856
Test: Total time: 0:00:28 (0.6730 s / it)
Averaged stats:
Offline DOTA results saved at /workspace/RT-DETR-OBB/outputs/rtdetrv2_obb_hgnetv2_n_dota_1_ss/dota_results/epoch_73.zip
best_stat: {'epoch': 73, 'mAP': 73.0}
Epoch: [74]  [  0/164]  eta: 0:34:09  lr: 0.000020  loss: 10.8658 (10.8658)  loss_focal: 0.2718 (0.2718)  loss_focal_aux_0: 0.2830 (0.2830)  loss_focal_aux_1: 0.2776 (0.2776)  loss_focal_dn_0: 0.0933 (0.0933)  loss_focal_dn_1: 0.0723 (0.0723)  loss_focal_dn_2: 0.0676 (0.0676)  loss_focal_enc_0: 0.3030 (0.3030)  loss_kld: 1.0419 (1.0419)  loss_kld_aux_0: 1.0577 (1.0577)  loss_kld_aux_1: 1.0432 (1.0432)  loss_kld_dn_0: 0.9195 (0.9195)  loss_kld_dn_1: 0.8218 (0.8218)  loss_kld_dn_2: 0.8091 (0.8091)  loss_kld_enc_0: 1.1101 (1.1101)  loss_l1: 0.6004 (0.6004)  loss_l1_aux_0: 0.6067 (0.6067)  loss_l1_aux_1: 0.5999 (0.5999)  loss_l1_dn_0: 0.0994 (0.0994)  loss_l1_dn_1: 0.0878 (0.0878)  loss_l1_dn_2: 0.0857 (0.0857)  loss_l1_enc_0: 0.6141 (0.6141)  time: 12.4975  data: 10.5479  max mem: 56856
Epoch: [74]  [100/164]  eta: 0:02:21  lr: 0.000020  loss: 10.0378 (10.1318)  loss_focal: 0.2062 (0.2150)  loss_focal_aux_0: 0.2147 (0.2236)  loss_focal_aux_1: 0.2080 (0.2184)  loss_focal_dn_0: 0.0655 (0.0671)  loss_focal_dn_1: 0.0440 (0.0465)  loss_focal_dn_2: 0.0406 (0.0429)  loss_focal_enc_0: 0.2344 (0.2378)  loss_kld: 0.9752 (0.9948)  loss_kld_aux_0: 0.9922 (1.0140)  loss_kld_aux_1: 0.9776 (0.9980)  loss_kld_dn_0: 0.9102 (0.9176)  loss_kld_dn_1: 0.8228 (0.8341)  loss_kld_dn_2: 0.8122 (0.8232)  loss_kld_enc_0: 1.0434 (1.0660)  loss_l1: 0.5591 (0.5499)  loss_l1_aux_0: 0.5614 (0.5570)  loss_l1_aux_1: 0.5595 (0.5505)  loss_l1_dn_0: 0.0758 (0.0772)  loss_l1_dn_1: 0.0673 (0.0675)  loss_l1_dn_2: 0.0658 (0.0658)  loss_l1_enc_0: 0.5691 (0.5649)  time: 2.0914  data: 0.0598  max mem: 56856
Epoch: [74]  [163/164]  eta: 0:00:02  lr: 0.000020  loss: 10.0401 (10.1378)  loss_focal: 0.2081 (0.2139)  loss_focal_aux_0: 0.2139 (0.2223)  loss_focal_aux_1: 0.2120 (0.2173)  loss_focal_dn_0: 0.0653 (0.0670)  loss_focal_dn_1: 0.0461 (0.0464)  loss_focal_dn_2: 0.0429 (0.0428)  loss_focal_enc_0: 0.2256 (0.2359)  loss_kld: 0.9842 (0.9947)  loss_kld_aux_0: 1.0045 (1.0138)  loss_kld_aux_1: 0.9899 (0.9979)  loss_kld_dn_0: 0.8891 (0.9159)  loss_kld_dn_1: 0.8087 (0.8344)  loss_kld_dn_2: 0.7979 (0.8235)  loss_kld_enc_0: 1.0548 (1.0658)  loss_l1: 0.5366 (0.5531)  loss_l1_aux_0: 0.5444 (0.5602)  loss_l1_aux_1: 0.5375 (0.5537)  loss_l1_dn_0: 0.0754 (0.0773)  loss_l1_dn_1: 0.0644 (0.0677)  loss_l1_dn_2: 0.0632 (0.0660)  loss_l1_enc_0: 0.5536 (0.5681)  time: 2.1569  data: 0.0704  max mem: 56856
Epoch: [74] Total time: 0:06:00 (2.2003 s / it)
Test:  [ 0/43]  eta: 0:02:53    time: 4.0328  data: 3.4862  max mem: 56856
Test:  [10/43]  eta: 0:00:29    time: 0.8796  data: 0.5568  max mem: 56856
Test:  [20/43]  eta: 0:00:17    time: 0.5949  data: 0.2905  max mem: 56856
Test:  [30/43]  eta: 0:00:08    time: 0.5696  data: 0.2606  max mem: 56856
Test:  [40/43]  eta: 0:00:01    time: 0.5557  data: 0.2507  max mem: 56856
Test:  [42/43]  eta: 0:00:00    time: 0.5444  data: 0.2514  max mem: 56856
Test: Total time: 0:00:27 (0.6485 s / it)
Averaged stats:
Offline DOTA results saved at /workspace/RT-DETR-OBB/outputs/rtdetrv2_obb_hgnetv2_n_dota_1_ss/dota_results/epoch_74.zip
best_stat: {'epoch': 74, 'mAP': 74.0}
Epoch: [75]  [  0/164]  eta: 0:32:19  lr: 0.000020  loss: 11.0792 (11.0792)  loss_focal: 0.2691 (0.2691)  loss_focal_aux_0: 0.2784 (0.2784)  loss_focal_aux_1: 0.2715 (0.2715)  loss_focal_dn_0: 0.0748 (0.0748)  loss_focal_dn_1: 0.0550 (0.0550)  loss_focal_dn_2: 0.0517 (0.0517)  loss_focal_enc_0: 0.2885 (0.2885)  loss_kld: 1.0648 (1.0648)  loss_kld_aux_0: 1.0814 (1.0814)  loss_kld_aux_1: 1.0684 (1.0684)  loss_kld_dn_0: 0.9030 (0.9030)  loss_kld_dn_1: 0.8357 (0.8357)  loss_kld_dn_2: 0.8235 (0.8235)  loss_kld_enc_0: 1.1255 (1.1255)  loss_l1: 0.6644 (0.6644)  loss_l1_aux_0: 0.6709 (0.6709)  loss_l1_aux_1: 0.6650 (0.6650)  loss_l1_dn_0: 0.0758 (0.0758)  loss_l1_dn_1: 0.0678 (0.0678)  loss_l1_dn_2: 0.0661 (0.0661)  loss_l1_enc_0: 0.6778 (0.6778)  time: 11.8282  data: 9.4454  max mem: 56856
Epoch: [75]  [100/164]  eta: 0:02:21  lr: 0.000020  loss: 10.1320 (10.1735)  loss_focal: 0.2060 (0.2139)  loss_focal_aux_0: 0.2160 (0.2217)  loss_focal_aux_1: 0.2091 (0.2171)  loss_focal_dn_0: 0.0646 (0.0660)  loss_focal_dn_1: 0.0450 (0.0457)  loss_focal_dn_2: 0.0419 (0.0420)  loss_focal_enc_0: 0.2317 (0.2349)  loss_kld: 1.0187 (1.0043)  loss_kld_aux_0: 1.0363 (1.0241)  loss_kld_aux_1: 1.0204 (1.0076)  loss_kld_dn_0: 0.9207 (0.9221)  loss_kld_dn_1: 0.8373 (0.8410)  loss_kld_dn_2: 0.8268 (0.8302)  loss_kld_enc_0: 1.0881 (1.0763)  loss_l1: 0.5365 (0.5487)  loss_l1_aux_0: 0.5426 (0.5563)  loss_l1_aux_1: 0.5366 (0.5493)  loss_l1_dn_0: 0.0774 (0.0762)  loss_l1_dn_1: 0.0681 (0.0669)  loss_l1_dn_2: 0.0668 (0.0653)  loss_l1_enc_0: 0.5512 (0.5641)  time: 2.1431  data: 0.0620  max mem: 56856
Epoch: [75]  [163/164]  eta: 0:00:02  lr: 0.000020  loss: 9.8424 (10.0985)  loss_focal: 0.2157 (0.2113)  loss_focal_aux_0: 0.2227 (0.2193)  loss_focal_aux_1: 0.2183 (0.2146)  loss_focal_dn_0: 0.0634 (0.0650)  loss_focal_dn_1: 0.0448 (0.0449)  loss_focal_dn_2: 0.0413 (0.0413)  loss_focal_enc_0: 0.2365 (0.2330)  loss_kld: 0.9778 (0.9985)  loss_kld_aux_0: 0.9973 (1.0177)  loss_kld_aux_1: 0.9817 (1.0017)  loss_kld_dn_0: 0.9053 (0.9143)  loss_kld_dn_1: 0.8293 (0.8337)  loss_kld_dn_2: 0.8186 (0.8230)  loss_kld_enc_0: 1.0552 (1.0700)  loss_l1: 0.5280 (0.5452)  loss_l1_aux_0: 0.5375 (0.5528)  loss_l1_aux_1: 0.5290 (0.5458)  loss_l1_dn_0: 0.0708 (0.0754)  loss_l1_dn_1: 0.0630 (0.0662)  loss_l1_dn_2: 0.0614 (0.0646)  loss_l1_enc_0: 0.5459 (0.5605)  time: 1.9070  data: 0.0597  max mem: 56856
Epoch: [75] Total time: 0:05:53 (2.1574 s / it)
Test:  [ 0/43]  eta: 0:02:51    time: 3.9838  data: 3.4567  max mem: 56856
Test:  [10/43]  eta: 0:00:28    time: 0.8669  data: 0.5441  max mem: 56856
Test:  [20/43]  eta: 0:00:17    time: 0.5792  data: 0.2751  max mem: 56856
Test:  [30/43]  eta: 0:00:08    time: 0.5676  data: 0.2611  max mem: 56856
Test:  [40/43]  eta: 0:00:01    time: 0.5533  data: 0.2499  max mem: 56856
Test:  [42/43]  eta: 0:00:00    time: 0.5548  data: 0.2626  max mem: 56856
Test: Total time: 0:00:27 (0.6476 s / it)
Averaged stats:
Offline DOTA results saved at /workspace/RT-DETR-OBB/outputs/rtdetrv2_obb_hgnetv2_n_dota_1_ss/dota_results/epoch_75.zip
best_stat: {'epoch': 75, 'mAP': 75.0}
Epoch: [76]  [  0/164]  eta: 0:27:51  lr: 0.000020  loss: 9.9672 (9.9672)  loss_focal: 0.2882 (0.2882)  loss_focal_aux_0: 0.2949 (0.2949)  loss_focal_aux_1: 0.2915 (0.2915)  loss_focal_dn_0: 0.0777 (0.0777)  loss_focal_dn_1: 0.0572 (0.0572)  loss_focal_dn_2: 0.0535 (0.0535)  loss_focal_enc_0: 0.3054 (0.3054)  loss_kld: 0.8937 (0.8937)  loss_kld_aux_0: 0.9139 (0.9139)  loss_kld_aux_1: 0.8981 (0.8981)  loss_kld_dn_0: 0.8427 (0.8427)  loss_kld_dn_1: 0.7462 (0.7462)  loss_kld_dn_2: 0.7290 (0.7290)  loss_kld_enc_0: 0.9635 (0.9635)  loss_l1: 0.5824 (0.5824)  loss_l1_aux_0: 0.5893 (0.5893)  loss_l1_aux_1: 0.5837 (0.5837)  loss_l1_dn_0: 0.0975 (0.0975)  loss_l1_dn_1: 0.0818 (0.0818)  loss_l1_dn_2: 0.0788 (0.0788)  loss_l1_enc_0: 0.5981 (0.5981)  time: 10.1919  data: 7.4956  max mem: 56856
Epoch: [76]  [100/164]  eta: 0:02:22  lr: 0.000020  loss: 9.7955 (10.1138)  loss_focal: 0.2119 (0.2158)  loss_focal_aux_0: 0.2197 (0.2233)  loss_focal_aux_1: 0.2155 (0.2185)  loss_focal_dn_0: 0.0615 (0.0666)  loss_focal_dn_1: 0.0428 (0.0460)  loss_focal_dn_2: 0.0397 (0.0423)  loss_focal_enc_0: 0.2332 (0.2358)  loss_kld: 0.9421 (0.9914)  loss_kld_aux_0: 0.9594 (1.0108)  loss_kld_aux_1: 0.9458 (0.9948)  loss_kld_dn_0: 0.8991 (0.9178)  loss_kld_dn_1: 0.8170 (0.8347)  loss_kld_dn_2: 0.8090 (0.8237)  loss_kld_enc_0: 1.0098 (1.0624)  loss_l1: 0.5605 (0.5487)  loss_l1_aux_0: 0.5625 (0.5568)  loss_l1_aux_1: 0.5608 (0.5493)  loss_l1_dn_0: 0.0743 (0.0769)  loss_l1_dn_1: 0.0656 (0.0676)  loss_l1_dn_2: 0.0636 (0.0659)  loss_l1_enc_0: 0.5701 (0.5645)  time: 2.1249  data: 0.0624  max mem: 56856
Epoch: [76]  [163/164]  eta: 0:00:02  lr: 0.000020  loss: 10.1401 (10.1635)  loss_focal: 0.2167 (0.2196)  loss_focal_aux_0: 0.2286 (0.2276)  loss_focal_aux_1: 0.2210 (0.2224)  loss_focal_dn_0: 0.0651 (0.0663)  loss_focal_dn_1: 0.0442 (0.0458)  loss_focal_dn_2: 0.0407 (0.0422)  loss_focal_enc_0: 0.2371 (0.2398)  loss_kld: 1.0190 (1.0003)  loss_kld_aux_0: 1.0419 (1.0202)  loss_kld_aux_1: 1.0229 (1.0038)  loss_kld_dn_0: 0.8853 (0.9183)  loss_kld_dn_1: 0.8015 (0.8353)  loss_kld_dn_2: 0.7907 (0.8240)  loss_kld_enc_0: 1.0907 (1.0726)  loss_l1: 0.5185 (0.5476)  loss_l1_aux_0: 0.5277 (0.5553)  loss_l1_aux_1: 0.5191 (0.5482)  loss_l1_dn_0: 0.0764 (0.0772)  loss_l1_dn_1: 0.0684 (0.0679)  loss_l1_dn_2: 0.0670 (0.0662)  loss_l1_enc_0: 0.5367 (0.5630)  time: 2.0902  data: 0.0627  max mem: 56856
Epoch: [76] Total time: 0:05:54 (2.1645 s / it)
Test:  [ 0/43]  eta: 0:03:03    time: 4.2702  data: 3.7416  max mem: 56856
Test:  [10/43]  eta: 0:00:30    time: 0.9340  data: 0.6122  max mem: 56856
Test:  [20/43]  eta: 0:00:17    time: 0.5842  data: 0.2807  max mem: 56856
Test:  [30/43]  eta: 0:00:09    time: 0.5771  data: 0.2702  max mem: 56856
Test:  [40/43]  eta: 0:00:02    time: 0.5773  data: 0.2731  max mem: 56856
Test:  [42/43]  eta: 0:00:00    time: 0.5438  data: 0.2512  max mem: 56856
Test: Total time: 0:00:28 (0.6631 s / it)
Averaged stats:
Offline DOTA results saved at /workspace/RT-DETR-OBB/outputs/rtdetrv2_obb_hgnetv2_n_dota_1_ss/dota_results/epoch_76.zip
best_stat: {'epoch': 76, 'mAP': 76.0}
Epoch: [77]  [  0/164]  eta: 0:30:32  lr: 0.000020  loss: 9.7555 (9.7555)  loss_focal: 0.1974 (0.1974)  loss_focal_aux_0: 0.2014 (0.2014)  loss_focal_aux_1: 0.1990 (0.1990)  loss_focal_dn_0: 0.0600 (0.0600)  loss_focal_dn_1: 0.0408 (0.0408)  loss_focal_dn_2: 0.0373 (0.0373)  loss_focal_enc_0: 0.2159 (0.2159)  loss_kld: 0.9505 (0.9505)  loss_kld_aux_0: 0.9683 (0.9683)  loss_kld_aux_1: 0.9540 (0.9540)  loss_kld_dn_0: 0.9498 (0.9498)  loss_kld_dn_1: 0.8646 (0.8646)  loss_kld_dn_2: 0.8528 (0.8528)  loss_kld_enc_0: 1.0353 (1.0353)  loss_l1: 0.4960 (0.4960)  loss_l1_aux_0: 0.5070 (0.5070)  loss_l1_aux_1: 0.4968 (0.4968)  loss_l1_dn_0: 0.0797 (0.0797)  loss_l1_dn_1: 0.0664 (0.0664)  loss_l1_dn_2: 0.0649 (0.0649)  loss_l1_enc_0: 0.5176 (0.5176)  time: 11.1727  data: 9.4201  max mem: 56856
Epoch: [77]  [100/164]  eta: 0:02:22  lr: 0.000020  loss: 9.9402 (10.2535)  loss_focal: 0.2038 (0.2161)  loss_focal_aux_0: 0.2154 (0.2244)  loss_focal_aux_1: 0.2077 (0.2191)  loss_focal_dn_0: 0.0644 (0.0667)  loss_focal_dn_1: 0.0452 (0.0457)  loss_focal_dn_2: 0.0418 (0.0421)  loss_focal_enc_0: 0.2321 (0.2379)  loss_kld: 0.9967 (1.0124)  loss_kld_aux_0: 1.0122 (1.0316)  loss_kld_aux_1: 1.0013 (1.0158)  loss_kld_dn_0: 0.9145 (0.9180)  loss_kld_dn_1: 0.8394 (0.8365)  loss_kld_dn_2: 0.8319 (0.8250)  loss_kld_enc_0: 1.0624 (1.0844)  loss_l1: 0.5404 (0.5609)  loss_l1_aux_0: 0.5496 (0.5686)  loss_l1_aux_1: 0.5412 (0.5615)  loss_l1_dn_0: 0.0735 (0.0769)  loss_l1_dn_1: 0.0644 (0.0674)  loss_l1_dn_2: 0.0627 (0.0658)  loss_l1_enc_0: 0.5569 (0.5765)  time: 2.1218  data: 0.0575  max mem: 56856
Epoch: [77]  [163/164]  eta: 0:00:02  lr: 0.000020  loss: 9.8350 (10.2091)  loss_focal: 0.2057 (0.2158)  loss_focal_aux_0: 0.2142 (0.2242)  loss_focal_aux_1: 0.2081 (0.2189)  loss_focal_dn_0: 0.0638 (0.0665)  loss_focal_dn_1: 0.0448 (0.0456)  loss_focal_dn_2: 0.0411 (0.0419)  loss_focal_enc_0: 0.2274 (0.2377)  loss_kld: 0.9525 (1.0058)  loss_kld_aux_0: 0.9726 (1.0254)  loss_kld_aux_1: 0.9552 (1.0092)  loss_kld_dn_0: 0.9664 (0.9198)  loss_kld_dn_1: 0.8833 (0.8381)  loss_kld_dn_2: 0.8720 (0.8268)  loss_kld_enc_0: 1.0222 (1.0785)  loss_l1: 0.5208 (0.5552)  loss_l1_aux_0: 0.5320 (0.5632)  loss_l1_aux_1: 0.5221 (0.5558)  loss_l1_dn_0: 0.0769 (0.0767)  loss_l1_dn_1: 0.0660 (0.0673)  loss_l1_dn_2: 0.0646 (0.0656)  loss_l1_enc_0: 0.5405 (0.5711)  time: 2.0703  data: 0.0510  max mem: 56856
Epoch: [77] Total time: 0:06:00 (2.2003 s / it)
Test:  [ 0/43]  eta: 0:03:28    time: 4.8444  data: 4.2639  max mem: 56856
Test:  [10/43]  eta: 0:00:30    time: 0.9242  data: 0.5839  max mem: 56856
Test:  [20/43]  eta: 0:00:17    time: 0.5608  data: 0.2493  max mem: 56856
Test:  [30/43]  eta: 0:00:08    time: 0.5604  data: 0.2559  max mem: 56856
Test:  [40/43]  eta: 0:00:02    time: 0.5765  data: 0.2767  max mem: 56856
Test:  [42/43]  eta: 0:00:00    time: 0.5617  data: 0.2733  max mem: 56856
Test: Total time: 0:00:28 (0.6599 s / it)
Averaged stats:
Offline DOTA results saved at /workspace/RT-DETR-OBB/outputs/rtdetrv2_obb_hgnetv2_n_dota_1_ss/dota_results/epoch_77.zip
best_stat: {'epoch': 77, 'mAP': 77.0}
Epoch: [78]  [  0/164]  eta: 0:29:00  lr: 0.000020  loss: 8.7747 (8.7747)  loss_focal: 0.2073 (0.2073)  loss_focal_aux_0: 0.2190 (0.2190)  loss_focal_aux_1: 0.2119 (0.2119)  loss_focal_dn_0: 0.0512 (0.0512)  loss_focal_dn_1: 0.0315 (0.0315)  loss_focal_dn_2: 0.0279 (0.0279)  loss_focal_enc_0: 0.2344 (0.2344)  loss_kld: 0.8586 (0.8586)  loss_kld_aux_0: 0.8761 (0.8761)  loss_kld_aux_1: 0.8602 (0.8602)  loss_kld_dn_0: 0.9105 (0.9105)  loss_kld_dn_1: 0.8270 (0.8270)  loss_kld_dn_2: 0.8153 (0.8153)  loss_kld_enc_0: 0.9434 (0.9434)  loss_l1: 0.3678 (0.3678)  loss_l1_aux_0: 0.3782 (0.3782)  loss_l1_aux_1: 0.3684 (0.3684)  loss_l1_dn_0: 0.0739 (0.0739)  loss_l1_dn_1: 0.0627 (0.0627)  loss_l1_dn_2: 0.0612 (0.0612)  loss_l1_enc_0: 0.3882 (0.3882)  time: 10.6135  data: 8.6393  max mem: 56856
Epoch: [78]  [100/164]  eta: 0:02:23  lr: 0.000020  loss: 9.6700 (9.9265)  loss_focal: 0.2056 (0.2105)  loss_focal_aux_0: 0.2165 (0.2188)  loss_focal_aux_1: 0.2081 (0.2135)  loss_focal_dn_0: 0.0633 (0.0653)  loss_focal_dn_1: 0.0436 (0.0441)  loss_focal_dn_2: 0.0407 (0.0405)  loss_focal_enc_0: 0.2365 (0.2319)  loss_kld: 0.9402 (0.9749)  loss_kld_aux_0: 0.9592 (0.9946)  loss_kld_aux_1: 0.9432 (0.9781)  loss_kld_dn_0: 0.8684 (0.9000)  loss_kld_dn_1: 0.7916 (0.8149)  loss_kld_dn_2: 0.7784 (0.8037)  loss_kld_enc_0: 1.0102 (1.0480)  loss_l1: 0.5275 (0.5393)  loss_l1_aux_0: 0.5375 (0.5475)  loss_l1_aux_1: 0.5278 (0.5398)  loss_l1_dn_0: 0.0756 (0.0755)  loss_l1_dn_1: 0.0642 (0.0658)  loss_l1_dn_2: 0.0631 (0.0641)  loss_l1_enc_0: 0.5471 (0.5556)  time: 2.1056  data: 0.0706  max mem: 56856
Epoch: [78]  [163/164]  eta: 0:00:02  lr: 0.000020  loss: 9.8517 (9.9977)  loss_focal: 0.1852 (0.2060)  loss_focal_aux_0: 0.1993 (0.2146)  loss_focal_aux_1: 0.1909 (0.2094)  loss_focal_dn_0: 0.0618 (0.0645)  loss_focal_dn_1: 0.0420 (0.0440)  loss_focal_dn_2: 0.0391 (0.0404)  loss_focal_enc_0: 0.2117 (0.2272)  loss_kld: 0.9849 (0.9881)  loss_kld_aux_0: 1.0041 (1.0079)  loss_kld_aux_1: 0.9877 (0.9915)  loss_kld_dn_0: 0.9068 (0.9055)  loss_kld_dn_1: 0.8328 (0.8237)  loss_kld_dn_2: 0.8228 (0.8128)  loss_kld_enc_0: 1.0402 (1.0609)  loss_l1: 0.5121 (0.5432)  loss_l1_aux_0: 0.5255 (0.5512)  loss_l1_aux_1: 0.5122 (0.5437)  loss_l1_dn_0: 0.0718 (0.0748)  loss_l1_dn_1: 0.0636 (0.0654)  loss_l1_dn_2: 0.0621 (0.0637)  loss_l1_enc_0: 0.5318 (0.5592)  time: 2.3004  data: 0.0556  max mem: 56856
Epoch: [78] Total time: 0:06:07 (2.2436 s / it)
Test:  [ 0/43]  eta: 0:03:27    time: 4.8164  data: 4.2791  max mem: 56856
Test:  [10/43]  eta: 0:00:29    time: 0.9052  data: 0.5826  max mem: 56856
Test:  [20/43]  eta: 0:00:17    time: 0.5420  data: 0.2425  max mem: 56856
Test:  [30/43]  eta: 0:00:09    time: 0.5830  data: 0.2838  max mem: 56856
Test:  [40/43]  eta: 0:00:02    time: 0.5873  data: 0.2875  max mem: 56856
Test:  [42/43]  eta: 0:00:00    time: 0.5510  data: 0.2620  max mem: 56856
Test: Total time: 0:00:28 (0.6588 s / it)
Averaged stats:
Offline DOTA results saved at /workspace/RT-DETR-OBB/outputs/rtdetrv2_obb_hgnetv2_n_dota_1_ss/dota_results/epoch_78.zip
best_stat: {'epoch': 78, 'mAP': 78.0}
Epoch: [79]  [  0/164]  eta: 0:38:17  lr: 0.000020  loss: 10.3357 (10.3357)  loss_focal: 0.2036 (0.2036)  loss_focal_aux_0: 0.2193 (0.2193)  loss_focal_aux_1: 0.2082 (0.2082)  loss_focal_dn_0: 0.0611 (0.0611)  loss_focal_dn_1: 0.0423 (0.0423)  loss_focal_dn_2: 0.0391 (0.0391)  loss_focal_enc_0: 0.2255 (0.2255)  loss_kld: 1.0812 (1.0812)  loss_kld_aux_0: 1.0941 (1.0941)  loss_kld_aux_1: 1.0827 (1.0827)  loss_kld_dn_0: 0.9296 (0.9296)  loss_kld_dn_1: 0.8639 (0.8639)  loss_kld_dn_2: 0.8561 (0.8561)  loss_kld_enc_0: 1.1383 (1.1383)  loss_l1: 0.5181 (0.5181)  loss_l1_aux_0: 0.5247 (0.5247)  loss_l1_aux_1: 0.5184 (0.5184)  loss_l1_dn_0: 0.0734 (0.0734)  loss_l1_dn_1: 0.0630 (0.0630)  loss_l1_dn_2: 0.0619 (0.0619)  loss_l1_enc_0: 0.5313 (0.5313)  time: 14.0081  data: 11.3247  max mem: 56856
Epoch: [79]  [100/164]  eta: 0:02:22  lr: 0.000020  loss: 9.8359 (9.9438)  loss_focal: 0.1935 (0.2032)  loss_focal_aux_0: 0.2013 (0.2111)  loss_focal_aux_1: 0.1952 (0.2062)  loss_focal_dn_0: 0.0624 (0.0628)  loss_focal_dn_1: 0.0427 (0.0431)  loss_focal_dn_2: 0.0405 (0.0398)  loss_focal_enc_0: 0.2131 (0.2237)  loss_kld: 0.9841 (0.9805)  loss_kld_aux_0: 1.0030 (1.0000)  loss_kld_aux_1: 0.9858 (0.9839)  loss_kld_dn_0: 0.9056 (0.9035)  loss_kld_dn_1: 0.8360 (0.8240)  loss_kld_dn_2: 0.8232 (0.8127)  loss_kld_enc_0: 1.0502 (1.0516)  loss_l1: 0.5023 (0.5426)  loss_l1_aux_0: 0.5069 (0.5499)  loss_l1_aux_1: 0.5027 (0.5432)  loss_l1_dn_0: 0.0760 (0.0747)  loss_l1_dn_1: 0.0669 (0.0656)  loss_l1_dn_2: 0.0650 (0.0640)  loss_l1_enc_0: 0.5167 (0.5578)  time: 2.2136  data: 0.0595  max mem: 56856
Epoch: [79]  [163/164]  eta: 0:00:02  lr: 0.000020  loss: 9.8853 (9.9780)  loss_focal: 0.2211 (0.2082)  loss_focal_aux_0: 0.2306 (0.2165)  loss_focal_aux_1: 0.2266 (0.2112)  loss_focal_dn_0: 0.0640 (0.0639)  loss_focal_dn_1: 0.0425 (0.0437)  loss_focal_dn_2: 0.0385 (0.0403)  loss_focal_enc_0: 0.2372 (0.2288)  loss_kld: 0.9587 (0.9832)  loss_kld_aux_0: 0.9759 (1.0035)  loss_kld_aux_1: 0.9631 (0.9866)  loss_kld_dn_0: 0.8791 (0.9039)  loss_kld_dn_1: 0.8000 (0.8204)  loss_kld_dn_2: 0.7887 (0.8088)  loss_kld_enc_0: 1.0327 (1.0566)  loss_l1: 0.5368 (0.5432)  loss_l1_aux_0: 0.5440 (0.5510)  loss_l1_aux_1: 0.5371 (0.5438)  loss_l1_dn_0: 0.0750 (0.0753)  loss_l1_dn_1: 0.0645 (0.0658)  loss_l1_dn_2: 0.0633 (0.0642)  loss_l1_enc_0: 0.5522 (0.5590)  time: 1.9755  data: 0.0612  max mem: 56856
Epoch: [79] Total time: 0:05:54 (2.1600 s / it)
Test:  [ 0/43]  eta: 0:03:07    time: 4.3683  data: 3.8138  max mem: 56856
Test:  [10/43]  eta: 0:00:28    time: 0.8669  data: 0.5409  max mem: 56856
Test:  [20/43]  eta: 0:00:16    time: 0.5552  data: 0.2478  max mem: 56856
Test:  [30/43]  eta: 0:00:08    time: 0.5673  data: 0.2547  max mem: 56856
Test:  [40/43]  eta: 0:00:01    time: 0.5840  data: 0.2711  max mem: 56856
Test:  [42/43]  eta: 0:00:00    time: 0.5817  data: 0.2770  max mem: 56856
Test: Total time: 0:00:28 (0.6578 s / it)
Averaged stats:
Offline DOTA results saved at /workspace/RT-DETR-OBB/outputs/rtdetrv2_obb_hgnetv2_n_dota_1_ss/dota_results/epoch_79.zip
best_stat: {'epoch': 79, 'mAP': 79.0}
Epoch: [80]  [  0/164]  eta: 0:31:03  lr: 0.000020  loss: 10.1076 (10.1076)  loss_focal: 0.2177 (0.2177)  loss_focal_aux_0: 0.2297 (0.2297)  loss_focal_aux_1: 0.2228 (0.2228)  loss_focal_dn_0: 0.0660 (0.0660)  loss_focal_dn_1: 0.0452 (0.0452)  loss_focal_dn_2: 0.0416 (0.0416)  loss_focal_enc_0: 0.2443 (0.2443)  loss_kld: 0.9610 (0.9610)  loss_kld_aux_0: 0.9822 (0.9822)  loss_kld_aux_1: 0.9655 (0.9655)  loss_kld_dn_0: 0.9850 (0.9850)  loss_kld_dn_1: 0.9001 (0.9001)  loss_kld_dn_2: 0.8890 (0.8890)  loss_kld_enc_0: 1.0449 (1.0449)  loss_l1: 0.5156 (0.5156)  loss_l1_aux_0: 0.5256 (0.5256)  loss_l1_aux_1: 0.5166 (0.5166)  loss_l1_dn_0: 0.0816 (0.0816)  loss_l1_dn_1: 0.0701 (0.0701)  loss_l1_dn_2: 0.0689 (0.0689)  loss_l1_enc_0: 0.5340 (0.5340)  time: 11.3631  data: 7.7842  max mem: 56856
Epoch: [80]  [100/164]  eta: 0:02:23  lr: 0.000020  loss: 9.4189 (9.9543)  loss_focal: 0.1884 (0.2074)  loss_focal_aux_0: 0.1917 (0.2152)  loss_focal_aux_1: 0.1884 (0.2106)  loss_focal_dn_0: 0.0591 (0.0630)  loss_focal_dn_1: 0.0401 (0.0436)  loss_focal_dn_2: 0.0361 (0.0402)  loss_focal_enc_0: 0.2093 (0.2288)  loss_kld: 0.9361 (0.9830)  loss_kld_aux_0: 0.9537 (1.0022)  loss_kld_aux_1: 0.9401 (0.9862)  loss_kld_dn_0: 0.8951 (0.8990)  loss_kld_dn_1: 0.8154 (0.8201)  loss_kld_dn_2: 0.8038 (0.8093)  loss_kld_enc_0: 1.0084 (1.0527)  loss_l1: 0.4847 (0.5418)  loss_l1_aux_0: 0.4866 (0.5488)  loss_l1_aux_1: 0.4852 (0.5424)  loss_l1_dn_0: 0.0738 (0.0745)  loss_l1_dn_1: 0.0654 (0.0653)  loss_l1_dn_2: 0.0634 (0.0636)  loss_l1_enc_0: 0.4932 (0.5566)  time: 2.1392  data: 0.0720  max mem: 56856
Epoch: [80]  [163/164]  eta: 0:00:02  lr: 0.000020  loss: 9.9939 (10.0437)  loss_focal: 0.2024 (0.2102)  loss_focal_aux_0: 0.2104 (0.2183)  loss_focal_aux_1: 0.2048 (0.2133)  loss_focal_dn_0: 0.0607 (0.0634)  loss_focal_dn_1: 0.0431 (0.0438)  loss_focal_dn_2: 0.0400 (0.0404)  loss_focal_enc_0: 0.2238 (0.2303)  loss_kld: 1.0088 (0.9967)  loss_kld_aux_0: 1.0276 (1.0159)  loss_kld_aux_1: 1.0129 (1.0000)  loss_kld_dn_0: 0.9288 (0.9062)  loss_kld_dn_1: 0.8563 (0.8262)  loss_kld_dn_2: 0.8431 (0.8153)  loss_kld_enc_0: 1.0810 (1.0680)  loss_l1: 0.5256 (0.5424)  loss_l1_aux_0: 0.5356 (0.5493)  loss_l1_aux_1: 0.5254 (0.5430)  loss_l1_dn_0: 0.0741 (0.0746)  loss_l1_dn_1: 0.0654 (0.0655)  loss_l1_dn_2: 0.0641 (0.0639)  loss_l1_enc_0: 0.5462 (0.5571)  time: 2.1589  data: 0.0653  max mem: 56856
Epoch: [80] Total time: 0:05:59 (2.1891 s / it)
Test:  [ 0/43]  eta: 0:03:03    time: 4.2764  data: 3.7256  max mem: 56856
Test:  [10/43]  eta: 0:00:28    time: 0.8626  data: 0.5348  max mem: 56856
Test:  [20/43]  eta: 0:00:16    time: 0.5486  data: 0.2443  max mem: 56856
Test:  [30/43]  eta: 0:00:08    time: 0.5761  data: 0.2708  max mem: 56856
Test:  [40/43]  eta: 0:00:01    time: 0.5917  data: 0.2871  max mem: 56856
Test:  [42/43]  eta: 0:00:00    time: 0.5733  data: 0.2798  max mem: 56856
Test: Total time: 0:00:27 (0.6495 s / it)
Averaged stats:
Offline DOTA results saved at /workspace/RT-DETR-OBB/outputs/rtdetrv2_obb_hgnetv2_n_dota_1_ss/dota_results/epoch_80.zip
best_stat: {'epoch': 80, 'mAP': 80.0}
Epoch: [81]  [  0/164]  eta: 0:31:41  lr: 0.000020  loss: 10.0815 (10.0815)  loss_focal: 0.2506 (0.2506)  loss_focal_aux_0: 0.2675 (0.2675)  loss_focal_aux_1: 0.2580 (0.2580)  loss_focal_dn_0: 0.0739 (0.0739)  loss_focal_dn_1: 0.0536 (0.0536)  loss_focal_dn_2: 0.0481 (0.0481)  loss_focal_enc_0: 0.2633 (0.2633)  loss_kld: 0.9713 (0.9713)  loss_kld_aux_0: 0.9919 (0.9919)  loss_kld_aux_1: 0.9777 (0.9777)  loss_kld_dn_0: 0.9517 (0.9517)  loss_kld_dn_1: 0.8539 (0.8539)  loss_kld_dn_2: 0.8404 (0.8404)  loss_kld_enc_0: 1.0467 (1.0467)  loss_l1: 0.4880 (0.4880)  loss_l1_aux_0: 0.4969 (0.4969)  loss_l1_aux_1: 0.4884 (0.4884)  loss_l1_dn_0: 0.0909 (0.0909)  loss_l1_dn_1: 0.0816 (0.0816)  loss_l1_dn_2: 0.0808 (0.0808)  loss_l1_enc_0: 0.5061 (0.5061)  time: 11.5959  data: 9.8806  max mem: 56856
Epoch: [81]  [100/164]  eta: 0:02:19  lr: 0.000020  loss: 10.1579 (10.4310)  loss_focal: 0.2459 (0.2310)  loss_focal_aux_0: 0.2522 (0.2397)  loss_focal_aux_1: 0.2492 (0.2351)  loss_focal_dn_0: 0.0685 (0.0730)  loss_focal_dn_1: 0.0469 (0.0475)  loss_focal_dn_2: 0.0420 (0.0433)  loss_focal_enc_0: 0.2678 (0.2527)  loss_kld: 0.9980 (1.0259)  loss_kld_aux_0: 1.0261 (1.0471)  loss_kld_aux_1: 1.0040 (1.0294)  loss_kld_dn_0: 0.9298 (0.9347)  loss_kld_dn_1: 0.8341 (0.8348)  loss_kld_dn_2: 0.8224 (0.8229)  loss_kld_enc_0: 1.1077 (1.1026)  loss_l1: 0.5619 (0.5678)  loss_l1_aux_0: 0.5720 (0.5761)  loss_l1_aux_1: 0.5626 (0.5684)  loss_l1_dn_0: 0.0788 (0.0793)  loss_l1_dn_1: 0.0683 (0.0687)  loss_l1_dn_2: 0.0664 (0.0671)  loss_l1_enc_0: 0.5803 (0.5839)  time: 1.9822  data: 0.0716  max mem: 56856
Epoch: [81]  [163/164]  eta: 0:00:02  lr: 0.000020  loss: 9.8406 (10.2556)  loss_focal: 0.2111 (0.2226)  loss_focal_aux_0: 0.2173 (0.2315)  loss_focal_aux_1: 0.2120 (0.2263)  loss_focal_dn_0: 0.0645 (0.0696)  loss_focal_dn_1: 0.0441 (0.0460)  loss_focal_dn_2: 0.0397 (0.0421)  loss_focal_enc_0: 0.2359 (0.2445)  loss_kld: 0.9672 (1.0106)  loss_kld_aux_0: 0.9874 (1.0312)  loss_kld_aux_1: 0.9714 (1.0141)  loss_kld_dn_0: 0.8883 (0.9228)  loss_kld_dn_1: 0.8042 (0.8288)  loss_kld_dn_2: 0.7967 (0.8170)  loss_kld_enc_0: 1.0353 (1.0848)  loss_l1: 0.5224 (0.5574)  loss_l1_aux_0: 0.5314 (0.5654)  loss_l1_aux_1: 0.5231 (0.5578)  loss_l1_dn_0: 0.0730 (0.0773)  loss_l1_dn_1: 0.0629 (0.0671)  loss_l1_dn_2: 0.0613 (0.0654)  loss_l1_enc_0: 0.5397 (0.5732)  time: 2.1728  data: 0.0692  max mem: 56856
Epoch: [81] Total time: 0:05:55 (2.1668 s / it)
Test:  [ 0/43]  eta: 0:03:04    time: 4.2930  data: 3.7511  max mem: 56856
Test:  [10/43]  eta: 0:00:29    time: 0.8889  data: 0.5646  max mem: 56856
Test:  [20/43]  eta: 0:00:16    time: 0.5529  data: 0.2507  max mem: 56856
Test:  [30/43]  eta: 0:00:08    time: 0.5561  data: 0.2527  max mem: 56856
Test:  [40/43]  eta: 0:00:01    time: 0.5729  data: 0.2682  max mem: 56856
Test:  [42/43]  eta: 0:00:00    time: 0.5564  data: 0.2617  max mem: 56856
Test: Total time: 0:00:27 (0.6476 s / it)
Averaged stats:
Offline DOTA results saved at /workspace/RT-DETR-OBB/outputs/rtdetrv2_obb_hgnetv2_n_dota_1_ss/dota_results/epoch_81.zip
best_stat: {'epoch': 81, 'mAP': 81.0}
Epoch: [82]  [  0/164]  eta: 0:31:04  lr: 0.000020  loss: 9.7203 (9.7203)  loss_focal: 0.1601 (0.1601)  loss_focal_aux_0: 0.1681 (0.1681)  loss_focal_aux_1: 0.1620 (0.1620)  loss_focal_dn_0: 0.0626 (0.0626)  loss_focal_dn_1: 0.0448 (0.0448)  loss_focal_dn_2: 0.0412 (0.0412)  loss_focal_enc_0: 0.1813 (0.1813)  loss_kld: 0.9992 (0.9992)  loss_kld_aux_0: 1.0158 (1.0158)  loss_kld_aux_1: 1.0006 (1.0006)  loss_kld_dn_0: 0.9702 (0.9702)  loss_kld_dn_1: 0.9159 (0.9159)  loss_kld_dn_2: 0.9054 (0.9054)  loss_kld_enc_0: 1.0603 (1.0603)  loss_l1: 0.4624 (0.4624)  loss_l1_aux_0: 0.4645 (0.4645)  loss_l1_aux_1: 0.4625 (0.4625)  loss_l1_dn_0: 0.0625 (0.0625)  loss_l1_dn_1: 0.0563 (0.0563)  loss_l1_dn_2: 0.0544 (0.0544)  loss_l1_enc_0: 0.4704 (0.4704)  time: 11.3717  data: 8.7287  max mem: 56856
Epoch: [82]  [100/164]  eta: 0:02:22  lr: 0.000020  loss: 9.5554 (9.9746)  loss_focal: 0.1906 (0.2092)  loss_focal_aux_0: 0.2020 (0.2177)  loss_focal_aux_1: 0.1952 (0.2125)  loss_focal_dn_0: 0.0599 (0.0627)  loss_focal_dn_1: 0.0416 (0.0431)  loss_focal_dn_2: 0.0380 (0.0396)  loss_focal_enc_0: 0.2229 (0.2319)  loss_kld: 0.9447 (0.9858)  loss_kld_aux_0: 0.9615 (1.0047)  loss_kld_aux_1: 0.9495 (0.9890)  loss_kld_dn_0: 0.9025 (0.9062)  loss_kld_dn_1: 0.8294 (0.8264)  loss_kld_dn_2: 0.8190 (0.8154)  loss_kld_enc_0: 1.0070 (1.0538)  loss_l1: 0.4922 (0.5382)  loss_l1_aux_0: 0.4958 (0.5454)  loss_l1_aux_1: 0.4928 (0.5388)  loss_l1_dn_0: 0.0750 (0.0737)  loss_l1_dn_1: 0.0658 (0.0646)  loss_l1_dn_2: 0.0640 (0.0629)  loss_l1_enc_0: 0.5052 (0.5530)  time: 2.0545  data: 0.0756  max mem: 56856
Epoch: [82]  [163/164]  eta: 0:00:02  lr: 0.000020  loss: 9.5082 (9.9187)  loss_focal: 0.1989 (0.2079)  loss_focal_aux_0: 0.2053 (0.2164)  loss_focal_aux_1: 0.2005 (0.2112)  loss_focal_dn_0: 0.0582 (0.0630)  loss_focal_dn_1: 0.0400 (0.0433)  loss_focal_dn_2: 0.0369 (0.0397)  loss_focal_enc_0: 0.2237 (0.2302)  loss_kld: 0.9253 (0.9758)  loss_kld_aux_0: 0.9444 (0.9949)  loss_kld_aux_1: 0.9320 (0.9791)  loss_kld_dn_0: 0.8967 (0.9072)  loss_kld_dn_1: 0.8219 (0.8266)  loss_kld_dn_2: 0.8115 (0.8155)  loss_kld_enc_0: 1.0068 (1.0445)  loss_l1: 0.5054 (0.5341)  loss_l1_aux_0: 0.5118 (0.5413)  loss_l1_aux_1: 0.5067 (0.5347)  loss_l1_dn_0: 0.0770 (0.0747)  loss_l1_dn_1: 0.0678 (0.0655)  loss_l1_dn_2: 0.0661 (0.0638)  loss_l1_enc_0: 0.5239 (0.5491)  time: 1.8867  data: 0.0594  max mem: 56856
Epoch: [82] Total time: 0:05:50 (2.1358 s / it)
Test:  [ 0/43]  eta: 0:02:55    time: 4.0730  data: 3.5283  max mem: 56856
Test:  [10/43]  eta: 0:00:29    time: 0.8907  data: 0.5629  max mem: 56856
Test:  [20/43]  eta: 0:00:17    time: 0.5900  data: 0.2830  max mem: 56856
Test:  [30/43]  eta: 0:00:08    time: 0.5724  data: 0.2645  max mem: 56856
Test:  [40/43]  eta: 0:00:02    time: 0.5960  data: 0.2903  max mem: 56856
Test:  [42/43]  eta: 0:00:00    time: 0.5839  data: 0.2889  max mem: 56856
Test: Total time: 0:00:28 (0.6671 s / it)
Averaged stats:
Offline DOTA results saved at /workspace/RT-DETR-OBB/outputs/rtdetrv2_obb_hgnetv2_n_dota_1_ss/dota_results/epoch_82.zip
best_stat: {'epoch': 82, 'mAP': 82.0}
Epoch: [83]  [  0/164]  eta: 0:31:50  lr: 0.000020  loss: 9.6481 (9.6481)  loss_focal: 0.2130 (0.2130)  loss_focal_aux_0: 0.2237 (0.2237)  loss_focal_aux_1: 0.2156 (0.2156)  loss_focal_dn_0: 0.0556 (0.0556)  loss_focal_dn_1: 0.0406 (0.0406)  loss_focal_dn_2: 0.0369 (0.0369)  loss_focal_enc_0: 0.2420 (0.2420)  loss_kld: 0.9579 (0.9579)  loss_kld_aux_0: 0.9792 (0.9792)  loss_kld_aux_1: 0.9607 (0.9607)  loss_kld_dn_0: 0.9015 (0.9015)  loss_kld_dn_1: 0.8370 (0.8370)  loss_kld_dn_2: 0.8255 (0.8255)  loss_kld_enc_0: 1.0366 (1.0366)  loss_l1: 0.4793 (0.4793)  loss_l1_aux_0: 0.4885 (0.4885)  loss_l1_aux_1: 0.4801 (0.4801)  loss_l1_dn_0: 0.0657 (0.0657)  loss_l1_dn_1: 0.0568 (0.0568)  loss_l1_dn_2: 0.0546 (0.0546)  loss_l1_enc_0: 0.4971 (0.4971)  time: 11.6480  data: 9.8279  max mem: 56856
Epoch: [83]  [100/164]  eta: 0:02:21  lr: 0.000020  loss: 9.7836 (10.0345)  loss_focal: 0.2050 (0.2073)  loss_focal_aux_0: 0.2165 (0.2158)  loss_focal_aux_1: 0.2099 (0.2107)  loss_focal_dn_0: 0.0604 (0.0634)  loss_focal_dn_1: 0.0419 (0.0433)  loss_focal_dn_2: 0.0386 (0.0398)  loss_focal_enc_0: 0.2256 (0.2293)  loss_kld: 0.9777 (0.9915)  loss_kld_aux_0: 0.9959 (1.0118)  loss_kld_aux_1: 0.9804 (0.9952)  loss_kld_dn_0: 0.8940 (0.8976)  loss_kld_dn_1: 0.8107 (0.8171)  loss_kld_dn_2: 0.7992 (0.8056)  loss_kld_enc_0: 1.0543 (1.0633)  loss_l1: 0.5643 (0.5540)  loss_l1_aux_0: 0.5718 (0.5616)  loss_l1_aux_1: 0.5649 (0.5545)  loss_l1_dn_0: 0.0766 (0.0747)  loss_l1_dn_1: 0.0657 (0.0654)  loss_l1_dn_2: 0.0644 (0.0637)  loss_l1_enc_0: 0.5785 (0.5691)  time: 2.0794  data: 0.0611  max mem: 56856
Epoch: [83]  [163/164]  eta: 0:00:02  lr: 0.000020  loss: 9.9234 (10.0417)  loss_focal: 0.2053 (0.2100)  loss_focal_aux_0: 0.2161 (0.2189)  loss_focal_aux_1: 0.2097 (0.2136)  loss_focal_dn_0: 0.0628 (0.0635)  loss_focal_dn_1: 0.0430 (0.0435)  loss_focal_dn_2: 0.0399 (0.0398)  loss_focal_enc_0: 0.2305 (0.2327)  loss_kld: 0.9846 (0.9928)  loss_kld_aux_0: 1.0061 (1.0131)  loss_kld_aux_1: 0.9868 (0.9964)  loss_kld_dn_0: 0.9181 (0.9050)  loss_kld_dn_1: 0.8452 (0.8241)  loss_kld_dn_2: 0.8326 (0.8125)  loss_kld_enc_0: 1.0600 (1.0647)  loss_l1: 0.5248 (0.5454)  loss_l1_aux_0: 0.5335 (0.5531)  loss_l1_aux_1: 0.5257 (0.5460)  loss_l1_dn_0: 0.0785 (0.0754)  loss_l1_dn_1: 0.0692 (0.0661)  loss_l1_dn_2: 0.0673 (0.0644)  loss_l1_enc_0: 0.5403 (0.5607)  time: 2.1516  data: 0.0696  max mem: 56856
Epoch: [83] Total time: 0:05:56 (2.1746 s / it)
Test:  [ 0/43]  eta: 0:02:51    time: 3.9819  data: 3.4453  max mem: 56856
Test:  [10/43]  eta: 0:00:28    time: 0.8558  data: 0.5334  max mem: 56856
Test:  [20/43]  eta: 0:00:16    time: 0.5752  data: 0.2739  max mem: 56856
Test:  [30/43]  eta: 0:00:08    time: 0.5591  data: 0.2573  max mem: 56856
Test:  [40/43]  eta: 0:00:01    time: 0.5651  data: 0.2647  max mem: 56856
Test:  [42/43]  eta: 0:00:00    time: 0.5560  data: 0.2668  max mem: 56856
Test: Total time: 0:00:27 (0.6445 s / it)
Averaged stats:
Offline DOTA results saved at /workspace/RT-DETR-OBB/outputs/rtdetrv2_obb_hgnetv2_n_dota_1_ss/dota_results/epoch_83.zip
best_stat: {'epoch': 83, 'mAP': 83.0}
Epoch: [84]  [  0/164]  eta: 0:31:32  lr: 0.000020  loss: 10.1084 (10.1084)  loss_focal: 0.2288 (0.2288)  loss_focal_aux_0: 0.2526 (0.2526)  loss_focal_aux_1: 0.2452 (0.2452)  loss_focal_dn_0: 0.0722 (0.0722)  loss_focal_dn_1: 0.0487 (0.0487)  loss_focal_dn_2: 0.0448 (0.0448)  loss_focal_enc_0: 0.2625 (0.2625)  loss_kld: 0.9858 (0.9858)  loss_kld_aux_0: 1.0056 (1.0056)  loss_kld_aux_1: 0.9921 (0.9921)  loss_kld_dn_0: 0.8744 (0.8744)  loss_kld_dn_1: 0.7916 (0.7916)  loss_kld_dn_2: 0.7782 (0.7782)  loss_kld_enc_0: 1.0534 (1.0534)  loss_l1: 0.5501 (0.5501)  loss_l1_aux_0: 0.5579 (0.5579)  loss_l1_aux_1: 0.5511 (0.5511)  loss_l1_dn_0: 0.0897 (0.0897)  loss_l1_dn_1: 0.0802 (0.0802)  loss_l1_dn_2: 0.0780 (0.0780)  loss_l1_enc_0: 0.5656 (0.5656)  time: 11.5373  data: 9.3901  max mem: 56856
Epoch: [84]  [100/164]  eta: 0:02:24  lr: 0.000020  loss: 9.4929 (9.9607)  loss_focal: 0.2054 (0.2120)  loss_focal_aux_0: 0.2127 (0.2210)  loss_focal_aux_1: 0.2085 (0.2154)  loss_focal_dn_0: 0.0615 (0.0644)  loss_focal_dn_1: 0.0420 (0.0443)  loss_focal_dn_2: 0.0388 (0.0407)  loss_focal_enc_0: 0.2299 (0.2334)  loss_kld: 0.9284 (0.9794)  loss_kld_aux_0: 0.9461 (0.9983)  loss_kld_aux_1: 0.9313 (0.9826)  loss_kld_dn_0: 0.8531 (0.9026)  loss_kld_dn_1: 0.7623 (0.8191)  loss_kld_dn_2: 0.7492 (0.8078)  loss_kld_enc_0: 0.9977 (1.0478)  loss_l1: 0.5207 (0.5411)  loss_l1_aux_0: 0.5275 (0.5479)  loss_l1_aux_1: 0.5208 (0.5416)  loss_l1_dn_0: 0.0760 (0.0755)  loss_l1_dn_1: 0.0656 (0.0660)  loss_l1_dn_2: 0.0635 (0.0643)  loss_l1_enc_0: 0.5354 (0.5556)  time: 1.9810  data: 0.0561  max mem: 56856
Epoch: [84]  [163/164]  eta: 0:00:02  lr: 0.000020  loss: 9.7662 (9.8863)  loss_focal: 0.1955 (0.2086)  loss_focal_aux_0: 0.2061 (0.2174)  loss_focal_aux_1: 0.2018 (0.2119)  loss_focal_dn_0: 0.0619 (0.0629)  loss_focal_dn_1: 0.0412 (0.0431)  loss_focal_dn_2: 0.0379 (0.0396)  loss_focal_enc_0: 0.2226 (0.2300)  loss_kld: 0.9193 (0.9748)  loss_kld_aux_0: 0.9381 (0.9942)  loss_kld_aux_1: 0.9231 (0.9780)  loss_kld_dn_0: 0.8982 (0.9004)  loss_kld_dn_1: 0.8110 (0.8193)  loss_kld_dn_2: 0.7990 (0.8079)  loss_kld_enc_0: 0.9825 (1.0446)  loss_l1: 0.5268 (0.5316)  loss_l1_aux_0: 0.5306 (0.5388)  loss_l1_aux_1: 0.5274 (0.5321)  loss_l1_dn_0: 0.0749 (0.0750)  loss_l1_dn_1: 0.0647 (0.0656)  loss_l1_dn_2: 0.0636 (0.0640)  loss_l1_enc_0: 0.5372 (0.5466)  time: 2.0562  data: 0.0807  max mem: 56856
Epoch: [84] Total time: 0:05:59 (2.1917 s / it)
Test:  [ 0/43]  eta: 0:02:57    time: 4.1268  data: 3.5804  max mem: 56856
Test:  [10/43]  eta: 0:00:30    time: 0.9104  data: 0.5850  max mem: 56856
Test:  [20/43]  eta: 0:00:16    time: 0.5651  data: 0.2621  max mem: 56856
Test:  [30/43]  eta: 0:00:08    time: 0.5464  data: 0.2425  max mem: 56856
Test:  [40/43]  eta: 0:00:01    time: 0.5889  data: 0.2840  max mem: 56856
Test:  [42/43]  eta: 0:00:00    time: 0.5686  data: 0.2740  max mem: 56856
Test: Total time: 0:00:28 (0.6564 s / it)
Averaged stats:
Offline DOTA results saved at /workspace/RT-DETR-OBB/outputs/rtdetrv2_obb_hgnetv2_n_dota_1_ss/dota_results/epoch_84.zip
best_stat: {'epoch': 84, 'mAP': 84.0}
Epoch: [85]  [  0/164]  eta: 0:30:26  lr: 0.000020  loss: 8.7143 (8.7143)  loss_focal: 0.1940 (0.1940)  loss_focal_aux_0: 0.2008 (0.2008)  loss_focal_aux_1: 0.1948 (0.1948)  loss_focal_dn_0: 0.0556 (0.0556)  loss_focal_dn_1: 0.0384 (0.0384)  loss_focal_dn_2: 0.0342 (0.0342)  loss_focal_enc_0: 0.2168 (0.2168)  loss_kld: 0.8416 (0.8416)  loss_kld_aux_0: 0.8633 (0.8633)  loss_kld_aux_1: 0.8457 (0.8457)  loss_kld_dn_0: 0.8715 (0.8715)  loss_kld_dn_1: 0.7879 (0.7879)  loss_kld_dn_2: 0.7739 (0.7739)  loss_kld_enc_0: 0.9040 (0.9040)  loss_l1: 0.4135 (0.4135)  loss_l1_aux_0: 0.4176 (0.4176)  loss_l1_aux_1: 0.4144 (0.4144)  loss_l1_dn_0: 0.0796 (0.0796)  loss_l1_dn_1: 0.0715 (0.0715)  loss_l1_dn_2: 0.0701 (0.0701)  loss_l1_enc_0: 0.4250 (0.4250)  time: 11.1380  data: 7.6195  max mem: 56856
Epoch: [85]  [100/164]  eta: 0:02:18  lr: 0.000020  loss: 9.4268 (9.9742)  loss_focal: 0.2081 (0.2119)  loss_focal_aux_0: 0.2128 (0.2207)  loss_focal_aux_1: 0.2117 (0.2157)  loss_focal_dn_0: 0.0643 (0.0645)  loss_focal_dn_1: 0.0439 (0.0436)  loss_focal_dn_2: 0.0401 (0.0400)  loss_focal_enc_0: 0.2243 (0.2355)  loss_kld: 0.9453 (0.9819)  loss_kld_aux_0: 0.9648 (1.0020)  loss_kld_aux_1: 0.9489 (0.9852)  loss_kld_dn_0: 0.8830 (0.8999)  loss_kld_dn_1: 0.7848 (0.8158)  loss_kld_dn_2: 0.7705 (0.8045)  loss_kld_enc_0: 1.0140 (1.0544)  loss_l1: 0.5291 (0.5425)  loss_l1_aux_0: 0.5374 (0.5508)  loss_l1_aux_1: 0.5301 (0.5431)  loss_l1_dn_0: 0.0732 (0.0749)  loss_l1_dn_1: 0.0644 (0.0652)  loss_l1_dn_2: 0.0630 (0.0636)  loss_l1_enc_0: 0.5443 (0.5587)  time: 2.1008  data: 0.0609  max mem: 56856
Epoch: [85]  [163/164]  eta: 0:00:02  lr: 0.000020  loss: 10.0630 (9.9214)  loss_focal: 0.1901 (0.2092)  loss_focal_aux_0: 0.1978 (0.2181)  loss_focal_aux_1: 0.1914 (0.2129)  loss_focal_dn_0: 0.0620 (0.0639)  loss_focal_dn_1: 0.0425 (0.0433)  loss_focal_dn_2: 0.0399 (0.0396)  loss_focal_enc_0: 0.2184 (0.2324)  loss_kld: 0.9971 (0.9767)  loss_kld_aux_0: 1.0165 (0.9966)  loss_kld_aux_1: 1.0048 (0.9801)  loss_kld_dn_0: 0.9424 (0.9038)  loss_kld_dn_1: 0.8585 (0.8206)  loss_kld_dn_2: 0.8494 (0.8093)  loss_kld_enc_0: 1.0637 (1.0477)  loss_l1: 0.5295 (0.5347)  loss_l1_aux_0: 0.5351 (0.5427)  loss_l1_aux_1: 0.5306 (0.5354)  loss_l1_dn_0: 0.0716 (0.0750)  loss_l1_dn_1: 0.0633 (0.0654)  loss_l1_dn_2: 0.0613 (0.0637)  loss_l1_enc_0: 0.5432 (0.5505)  time: 2.0136  data: 0.0665  max mem: 56856
Epoch: [85] Total time: 0:05:49 (2.1313 s / it)
Test:  [ 0/43]  eta: 0:02:49    time: 3.9393  data: 3.4031  max mem: 56856
Test:  [10/43]  eta: 0:00:28    time: 0.8572  data: 0.5345  max mem: 56856
Test:  [20/43]  eta: 0:00:16    time: 0.5674  data: 0.2671  max mem: 56856
Test:  [30/43]  eta: 0:00:08    time: 0.5550  data: 0.2549  max mem: 56856
Test:  [40/43]  eta: 0:00:01    time: 0.5607  data: 0.2625  max mem: 56856
Test:  [42/43]  eta: 0:00:00    time: 0.5498  data: 0.2619  max mem: 56856
Test: Total time: 0:00:27 (0.6351 s / it)
Averaged stats:
Offline DOTA results saved at /workspace/RT-DETR-OBB/outputs/rtdetrv2_obb_hgnetv2_n_dota_1_ss/dota_results/epoch_85.zip
best_stat: {'epoch': 85, 'mAP': 85.0}
Epoch: [86]  [  0/164]  eta: 0:31:00  lr: 0.000020  loss: 9.4226 (9.4226)  loss_focal: 0.2456 (0.2456)  loss_focal_aux_0: 0.2559 (0.2559)  loss_focal_aux_1: 0.2528 (0.2528)  loss_focal_dn_0: 0.0607 (0.0607)  loss_focal_dn_1: 0.0417 (0.0417)  loss_focal_dn_2: 0.0375 (0.0375)  loss_focal_enc_0: 0.2699 (0.2699)  loss_kld: 0.8349 (0.8349)  loss_kld_aux_0: 0.8614 (0.8614)  loss_kld_aux_1: 0.8383 (0.8383)  loss_kld_dn_0: 0.8311 (0.8311)  loss_kld_dn_1: 0.7455 (0.7455)  loss_kld_dn_2: 0.7317 (0.7317)  loss_kld_enc_0: 0.9244 (0.9244)  loss_l1: 0.5550 (0.5550)  loss_l1_aux_0: 0.5626 (0.5626)  loss_l1_aux_1: 0.5557 (0.5557)  loss_l1_dn_0: 0.0893 (0.0893)  loss_l1_dn_1: 0.0793 (0.0793)  loss_l1_dn_2: 0.0775 (0.0775)  loss_l1_enc_0: 0.5719 (0.5719)  time: 11.3450  data: 9.8741  max mem: 56856
Epoch: [86]  [100/164]  eta: 0:02:22  lr: 0.000020  loss: 9.5639 (9.8359)  loss_focal: 0.1987 (0.2034)  loss_focal_aux_0: 0.2095 (0.2122)  loss_focal_aux_1: 0.2025 (0.2069)  loss_focal_dn_0: 0.0620 (0.0617)  loss_focal_dn_1: 0.0419 (0.0421)  loss_focal_dn_2: 0.0376 (0.0386)  loss_focal_enc_0: 0.2217 (0.2258)  loss_kld: 0.9270 (0.9684)  loss_kld_aux_0: 0.9476 (0.9887)  loss_kld_aux_1: 0.9312 (0.9719)  loss_kld_dn_0: 0.8822 (0.8924)  loss_kld_dn_1: 0.8114 (0.8118)  loss_kld_dn_2: 0.8016 (0.8008)  loss_kld_enc_0: 1.0031 (1.0388)  loss_l1: 0.4953 (0.5367)  loss_l1_aux_0: 0.4995 (0.5452)  loss_l1_aux_1: 0.4966 (0.5374)  loss_l1_dn_0: 0.0729 (0.0734)  loss_l1_dn_1: 0.0631 (0.0643)  loss_l1_dn_2: 0.0613 (0.0627)  loss_l1_enc_0: 0.5056 (0.5527)  time: 2.0572  data: 0.0832  max mem: 56856
Epoch: [86]  [163/164]  eta: 0:00:02  lr: 0.000020  loss: 9.9945 (9.8791)  loss_focal: 0.2074 (0.2062)  loss_focal_aux_0: 0.2110 (0.2153)  loss_focal_aux_1: 0.2066 (0.2093)  loss_focal_dn_0: 0.0641 (0.0619)  loss_focal_dn_1: 0.0431 (0.0422)  loss_focal_dn_2: 0.0398 (0.0388)  loss_focal_enc_0: 0.2248 (0.2275)  loss_kld: 1.0173 (0.9740)  loss_kld_aux_0: 1.0352 (0.9948)  loss_kld_aux_1: 1.0219 (0.9776)  loss_kld_dn_0: 0.9085 (0.8942)  loss_kld_dn_1: 0.8228 (0.8137)  loss_kld_dn_2: 0.8116 (0.8025)  loss_kld_enc_0: 1.0791 (1.0465)  loss_l1: 0.5432 (0.5368)  loss_l1_aux_0: 0.5537 (0.5452)  loss_l1_aux_1: 0.5439 (0.5374)  loss_l1_dn_0: 0.0763 (0.0741)  loss_l1_dn_1: 0.0670 (0.0649)  loss_l1_dn_2: 0.0656 (0.0633)  loss_l1_enc_0: 0.5585 (0.5529)  time: 2.1836  data: 0.0590  max mem: 56856
Epoch: [86] Total time: 0:05:56 (2.1729 s / it)
Test:  [ 0/43]  eta: 0:02:52    time: 4.0217  data: 3.4885  max mem: 56856
Test:  [10/43]  eta: 0:00:27    time: 0.8359  data: 0.5158  max mem: 56856
Test:  [20/43]  eta: 0:00:16    time: 0.5510  data: 0.2545  max mem: 56856
Test:  [30/43]  eta: 0:00:08    time: 0.5558  data: 0.2602  max mem: 56856
Test:  [40/43]  eta: 0:00:01    time: 0.5770  data: 0.2799  max mem: 56856
Test:  [42/43]  eta: 0:00:00    time: 0.5608  data: 0.2736  max mem: 56856
Test: Total time: 0:00:27 (0.6381 s / it)
Averaged stats:
Offline DOTA results saved at /workspace/RT-DETR-OBB/outputs/rtdetrv2_obb_hgnetv2_n_dota_1_ss/dota_results/epoch_86.zip
best_stat: {'epoch': 86, 'mAP': 86.0}
Epoch: [87]  [  0/164]  eta: 0:29:27  lr: 0.000020  loss: 9.8119 (9.8119)  loss_focal: 0.2268 (0.2268)  loss_focal_aux_0: 0.2340 (0.2340)  loss_focal_aux_1: 0.2273 (0.2273)  loss_focal_dn_0: 0.0573 (0.0573)  loss_focal_dn_1: 0.0367 (0.0367)  loss_focal_dn_2: 0.0331 (0.0331)  loss_focal_enc_0: 0.2368 (0.2368)  loss_kld: 0.8941 (0.8941)  loss_kld_aux_0: 0.9159 (0.9159)  loss_kld_aux_1: 0.8987 (0.8987)  loss_kld_dn_0: 0.8594 (0.8594)  loss_kld_dn_1: 0.7666 (0.7666)  loss_kld_dn_2: 0.7558 (0.7558)  loss_kld_enc_0: 0.9679 (0.9679)  loss_l1: 0.6234 (0.6234)  loss_l1_aux_0: 0.6266 (0.6266)  loss_l1_aux_1: 0.6240 (0.6240)  loss_l1_dn_0: 0.0717 (0.0717)  loss_l1_dn_1: 0.0614 (0.0614)  loss_l1_dn_2: 0.0596 (0.0596)  loss_l1_enc_0: 0.6351 (0.6351)  time: 10.7762  data: 9.1562  max mem: 56856
Epoch: [87]  [100/164]  eta: 0:02:25  lr: 0.000020  loss: 9.8027 (9.8811)  loss_focal: 0.1919 (0.2073)  loss_focal_aux_0: 0.1963 (0.2159)  loss_focal_aux_1: 0.1935 (0.2104)  loss_focal_dn_0: 0.0617 (0.0614)  loss_focal_dn_1: 0.0395 (0.0422)  loss_focal_dn_2: 0.0364 (0.0388)  loss_focal_enc_0: 0.2059 (0.2282)  loss_kld: 0.9606 (0.9729)  loss_kld_aux_0: 0.9773 (0.9934)  loss_kld_aux_1: 0.9621 (0.9765)  loss_kld_dn_0: 0.9017 (0.9012)  loss_kld_dn_1: 0.8270 (0.8199)  loss_kld_dn_2: 0.8169 (0.8083)  loss_kld_enc_0: 1.0260 (1.0477)  loss_l1: 0.5015 (0.5324)  loss_l1_aux_0: 0.5095 (0.5405)  loss_l1_aux_1: 0.5026 (0.5330)  loss_l1_dn_0: 0.0750 (0.0743)  loss_l1_dn_1: 0.0669 (0.0651)  loss_l1_dn_2: 0.0649 (0.0633)  loss_l1_enc_0: 0.5187 (0.5482)  time: 2.2344  data: 0.0569  max mem: 56856
Epoch: [87]  [163/164]  eta: 0:00:02  lr: 0.000020  loss: 9.7014 (9.8430)  loss_focal: 0.1786 (0.2073)  loss_focal_aux_0: 0.1870 (0.2160)  loss_focal_aux_1: 0.1822 (0.2106)  loss_focal_dn_0: 0.0613 (0.0625)  loss_focal_dn_1: 0.0388 (0.0426)  loss_focal_dn_2: 0.0366 (0.0391)  loss_focal_enc_0: 0.2011 (0.2289)  loss_kld: 0.9409 (0.9668)  loss_kld_aux_0: 0.9600 (0.9874)  loss_kld_aux_1: 0.9439 (0.9703)  loss_kld_dn_0: 0.8889 (0.9059)  loss_kld_dn_1: 0.8064 (0.8217)  loss_kld_dn_2: 0.7924 (0.8099)  loss_kld_enc_0: 1.0102 (1.0405)  loss_l1: 0.4656 (0.5264)  loss_l1_aux_0: 0.4759 (0.5344)  loss_l1_aux_1: 0.4660 (0.5270)  loss_l1_dn_0: 0.0711 (0.0749)  loss_l1_dn_1: 0.0617 (0.0653)  loss_l1_dn_2: 0.0604 (0.0635)  loss_l1_enc_0: 0.4839 (0.5422)  time: 2.0915  data: 0.0590  max mem: 56856
Epoch: [87] Total time: 0:06:02 (2.2119 s / it)
Test:  [ 0/43]  eta: 0:02:56    time: 4.1026  data: 3.5669  max mem: 56856
Test:  [10/43]  eta: 0:00:28    time: 0.8580  data: 0.5359  max mem: 56856
Test:  [20/43]  eta: 0:00:16    time: 0.5473  data: 0.2443  max mem: 56856
Test:  [30/43]  eta: 0:00:08    time: 0.5550  data: 0.2477  max mem: 56856
Test:  [40/43]  eta: 0:00:01    time: 0.5772  data: 0.2733  max mem: 56856
Test:  [42/43]  eta: 0:00:00    time: 0.5560  data: 0.2634  max mem: 56856
Test: Total time: 0:00:27 (0.6382 s / it)
Averaged stats:
Offline DOTA results saved at /workspace/RT-DETR-OBB/outputs/rtdetrv2_obb_hgnetv2_n_dota_1_ss/dota_results/epoch_87.zip
best_stat: {'epoch': 87, 'mAP': 87.0}
Epoch: [88]  [  0/164]  eta: 0:31:23  lr: 0.000020  loss: 10.5154 (10.5154)  loss_focal: 0.2631 (0.2631)  loss_focal_aux_0: 0.2697 (0.2697)  loss_focal_aux_1: 0.2642 (0.2642)  loss_focal_dn_0: 0.0735 (0.0735)  loss_focal_dn_1: 0.0515 (0.0515)  loss_focal_dn_2: 0.0478 (0.0478)  loss_focal_enc_0: 0.2641 (0.2641)  loss_kld: 1.0475 (1.0475)  loss_kld_aux_0: 1.0689 (1.0689)  loss_kld_aux_1: 1.0495 (1.0495)  loss_kld_dn_0: 0.9182 (0.9182)  loss_kld_dn_1: 0.8444 (0.8444)  loss_kld_dn_2: 0.8361 (0.8361)  loss_kld_enc_0: 1.1171 (1.1171)  loss_l1: 0.5449 (0.5449)  loss_l1_aux_0: 0.5564 (0.5564)  loss_l1_aux_1: 0.5451 (0.5451)  loss_l1_dn_0: 0.0688 (0.0688)  loss_l1_dn_1: 0.0608 (0.0608)  loss_l1_dn_2: 0.0596 (0.0596)  loss_l1_enc_0: 0.5639 (0.5639)  time: 11.4852  data: 8.5480  max mem: 56856
Epoch: [88]  [100/164]  eta: 0:02:23  lr: 0.000020  loss: 9.9959 (9.8665)  loss_focal: 0.1923 (0.2034)  loss_focal_aux_0: 0.2008 (0.2126)  loss_focal_aux_1: 0.1954 (0.2071)  loss_focal_dn_0: 0.0610 (0.0619)  loss_focal_dn_1: 0.0419 (0.0425)  loss_focal_dn_2: 0.0393 (0.0392)  loss_focal_enc_0: 0.2144 (0.2257)  loss_kld: 0.9920 (0.9736)  loss_kld_aux_0: 1.0126 (0.9931)  loss_kld_aux_1: 0.9967 (0.9771)  loss_kld_dn_0: 0.8768 (0.8926)  loss_kld_dn_1: 0.7934 (0.8128)  loss_kld_dn_2: 0.7828 (0.8019)  loss_kld_enc_0: 1.0745 (1.0425)  loss_l1: 0.5515 (0.5385)  loss_l1_aux_0: 0.5551 (0.5468)  loss_l1_aux_1: 0.5516 (0.5391)  loss_l1_dn_0: 0.0709 (0.0738)  loss_l1_dn_1: 0.0609 (0.0646)  loss_l1_dn_2: 0.0596 (0.0630)  loss_l1_enc_0: 0.5613 (0.5546)  time: 2.1111  data: 0.0599  max mem: 56856
Epoch: [88]  [163/164]  eta: 0:00:02  lr: 0.000020  loss: 10.3172 (9.8924)  loss_focal: 0.2218 (0.2046)  loss_focal_aux_0: 0.2328 (0.2139)  loss_focal_aux_1: 0.2270 (0.2084)  loss_focal_dn_0: 0.0652 (0.0619)  loss_focal_dn_1: 0.0439 (0.0423)  loss_focal_dn_2: 0.0409 (0.0390)  loss_focal_enc_0: 0.2504 (0.2281)  loss_kld: 0.9988 (0.9749)  loss_kld_aux_0: 1.0242 (0.9951)  loss_kld_aux_1: 1.0047 (0.9785)  loss_kld_dn_0: 0.9162 (0.8930)  loss_kld_dn_1: 0.8172 (0.8115)  loss_kld_dn_2: 0.7975 (0.8004)  loss_kld_enc_0: 1.0893 (1.0463)  loss_l1: 0.5598 (0.5419)  loss_l1_aux_0: 0.5703 (0.5503)  loss_l1_aux_1: 0.5607 (0.5425)  loss_l1_dn_0: 0.0759 (0.0740)  loss_l1_dn_1: 0.0659 (0.0647)  loss_l1_dn_2: 0.0640 (0.0630)  loss_l1_enc_0: 0.5802 (0.5581)  time: 2.2178  data: 0.0670  max mem: 56856
Epoch: [88] Total time: 0:05:58 (2.1870 s / it)
Test:  [ 0/43]  eta: 0:03:02    time: 4.2360  data: 3.7152  max mem: 56856
Test:  [10/43]  eta: 0:00:29    time: 0.8961  data: 0.5746  max mem: 56856
Test:  [20/43]  eta: 0:00:16    time: 0.5588  data: 0.2566  max mem: 56856
Test:  [30/43]  eta: 0:00:09    time: 0.5829  data: 0.2785  max mem: 56856
Test:  [40/43]  eta: 0:00:02    time: 0.6006  data: 0.2958  max mem: 56856
Test:  [42/43]  eta: 0:00:00    time: 0.5598  data: 0.2658  max mem: 56856
Test: Total time: 0:00:28 (0.6599 s / it)
Averaged stats:
Offline DOTA results saved at /workspace/RT-DETR-OBB/outputs/rtdetrv2_obb_hgnetv2_n_dota_1_ss/dota_results/epoch_88.zip
best_stat: {'epoch': 88, 'mAP': 88.0}
Epoch: [89]  [  0/164]  eta: 0:29:28  lr: 0.000020  loss: 8.2226 (8.2226)  loss_focal: 0.2040 (0.2040)  loss_focal_aux_0: 0.2151 (0.2151)  loss_focal_aux_1: 0.2083 (0.2083)  loss_focal_dn_0: 0.0534 (0.0534)  loss_focal_dn_1: 0.0344 (0.0344)  loss_focal_dn_2: 0.0301 (0.0301)  loss_focal_enc_0: 0.2338 (0.2338)  loss_kld: 0.7202 (0.7202)  loss_kld_aux_0: 0.7471 (0.7471)  loss_kld_aux_1: 0.7240 (0.7240)  loss_kld_dn_0: 0.8043 (0.8043)  loss_kld_dn_1: 0.7180 (0.7180)  loss_kld_dn_2: 0.7016 (0.7016)  loss_kld_enc_0: 0.8024 (0.8024)  loss_l1: 0.4498 (0.4498)  loss_l1_aux_0: 0.4590 (0.4590)  loss_l1_aux_1: 0.4505 (0.4505)  loss_l1_dn_0: 0.0736 (0.0736)  loss_l1_dn_1: 0.0633 (0.0633)  loss_l1_dn_2: 0.0615 (0.0615)  loss_l1_enc_0: 0.4683 (0.4683)  time: 10.7826  data: 8.2038  max mem: 56856
Epoch: [89]  [100/164]  eta: 0:02:21  lr: 0.000020  loss: 9.8030 (10.2016)  loss_focal: 0.2077 (0.2263)  loss_focal_aux_0: 0.2135 (0.2359)  loss_focal_aux_1: 0.2076 (0.2294)  loss_focal_dn_0: 0.0590 (0.0654)  loss_focal_dn_1: 0.0407 (0.0448)  loss_focal_dn_2: 0.0378 (0.0409)  loss_focal_enc_0: 0.2214 (0.2493)  loss_kld: 1.0039 (0.9971)  loss_kld_aux_0: 1.0230 (1.0179)  loss_kld_aux_1: 1.0077 (1.0009)  loss_kld_dn_0: 0.8686 (0.9029)  loss_kld_dn_1: 0.7908 (0.8204)  loss_kld_dn_2: 0.7807 (0.8085)  loss_kld_enc_0: 1.0667 (1.0675)  loss_l1: 0.5241 (0.5655)  loss_l1_aux_0: 0.5259 (0.5730)  loss_l1_aux_1: 0.5246 (0.5661)  loss_l1_dn_0: 0.0703 (0.0767)  loss_l1_dn_1: 0.0629 (0.0671)  loss_l1_dn_2: 0.0612 (0.0655)  loss_l1_enc_0: 0.5334 (0.5807)  time: 2.2866  data: 0.0557  max mem: 56856
Epoch: [89]  [163/164]  eta: 0:00:02  lr: 0.000020  loss: 9.5049 (10.0123)  loss_focal: 0.2091 (0.2183)  loss_focal_aux_0: 0.2191 (0.2281)  loss_focal_aux_1: 0.2128 (0.2216)  loss_focal_dn_0: 0.0587 (0.0642)  loss_focal_dn_1: 0.0404 (0.0437)  loss_focal_dn_2: 0.0373 (0.0399)  loss_focal_enc_0: 0.2366 (0.2423)  loss_kld: 0.9277 (0.9788)  loss_kld_aux_0: 0.9479 (0.9998)  loss_kld_aux_1: 0.9316 (0.9826)  loss_kld_dn_0: 0.8780 (0.9005)  loss_kld_dn_1: 0.8026 (0.8170)  loss_kld_dn_2: 0.7931 (0.8051)  loss_kld_enc_0: 0.9955 (1.0512)  loss_l1: 0.5134 (0.5469)  loss_l1_aux_0: 0.5220 (0.5548)  loss_l1_aux_1: 0.5142 (0.5475)  loss_l1_dn_0: 0.0724 (0.0762)  loss_l1_dn_1: 0.0634 (0.0665)  loss_l1_dn_2: 0.0623 (0.0648)  loss_l1_enc_0: 0.5297 (0.5627)  time: 2.0783  data: 0.0646  max mem: 56856
Epoch: [89] Total time: 0:05:53 (2.1582 s / it)
Test:  [ 0/43]  eta: 0:02:52    time: 4.0168  data: 3.4915  max mem: 56856
Test:  [10/43]  eta: 0:00:27    time: 0.8446  data: 0.5232  max mem: 56856
Test:  [20/43]  eta: 0:00:16    time: 0.5600  data: 0.2584  max mem: 56856
Test:  [30/43]  eta: 0:00:08    time: 0.5703  data: 0.2655  max mem: 56856
Test:  [40/43]  eta: 0:00:02    time: 0.6192  data: 0.3143  max mem: 56856
Test:  [42/43]  eta: 0:00:00    time: 0.5986  data: 0.3051  max mem: 56856
Test: Total time: 0:00:28 (0.6600 s / it)
Averaged stats:
Offline DOTA results saved at /workspace/RT-DETR-OBB/outputs/rtdetrv2_obb_hgnetv2_n_dota_1_ss/dota_results/epoch_89.zip
best_stat: {'epoch': 89, 'mAP': 89.0}
Epoch: [90]  [  0/164]  eta: 0:38:02  lr: 0.000020  loss: 9.5721 (9.5721)  loss_focal: 0.1525 (0.1525)  loss_focal_aux_0: 0.1620 (0.1620)  loss_focal_aux_1: 0.1564 (0.1564)  loss_focal_dn_0: 0.0487 (0.0487)  loss_focal_dn_1: 0.0328 (0.0328)  loss_focal_dn_2: 0.0297 (0.0297)  loss_focal_enc_0: 0.1736 (0.1736)  loss_kld: 1.0010 (1.0010)  loss_kld_aux_0: 1.0185 (1.0185)  loss_kld_aux_1: 1.0038 (1.0038)  loss_kld_dn_0: 0.8959 (0.8959)  loss_kld_dn_1: 0.8326 (0.8326)  loss_kld_dn_2: 0.8224 (0.8224)  loss_kld_enc_0: 1.0651 (1.0651)  loss_l1: 0.4945 (0.4945)  loss_l1_aux_0: 0.5030 (0.5030)  loss_l1_aux_1: 0.4953 (0.4953)  loss_l1_dn_0: 0.0648 (0.0648)  loss_l1_dn_1: 0.0557 (0.0557)  loss_l1_dn_2: 0.0540 (0.0540)  loss_l1_enc_0: 0.5098 (0.5098)  time: 13.9176  data: 7.7189  max mem: 56856
Epoch: [90]  [100/164]  eta: 0:02:20  lr: 0.000020  loss: 9.6365 (9.6965)  loss_focal: 0.1956 (0.2030)  loss_focal_aux_0: 0.2049 (0.2120)  loss_focal_aux_1: 0.1998 (0.2067)  loss_focal_dn_0: 0.0593 (0.0602)  loss_focal_dn_1: 0.0400 (0.0412)  loss_focal_dn_2: 0.0366 (0.0378)  loss_focal_enc_0: 0.2216 (0.2259)  loss_kld: 0.9488 (0.9451)  loss_kld_aux_0: 0.9686 (0.9646)  loss_kld_aux_1: 0.9522 (0.9484)  loss_kld_dn_0: 0.8915 (0.8996)  loss_kld_dn_1: 0.8078 (0.8156)  loss_kld_dn_2: 0.7970 (0.8040)  loss_kld_enc_0: 1.0148 (1.0140)  loss_l1: 0.4876 (0.5228)  loss_l1_aux_0: 0.4989 (0.5309)  loss_l1_aux_1: 0.4890 (0.5233)  loss_l1_dn_0: 0.0716 (0.0745)  loss_l1_dn_1: 0.0631 (0.0651)  loss_l1_dn_2: 0.0617 (0.0635)  loss_l1_enc_0: 0.5121 (0.5385)  time: 2.0866  data: 0.0795  max mem: 56856
Epoch: [90]  [163/164]  eta: 0:00:02  lr: 0.000020  loss: 9.3308 (9.6891)  loss_focal: 0.2006 (0.2030)  loss_focal_aux_0: 0.2129 (0.2120)  loss_focal_aux_1: 0.2050 (0.2065)  loss_focal_dn_0: 0.0583 (0.0606)  loss_focal_dn_1: 0.0377 (0.0416)  loss_focal_dn_2: 0.0344 (0.0381)  loss_focal_enc_0: 0.2214 (0.2253)  loss_kld: 0.9176 (0.9471)  loss_kld_aux_0: 0.9377 (0.9669)  loss_kld_aux_1: 0.9200 (0.9506)  loss_kld_dn_0: 0.9025 (0.8936)  loss_kld_dn_1: 0.8156 (0.8119)  loss_kld_dn_2: 0.8020 (0.8003)  loss_kld_enc_0: 0.9859 (1.0162)  loss_l1: 0.4908 (0.5219)  loss_l1_aux_0: 0.4977 (0.5301)  loss_l1_aux_1: 0.4918 (0.5224)  loss_l1_dn_0: 0.0730 (0.0745)  loss_l1_dn_1: 0.0643 (0.0652)  loss_l1_dn_2: 0.0630 (0.0636)  loss_l1_enc_0: 0.5058 (0.5378)  time: 2.0392  data: 0.0740  max mem: 56856
Epoch: [90] Total time: 0:05:53 (2.1536 s / it)
Test:  [ 0/43]  eta: 0:02:56    time: 4.1090  data: 3.5784  max mem: 56856
Test:  [10/43]  eta: 0:00:27    time: 0.8463  data: 0.5248  max mem: 56856
Test:  [20/43]  eta: 0:00:18    time: 0.6586  data: 0.3584  max mem: 56856
Test:  [30/43]  eta: 0:00:09    time: 0.6802  data: 0.3743  max mem: 56856
Test:  [40/43]  eta: 0:00:02    time: 0.5871  data: 0.2756  max mem: 56856
Test:  [42/43]  eta: 0:00:00    time: 0.5767  data: 0.2758  max mem: 56856
Test: Total time: 0:00:29 (0.6940 s / it)
Averaged stats:
Offline DOTA results saved at /workspace/RT-DETR-OBB/outputs/rtdetrv2_obb_hgnetv2_n_dota_1_ss/dota_results/epoch_90.zip
best_stat: {'epoch': 90, 'mAP': 90.0}
Epoch: [91]  [  0/164]  eta: 0:29:31  lr: 0.000020  loss: 9.1247 (9.1247)  loss_focal: 0.2402 (0.2402)  loss_focal_aux_0: 0.2496 (0.2496)  loss_focal_aux_1: 0.2466 (0.2466)  loss_focal_dn_0: 0.0648 (0.0648)  loss_focal_dn_1: 0.0444 (0.0444)  loss_focal_dn_2: 0.0399 (0.0399)  loss_focal_enc_0: 0.2583 (0.2583)  loss_kld: 0.8389 (0.8389)  loss_kld_aux_0: 0.8565 (0.8565)  loss_kld_aux_1: 0.8420 (0.8420)  loss_kld_dn_0: 0.8528 (0.8528)  loss_kld_dn_1: 0.7679 (0.7679)  loss_kld_dn_2: 0.7570 (0.7570)  loss_kld_enc_0: 0.9000 (0.9000)  loss_l1: 0.4842 (0.4842)  loss_l1_aux_0: 0.4931 (0.4931)  loss_l1_aux_1: 0.4835 (0.4835)  loss_l1_dn_0: 0.0752 (0.0752)  loss_l1_dn_1: 0.0655 (0.0655)  loss_l1_dn_2: 0.0652 (0.0652)  loss_l1_enc_0: 0.4990 (0.4990)  time: 10.8008  data: 8.7501  max mem: 56856
Epoch: [91]  [100/164]  eta: 0:02:24  lr: 0.000020  loss: 9.9767 (9.9238)  loss_focal: 0.2146 (0.2151)  loss_focal_aux_0: 0.2233 (0.2247)  loss_focal_aux_1: 0.2178 (0.2197)  loss_focal_dn_0: 0.0638 (0.0622)  loss_focal_dn_1: 0.0449 (0.0427)  loss_focal_dn_2: 0.0413 (0.0392)  loss_focal_enc_0: 0.2330 (0.2388)  loss_kld: 0.9503 (0.9729)  loss_kld_aux_0: 0.9724 (0.9939)  loss_kld_aux_1: 0.9543 (0.9766)  loss_kld_dn_0: 0.8876 (0.8963)  loss_kld_dn_1: 0.7959 (0.8119)  loss_kld_dn_2: 0.7817 (0.7997)  loss_kld_enc_0: 1.0248 (1.0473)  loss_l1: 0.5354 (0.5377)  loss_l1_aux_0: 0.5414 (0.5456)  loss_l1_aux_1: 0.5364 (0.5385)  loss_l1_dn_0: 0.0780 (0.0760)  loss_l1_dn_1: 0.0684 (0.0666)  loss_l1_dn_2: 0.0666 (0.0648)  loss_l1_enc_0: 0.5481 (0.5537)  time: 2.2546  data: 0.0727  max mem: 56856
Epoch: [91]  [163/164]  eta: 0:00:02  lr: 0.000020  loss: 9.6815 (9.9057)  loss_focal: 0.1973 (0.2102)  loss_focal_aux_0: 0.2087 (0.2197)  loss_focal_aux_1: 0.2005 (0.2144)  loss_focal_dn_0: 0.0640 (0.0621)  loss_focal_dn_1: 0.0404 (0.0423)  loss_focal_dn_2: 0.0378 (0.0388)  loss_focal_enc_0: 0.2220 (0.2340)  loss_kld: 0.9561 (0.9758)  loss_kld_aux_0: 0.9766 (0.9969)  loss_kld_aux_1: 0.9604 (0.9795)  loss_kld_dn_0: 0.8959 (0.8929)  loss_kld_dn_1: 0.8158 (0.8089)  loss_kld_dn_2: 0.8042 (0.7972)  loss_kld_enc_0: 1.0340 (1.0497)  loss_l1: 0.4948 (0.5385)  loss_l1_aux_0: 0.5019 (0.5465)  loss_l1_aux_1: 0.4958 (0.5392)  loss_l1_dn_0: 0.0696 (0.0749)  loss_l1_dn_1: 0.0617 (0.0655)  loss_l1_dn_2: 0.0600 (0.0638)  loss_l1_enc_0: 0.5096 (0.5546)  time: 2.1031  data: 0.0658  max mem: 56856
Epoch: [91] Total time: 0:05:55 (2.1690 s / it)
Test:  [ 0/43]  eta: 0:03:11    time: 4.4630  data: 3.9311  max mem: 56856
Test:  [10/43]  eta: 0:00:28    time: 0.8741  data: 0.5508  max mem: 56856
Test:  [20/43]  eta: 0:00:17    time: 0.5683  data: 0.2656  max mem: 56856
Test:  [30/43]  eta: 0:00:08    time: 0.5706  data: 0.2669  max mem: 56856
Test:  [40/43]  eta: 0:00:01    time: 0.5695  data: 0.2673  max mem: 56856
Test:  [42/43]  eta: 0:00:00    time: 0.5589  data: 0.2674  max mem: 56856
Test: Total time: 0:00:28 (0.6512 s / it)
Averaged stats:
Offline DOTA results saved at /workspace/RT-DETR-OBB/outputs/rtdetrv2_obb_hgnetv2_n_dota_1_ss/dota_results/epoch_91.zip
best_stat: {'epoch': 91, 'mAP': 91.0}
     ### Attention --- Mixup is closed after epoch@ 92 ###
     ### Attention --- Mixup is closed after epoch@ 92 ###
     ### Attention --- Mixup is closed after epoch@ 92 ###
     ### Attention --- Mixup is closed after epoch@ 92 ###
Epoch: [92]  [  0/164]  eta: 0:13:21  lr: 0.000020  loss: 9.5724 (9.5724)  loss_focal: 0.3267 (0.3267)  loss_focal_aux_0: 0.3617 (0.3617)  loss_focal_aux_1: 0.3385 (0.3385)  loss_focal_dn_0: 0.0759 (0.0759)  loss_focal_dn_1: 0.0452 (0.0452)  loss_focal_dn_2: 0.0412 (0.0412)  loss_focal_enc_0: 0.4030 (0.4030)  loss_kld: 0.6937 (0.6937)  loss_kld_aux_0: 0.7196 (0.7196)  loss_kld_aux_1: 0.6920 (0.6920)  loss_kld_dn_0: 0.9478 (0.9478)  loss_kld_dn_1: 0.7889 (0.7889)  loss_kld_dn_2: 0.7664 (0.7664)  loss_kld_enc_0: 0.7797 (0.7797)  loss_l1: 0.5489 (0.5489)  loss_l1_aux_0: 0.5592 (0.5592)  loss_l1_aux_1: 0.5501 (0.5501)  loss_l1_dn_0: 0.1321 (0.1321)  loss_l1_dn_1: 0.1134 (0.1134)  loss_l1_dn_2: 0.1095 (0.1095)  loss_l1_enc_0: 0.5788 (0.5788)  time: 4.8888  data: 4.0617  max mem: 56856
Epoch: [92]  [100/164]  eta: 0:01:05  lr: 0.000020  loss: 8.7922 (8.8965)  loss_focal: 0.2882 (0.2857)  loss_focal_aux_0: 0.3032 (0.2904)  loss_focal_aux_1: 0.2953 (0.2887)  loss_focal_dn_0: 0.0645 (0.0641)  loss_focal_dn_1: 0.0430 (0.0433)  loss_focal_dn_2: 0.0403 (0.0405)  loss_focal_enc_0: 0.3157 (0.3160)  loss_kld: 0.6816 (0.6817)  loss_kld_aux_0: 0.7153 (0.7064)  loss_kld_aux_1: 0.6824 (0.6855)  loss_kld_dn_0: 0.8737 (0.8744)  loss_kld_dn_1: 0.7304 (0.7408)  loss_kld_dn_2: 0.7038 (0.7217)  loss_kld_enc_0: 0.7809 (0.7691)  loss_l1: 0.4872 (0.4884)  loss_l1_aux_0: 0.4955 (0.4984)  loss_l1_aux_1: 0.4867 (0.4899)  loss_l1_dn_0: 0.1299 (0.1477)  loss_l1_dn_1: 0.1089 (0.1257)  loss_l1_dn_2: 0.1075 (0.1216)  loss_l1_enc_0: 0.5084 (0.5166)  time: 0.9518  data: 0.0448  max mem: 56856
Epoch: [92]  [163/164]  eta: 0:00:00  lr: 0.000020  loss: 8.4476 (8.7368)  loss_focal: 0.2596 (0.2778)  loss_focal_aux_0: 0.2686 (0.2846)  loss_focal_aux_1: 0.2591 (0.2805)  loss_focal_dn_0: 0.0565 (0.0626)  loss_focal_dn_1: 0.0360 (0.0418)  loss_focal_dn_2: 0.0322 (0.0387)  loss_focal_enc_0: 0.2837 (0.3088)  loss_kld: 0.5959 (0.6603)  loss_kld_aux_0: 0.6260 (0.6861)  loss_kld_aux_1: 0.6016 (0.6640)  loss_kld_dn_0: 0.8054 (0.8690)  loss_kld_dn_1: 0.6479 (0.7347)  loss_kld_dn_2: 0.6310 (0.7156)  loss_kld_enc_0: 0.6775 (0.7478)  loss_l1: 0.4449 (0.4831)  loss_l1_aux_0: 0.4543 (0.4939)  loss_l1_aux_1: 0.4467 (0.4846)  loss_l1_dn_0: 0.1389 (0.1470)  loss_l1_dn_1: 0.1142 (0.1239)  loss_l1_dn_2: 0.1095 (0.1196)  loss_l1_enc_0: 0.4671 (0.5124)  time: 0.9448  data: 0.0450  max mem: 56856
Epoch: [92] Total time: 0:02:43 (0.9994 s / it)
Test:  [ 0/43]  eta: 0:03:28    time: 4.8509  data: 4.2862  max mem: 56856
Test:  [10/43]  eta: 0:00:30    time: 0.9170  data: 0.5884  max mem: 56856
Test:  [20/43]  eta: 0:00:17    time: 0.5568  data: 0.2513  max mem: 56856
Test:  [30/43]  eta: 0:00:08    time: 0.5678  data: 0.2626  max mem: 56856
Test:  [40/43]  eta: 0:00:01    time: 0.5549  data: 0.2500  max mem: 56856
Test:  [42/43]  eta: 0:00:00    time: 0.5472  data: 0.2528  max mem: 56856
Test: Total time: 0:00:28 (0.6550 s / it)
Averaged stats:
Offline DOTA results saved at /workspace/RT-DETR-OBB/outputs/rtdetrv2_obb_hgnetv2_n_dota_1_ss/dota_results/epoch_92.zip
best_stat: {'epoch': 92, 'mAP': 92.0}
Epoch: [93]  [  0/164]  eta: 0:14:04  lr: 0.000020  loss: 9.3908 (9.3908)  loss_focal: 0.3129 (0.3129)  loss_focal_aux_0: 0.3181 (0.3181)  loss_focal_aux_1: 0.3111 (0.3111)  loss_focal_dn_0: 0.0637 (0.0637)  loss_focal_dn_1: 0.0490 (0.0490)  loss_focal_dn_2: 0.0440 (0.0440)  loss_focal_enc_0: 0.3425 (0.3425)  loss_kld: 0.6874 (0.6874)  loss_kld_aux_0: 0.7154 (0.7154)  loss_kld_aux_1: 0.6948 (0.6948)  loss_kld_dn_0: 0.8528 (0.8528)  loss_kld_dn_1: 0.7268 (0.7268)  loss_kld_dn_2: 0.7074 (0.7074)  loss_kld_enc_0: 0.7820 (0.7820)  loss_l1: 0.5855 (0.5855)  loss_l1_aux_0: 0.5982 (0.5982)  loss_l1_aux_1: 0.5879 (0.5879)  loss_l1_dn_0: 0.1440 (0.1440)  loss_l1_dn_1: 0.1252 (0.1252)  loss_l1_dn_2: 0.1205 (0.1205)  loss_l1_enc_0: 0.6216 (0.6216)  time: 5.1518  data: 4.3518  max mem: 56856
Epoch: [93]  [100/164]  eta: 0:01:04  lr: 0.000020  loss: 8.2448 (8.5313)  loss_focal: 0.2564 (0.2536)  loss_focal_aux_0: 0.2504 (0.2634)  loss_focal_aux_1: 0.2533 (0.2556)  loss_focal_dn_0: 0.0554 (0.0588)  loss_focal_dn_1: 0.0376 (0.0386)  loss_focal_dn_2: 0.0345 (0.0349)  loss_focal_enc_0: 0.2736 (0.2912)  loss_kld: 0.6134 (0.6427)  loss_kld_aux_0: 0.6501 (0.6692)  loss_kld_aux_1: 0.6220 (0.6465)  loss_kld_dn_0: 0.8618 (0.8444)  loss_kld_dn_1: 0.7249 (0.7169)  loss_kld_dn_2: 0.7050 (0.6979)  loss_kld_enc_0: 0.7231 (0.7302)  loss_l1: 0.4557 (0.4918)  loss_l1_aux_0: 0.4638 (0.5045)  loss_l1_aux_1: 0.4554 (0.4935)  loss_l1_dn_0: 0.1373 (0.1417)  loss_l1_dn_1: 0.1107 (0.1188)  loss_l1_dn_2: 0.1082 (0.1144)  loss_l1_enc_0: 0.4760 (0.5226)  time: 0.9517  data: 0.0409  max mem: 56856
Epoch: [93]  [163/164]  eta: 0:00:01  lr: 0.000020  loss: 8.3141 (8.5049)  loss_focal: 0.2010 (0.2463)  loss_focal_aux_0: 0.2106 (0.2564)  loss_focal_aux_1: 0.2012 (0.2485)  loss_focal_dn_0: 0.0532 (0.0582)  loss_focal_dn_1: 0.0359 (0.0380)  loss_focal_dn_2: 0.0331 (0.0343)  loss_focal_enc_0: 0.2519 (0.2829)  loss_kld: 0.6262 (0.6490)  loss_kld_aux_0: 0.6503 (0.6747)  loss_kld_aux_1: 0.6282 (0.6528)  loss_kld_dn_0: 0.8749 (0.8508)  loss_kld_dn_1: 0.7076 (0.7254)  loss_kld_dn_2: 0.6821 (0.7070)  loss_kld_enc_0: 0.7088 (0.7363)  loss_l1: 0.4192 (0.4827)  loss_l1_aux_0: 0.4245 (0.4950)  loss_l1_aux_1: 0.4217 (0.4844)  loss_l1_dn_0: 0.1324 (0.1395)  loss_l1_dn_1: 0.1115 (0.1171)  loss_l1_dn_2: 0.1072 (0.1128)  loss_l1_enc_0: 0.4372 (0.5129)  time: 0.9797  data: 0.0432  max mem: 56856
Epoch: [93] Total time: 0:02:45 (1.0105 s / it)
Test:  [ 0/43]  eta: 0:03:37    time: 5.0672  data: 4.5095  max mem: 56856
Test:  [10/43]  eta: 0:00:32    time: 0.9849  data: 0.6346  max mem: 56856
Test:  [20/43]  eta: 0:00:18    time: 0.6125  data: 0.2841  max mem: 56856
Test:  [30/43]  eta: 0:00:10    time: 0.6569  data: 0.3300  max mem: 56856
Test:  [40/43]  eta: 0:00:02    time: 0.6040  data: 0.2822  max mem: 56856
Test:  [42/43]  eta: 0:00:00    time: 0.5917  data: 0.2819  max mem: 56856
Test: Total time: 0:00:30 (0.7049 s / it)
Averaged stats:
Offline DOTA results saved at /workspace/RT-DETR-OBB/outputs/rtdetrv2_obb_hgnetv2_n_dota_1_ss/dota_results/epoch_93.zip
best_stat: {'epoch': 93, 'mAP': 93.0}
Epoch: [94]  [  0/164]  eta: 0:13:48  lr: 0.000020  loss: 8.0225 (8.0225)  loss_focal: 0.2946 (0.2946)  loss_focal_aux_0: 0.3147 (0.3147)  loss_focal_aux_1: 0.3023 (0.3023)  loss_focal_dn_0: 0.0580 (0.0580)  loss_focal_dn_1: 0.0429 (0.0429)  loss_focal_dn_2: 0.0376 (0.0376)  loss_focal_enc_0: 0.3416 (0.3416)  loss_kld: 0.5778 (0.5778)  loss_kld_aux_0: 0.6116 (0.6116)  loss_kld_aux_1: 0.5832 (0.5832)  loss_kld_dn_0: 0.7750 (0.7750)  loss_kld_dn_1: 0.6415 (0.6415)  loss_kld_dn_2: 0.6314 (0.6314)  loss_kld_enc_0: 0.6850 (0.6850)  loss_l1: 0.4068 (0.4068)  loss_l1_aux_0: 0.4338 (0.4338)  loss_l1_aux_1: 0.4117 (0.4117)  loss_l1_dn_0: 0.1582 (0.1582)  loss_l1_dn_1: 0.1331 (0.1331)  loss_l1_dn_2: 0.1264 (0.1264)  loss_l1_enc_0: 0.4554 (0.4554)  time: 5.0499  data: 4.3078  max mem: 56856
Epoch: [94]  [100/164]  eta: 0:01:04  lr: 0.000020  loss: 8.4573 (8.2286)  loss_focal: 0.2472 (0.2330)  loss_focal_aux_0: 0.2523 (0.2445)  loss_focal_aux_1: 0.2522 (0.2376)  loss_focal_dn_0: 0.0594 (0.0574)  loss_focal_dn_1: 0.0377 (0.0369)  loss_focal_dn_2: 0.0331 (0.0326)  loss_focal_enc_0: 0.2793 (0.2710)  loss_kld: 0.6489 (0.6285)  loss_kld_aux_0: 0.6726 (0.6528)  loss_kld_aux_1: 0.6540 (0.6333)  loss_kld_dn_0: 0.8719 (0.8493)  loss_kld_dn_1: 0.7204 (0.7149)  loss_kld_dn_2: 0.7057 (0.6945)  loss_kld_enc_0: 0.7148 (0.7099)  loss_l1: 0.4409 (0.4553)  loss_l1_aux_0: 0.4517 (0.4669)  loss_l1_aux_1: 0.4411 (0.4572)  loss_l1_dn_0: 0.1343 (0.1399)  loss_l1_dn_1: 0.1200 (0.1172)  loss_l1_dn_2: 0.1161 (0.1124)  loss_l1_enc_0: 0.4674 (0.4835)  time: 0.9564  data: 0.0487  max mem: 56856
Epoch: [94]  [163/164]  eta: 0:00:00  lr: 0.000020  loss: 8.6403 (8.4348)  loss_focal: 0.2625 (0.2425)  loss_focal_aux_0: 0.2708 (0.2541)  loss_focal_aux_1: 0.2658 (0.2475)  loss_focal_dn_0: 0.0603 (0.0588)  loss_focal_dn_1: 0.0405 (0.0378)  loss_focal_dn_2: 0.0360 (0.0335)  loss_focal_enc_0: 0.2917 (0.2802)  loss_kld: 0.6200 (0.6480)  loss_kld_aux_0: 0.6479 (0.6741)  loss_kld_aux_1: 0.6224 (0.6526)  loss_kld_dn_0: 0.8325 (0.8534)  loss_kld_dn_1: 0.7150 (0.7179)  loss_kld_dn_2: 0.6966 (0.6976)  loss_kld_enc_0: 0.7213 (0.7322)  loss_l1: 0.5062 (0.4721)  loss_l1_aux_0: 0.5159 (0.4845)  loss_l1_aux_1: 0.5086 (0.4742)  loss_l1_dn_0: 0.1428 (0.1409)  loss_l1_dn_1: 0.1169 (0.1177)  loss_l1_dn_2: 0.1127 (0.1130)  loss_l1_enc_0: 0.5364 (0.5019)  time: 0.9529  data: 0.0457  max mem: 56856
Epoch: [94] Total time: 0:02:42 (0.9924 s / it)
Test:  [ 0/43]  eta: 0:03:23    time: 4.7246  data: 4.1865  max mem: 56856
Test:  [10/43]  eta: 0:00:28    time: 0.8584  data: 0.5356  max mem: 56856
Test:  [20/43]  eta: 0:00:16    time: 0.5268  data: 0.2255  max mem: 56856
Test:  [30/43]  eta: 0:00:08    time: 0.5585  data: 0.2568  max mem: 56856
Test:  [40/43]  eta: 0:00:01    time: 0.5550  data: 0.2528  max mem: 56856
Test:  [42/43]  eta: 0:00:00    time: 0.5411  data: 0.2490  max mem: 56856
Test: Total time: 0:00:27 (0.6328 s / it)
Averaged stats:
Offline DOTA results saved at /workspace/RT-DETR-OBB/outputs/rtdetrv2_obb_hgnetv2_n_dota_1_ss/dota_results/epoch_94.zip
best_stat: {'epoch': 94, 'mAP': 94.0}
Epoch: [95]  [  0/164]  eta: 0:14:59  lr: 0.000020  loss: 9.1271 (9.1271)  loss_focal: 0.1733 (0.1733)  loss_focal_aux_0: 0.1901 (0.1901)  loss_focal_aux_1: 0.1847 (0.1847)  loss_focal_dn_0: 0.0613 (0.0613)  loss_focal_dn_1: 0.0344 (0.0344)  loss_focal_dn_2: 0.0302 (0.0302)  loss_focal_enc_0: 0.1978 (0.1978)  loss_kld: 0.8992 (0.8992)  loss_kld_aux_0: 0.9191 (0.9191)  loss_kld_aux_1: 0.9018 (0.9018)  loss_kld_dn_0: 0.9635 (0.9635)  loss_kld_dn_1: 0.8172 (0.8172)  loss_kld_dn_2: 0.7985 (0.7985)  loss_kld_enc_0: 0.9735 (0.9735)  loss_l1: 0.4095 (0.4095)  loss_l1_aux_0: 0.4203 (0.4203)  loss_l1_aux_1: 0.4115 (0.4115)  loss_l1_dn_0: 0.1183 (0.1183)  loss_l1_dn_1: 0.0941 (0.0941)  loss_l1_dn_2: 0.0910 (0.0910)  loss_l1_enc_0: 0.4376 (0.4376)  time: 5.4827  data: 4.4919  max mem: 56856
Epoch: [95]  [100/164]  eta: 0:01:06  lr: 0.000020  loss: 8.0467 (8.2444)  loss_focal: 0.2143 (0.2426)  loss_focal_aux_0: 0.2269 (0.2546)  loss_focal_aux_1: 0.2155 (0.2469)  loss_focal_dn_0: 0.0549 (0.0575)  loss_focal_dn_1: 0.0348 (0.0365)  loss_focal_dn_2: 0.0309 (0.0328)  loss_focal_enc_0: 0.2508 (0.2793)  loss_kld: 0.5844 (0.6307)  loss_kld_aux_0: 0.6109 (0.6561)  loss_kld_aux_1: 0.5887 (0.6346)  loss_kld_dn_0: 0.8248 (0.8453)  loss_kld_dn_1: 0.6903 (0.7118)  loss_kld_dn_2: 0.6649 (0.6926)  loss_kld_enc_0: 0.6673 (0.7165)  loss_l1: 0.3926 (0.4502)  loss_l1_aux_0: 0.3975 (0.4634)  loss_l1_aux_1: 0.3945 (0.4521)  loss_l1_dn_0: 0.1320 (0.1370)  loss_l1_dn_1: 0.1108 (0.1132)  loss_l1_dn_2: 0.1052 (0.1086)  loss_l1_enc_0: 0.4116 (0.4818)  time: 0.9623  data: 0.0463  max mem: 56856
Epoch: [95]  [163/164]  eta: 0:00:01  lr: 0.000020  loss: 8.1159 (8.2116)  loss_focal: 0.2095 (0.2373)  loss_focal_aux_0: 0.2234 (0.2484)  loss_focal_aux_1: 0.2180 (0.2410)  loss_focal_dn_0: 0.0540 (0.0565)  loss_focal_dn_1: 0.0338 (0.0358)  loss_focal_dn_2: 0.0303 (0.0322)  loss_focal_enc_0: 0.2488 (0.2735)  loss_kld: 0.6180 (0.6302)  loss_kld_aux_0: 0.6517 (0.6551)  loss_kld_aux_1: 0.6333 (0.6343)  loss_kld_dn_0: 0.8496 (0.8421)  loss_kld_dn_1: 0.7186 (0.7115)  loss_kld_dn_2: 0.6962 (0.6926)  loss_kld_enc_0: 0.6984 (0.7146)  loss_l1: 0.4140 (0.4502)  loss_l1_aux_0: 0.4287 (0.4630)  loss_l1_aux_1: 0.4157 (0.4520)  loss_l1_dn_0: 0.1245 (0.1372)  loss_l1_dn_1: 0.1063 (0.1137)  loss_l1_dn_2: 0.1047 (0.1092)  loss_l1_enc_0: 0.4501 (0.4812)  time: 1.0018  data: 0.0478  max mem: 56856
Epoch: [95] Total time: 0:02:46 (1.0155 s / it)
Test:  [ 0/43]  eta: 0:03:33    time: 4.9555  data: 4.4136  max mem: 56856
Test:  [10/43]  eta: 0:00:31    time: 0.9507  data: 0.6269  max mem: 56856
Test:  [20/43]  eta: 0:00:18    time: 0.5795  data: 0.2754  max mem: 56856
Test:  [30/43]  eta: 0:00:09    time: 0.5769  data: 0.2685  max mem: 56856
Test:  [40/43]  eta: 0:00:02    time: 0.5731  data: 0.2669  max mem: 56856
Test:  [42/43]  eta: 0:00:00    time: 0.5610  data: 0.2659  max mem: 56856
Test: Total time: 0:00:28 (0.6697 s / it)
Averaged stats:
Offline DOTA results saved at /workspace/RT-DETR-OBB/outputs/rtdetrv2_obb_hgnetv2_n_dota_1_ss/dota_results/epoch_95.zip
best_stat: {'epoch': 95, 'mAP': 95.0}
Epoch: [96]  [  0/164]  eta: 0:13:07  lr: 0.000020  loss: 7.4323 (7.4323)  loss_focal: 0.3176 (0.3176)  loss_focal_aux_0: 0.3290 (0.3290)  loss_focal_aux_1: 0.3181 (0.3181)  loss_focal_dn_0: 0.0601 (0.0601)  loss_focal_dn_1: 0.0437 (0.0437)  loss_focal_dn_2: 0.0418 (0.0418)  loss_focal_enc_0: 0.3544 (0.3544)  loss_kld: 0.4687 (0.4687)  loss_kld_aux_0: 0.4995 (0.4995)  loss_kld_aux_1: 0.4717 (0.4717)  loss_kld_dn_0: 0.7412 (0.7412)  loss_kld_dn_1: 0.6040 (0.6040)  loss_kld_dn_2: 0.5921 (0.5921)  loss_kld_enc_0: 0.5776 (0.5776)  loss_l1: 0.3768 (0.3768)  loss_l1_aux_0: 0.3943 (0.3943)  loss_l1_aux_1: 0.3777 (0.3777)  loss_l1_dn_0: 0.1631 (0.1631)  loss_l1_dn_1: 0.1361 (0.1361)  loss_l1_dn_2: 0.1381 (0.1381)  loss_l1_enc_0: 0.4268 (0.4268)  time: 4.8045  data: 4.1003  max mem: 56856
Epoch: [96]  [100/164]  eta: 0:01:06  lr: 0.000020  loss: 8.1611 (8.0411)  loss_focal: 0.2316 (0.2256)  loss_focal_aux_0: 0.2416 (0.2384)  loss_focal_aux_1: 0.2357 (0.2315)  loss_focal_dn_0: 0.0513 (0.0544)  loss_focal_dn_1: 0.0328 (0.0351)  loss_focal_dn_2: 0.0294 (0.0312)  loss_focal_enc_0: 0.2682 (0.2603)  loss_kld: 0.5985 (0.6118)  loss_kld_aux_0: 0.6277 (0.6387)  loss_kld_aux_1: 0.6042 (0.6159)  loss_kld_dn_0: 0.8199 (0.8281)  loss_kld_dn_1: 0.6662 (0.6960)  loss_kld_dn_2: 0.6512 (0.6770)  loss_kld_enc_0: 0.6721 (0.6990)  loss_l1: 0.4585 (0.4481)  loss_l1_aux_0: 0.4750 (0.4615)  loss_l1_aux_1: 0.4606 (0.4499)  loss_l1_dn_0: 0.1303 (0.1362)  loss_l1_dn_1: 0.1088 (0.1137)  loss_l1_dn_2: 0.1066 (0.1092)  loss_l1_enc_0: 0.4875 (0.4793)  time: 0.9833  data: 0.0400  max mem: 56856
Epoch: [96]  [163/164]  eta: 0:00:01  lr: 0.000020  loss: 8.0668 (8.0105)  loss_focal: 0.2181 (0.2252)  loss_focal_aux_0: 0.2333 (0.2373)  loss_focal_aux_1: 0.2190 (0.2301)  loss_focal_dn_0: 0.0536 (0.0543)  loss_focal_dn_1: 0.0343 (0.0351)  loss_focal_dn_2: 0.0287 (0.0313)  loss_focal_enc_0: 0.2690 (0.2609)  loss_kld: 0.5699 (0.6098)  loss_kld_aux_0: 0.5970 (0.6357)  loss_kld_aux_1: 0.5741 (0.6138)  loss_kld_dn_0: 0.8331 (0.8292)  loss_kld_dn_1: 0.6940 (0.6996)  loss_kld_dn_2: 0.6790 (0.6809)  loss_kld_enc_0: 0.6471 (0.6943)  loss_l1: 0.4433 (0.4422)  loss_l1_aux_0: 0.4518 (0.4553)  loss_l1_aux_1: 0.4439 (0.4438)  loss_l1_dn_0: 0.1391 (0.1363)  loss_l1_dn_1: 0.1138 (0.1134)  loss_l1_dn_2: 0.1077 (0.1090)  loss_l1_enc_0: 0.4659 (0.4730)  time: 0.9319  data: 0.0490  max mem: 56856
Epoch: [96] Total time: 0:02:46 (1.0150 s / it)
Test:  [ 0/43]  eta: 0:03:12    time: 4.4723  data: 3.9369  max mem: 56856
Test:  [10/43]  eta: 0:00:30    time: 0.9273  data: 0.6042  max mem: 56856
Test:  [20/43]  eta: 0:00:17    time: 0.5833  data: 0.2815  max mem: 56856
Test:  [30/43]  eta: 0:00:08    time: 0.5558  data: 0.2521  max mem: 56856
Test:  [40/43]  eta: 0:00:01    time: 0.5510  data: 0.2492  max mem: 56856
Test:  [42/43]  eta: 0:00:00    time: 0.5340  data: 0.2437  max mem: 56856
Test: Total time: 0:00:27 (0.6495 s / it)
Averaged stats:
Offline DOTA results saved at /workspace/RT-DETR-OBB/outputs/rtdetrv2_obb_hgnetv2_n_dota_1_ss/dota_results/epoch_96.zip
best_stat: {'epoch': 96, 'mAP': 96.0}
Epoch: [97]  [  0/164]  eta: 0:13:45  lr: 0.000020  loss: 8.1105 (8.1105)  loss_focal: 0.2243 (0.2243)  loss_focal_aux_0: 0.2383 (0.2383)  loss_focal_aux_1: 0.2314 (0.2314)  loss_focal_dn_0: 0.0459 (0.0459)  loss_focal_dn_1: 0.0304 (0.0304)  loss_focal_dn_2: 0.0267 (0.0267)  loss_focal_enc_0: 0.2551 (0.2551)  loss_kld: 0.6830 (0.6830)  loss_kld_aux_0: 0.7066 (0.7066)  loss_kld_aux_1: 0.6878 (0.6878)  loss_kld_dn_0: 0.9456 (0.9456)  loss_kld_dn_1: 0.8222 (0.8222)  loss_kld_dn_2: 0.8055 (0.8055)  loss_kld_enc_0: 0.7561 (0.7561)  loss_l1: 0.3222 (0.3222)  loss_l1_aux_0: 0.3357 (0.3357)  loss_l1_aux_1: 0.3235 (0.3235)  loss_l1_dn_0: 0.1201 (0.1201)  loss_l1_dn_1: 0.1017 (0.1017)  loss_l1_dn_2: 0.0984 (0.0984)  loss_l1_enc_0: 0.3500 (0.3500)  time: 5.0316  data: 3.9471  max mem: 56856
Epoch: [97]  [100/164]  eta: 0:01:05  lr: 0.000020  loss: 7.9505 (8.1204)  loss_focal: 0.2135 (0.2238)  loss_focal_aux_0: 0.2294 (0.2362)  loss_focal_aux_1: 0.2238 (0.2299)  loss_focal_dn_0: 0.0568 (0.0566)  loss_focal_dn_1: 0.0344 (0.0354)  loss_focal_dn_2: 0.0298 (0.0313)  loss_focal_enc_0: 0.2531 (0.2627)  loss_kld: 0.6007 (0.6285)  loss_kld_aux_0: 0.6287 (0.6515)  loss_kld_aux_1: 0.6045 (0.6326)  loss_kld_dn_0: 0.8100 (0.8417)  loss_kld_dn_1: 0.6578 (0.7106)  loss_kld_dn_2: 0.6367 (0.6916)  loss_kld_enc_0: 0.6832 (0.7098)  loss_l1: 0.4413 (0.4476)  loss_l1_aux_0: 0.4515 (0.4578)  loss_l1_aux_1: 0.4426 (0.4495)  loss_l1_dn_0: 0.1315 (0.1317)  loss_l1_dn_1: 0.1114 (0.1102)  loss_l1_dn_2: 0.1075 (0.1059)  loss_l1_enc_0: 0.4646 (0.4752)  time: 0.9684  data: 0.0460  max mem: 56856
Epoch: [97]  [163/164]  eta: 0:00:01  lr: 0.000020  loss: 7.7651 (7.9871)  loss_focal: 0.2067 (0.2198)  loss_focal_aux_0: 0.2182 (0.2314)  loss_focal_aux_1: 0.2078 (0.2248)  loss_focal_dn_0: 0.0495 (0.0553)  loss_focal_dn_1: 0.0313 (0.0349)  loss_focal_dn_2: 0.0282 (0.0308)  loss_focal_enc_0: 0.2483 (0.2575)  loss_kld: 0.6311 (0.6200)  loss_kld_aux_0: 0.6523 (0.6435)  loss_kld_aux_1: 0.6321 (0.6240)  loss_kld_dn_0: 0.7975 (0.8313)  loss_kld_dn_1: 0.6880 (0.7031)  loss_kld_dn_2: 0.6779 (0.6845)  loss_kld_enc_0: 0.7095 (0.7018)  loss_l1: 0.3767 (0.4334)  loss_l1_aux_0: 0.4018 (0.4447)  loss_l1_aux_1: 0.3777 (0.4352)  loss_l1_dn_0: 0.1246 (0.1323)  loss_l1_dn_1: 0.1041 (0.1104)  loss_l1_dn_2: 0.1004 (0.1061)  loss_l1_enc_0: 0.4216 (0.4622)  time: 0.9408  data: 0.0431  max mem: 56856
Epoch: [97] Total time: 0:02:44 (1.0051 s / it)
Test:  [ 0/43]  eta: 0:03:02    time: 4.2532  data: 3.7234  max mem: 56856
Test:  [10/43]  eta: 0:00:29    time: 0.8802  data: 0.5572  max mem: 56856
Test:  [20/43]  eta: 0:00:16    time: 0.5618  data: 0.2546  max mem: 56856
Test:  [30/43]  eta: 0:00:08    time: 0.5563  data: 0.2460  max mem: 56856
Test:  [40/43]  eta: 0:00:01    time: 0.5538  data: 0.2473  max mem: 56856
Test:  [42/43]  eta: 0:00:00    time: 0.5346  data: 0.2395  max mem: 56856
Test: Total time: 0:00:27 (0.6380 s / it)
Averaged stats:
Offline DOTA results saved at /workspace/RT-DETR-OBB/outputs/rtdetrv2_obb_hgnetv2_n_dota_1_ss/dota_results/epoch_97.zip
best_stat: {'epoch': 97, 'mAP': 97.0}
Epoch: [98]  [  0/164]  eta: 0:14:24  lr: 0.000020  loss: 7.3988 (7.3988)  loss_focal: 0.2008 (0.2008)  loss_focal_aux_0: 0.2242 (0.2242)  loss_focal_aux_1: 0.2060 (0.2060)  loss_focal_dn_0: 0.0493 (0.0493)  loss_focal_dn_1: 0.0297 (0.0297)  loss_focal_dn_2: 0.0247 (0.0247)  loss_focal_enc_0: 0.2445 (0.2445)  loss_kld: 0.5624 (0.5624)  loss_kld_aux_0: 0.5762 (0.5762)  loss_kld_aux_1: 0.5650 (0.5650)  loss_kld_dn_0: 0.8422 (0.8422)  loss_kld_dn_1: 0.7333 (0.7333)  loss_kld_dn_2: 0.7210 (0.7210)  loss_kld_enc_0: 0.6316 (0.6316)  loss_l1: 0.3552 (0.3552)  loss_l1_aux_0: 0.3691 (0.3691)  loss_l1_aux_1: 0.3569 (0.3569)  loss_l1_dn_0: 0.1228 (0.1228)  loss_l1_dn_1: 0.1008 (0.1008)  loss_l1_dn_2: 0.0972 (0.0972)  loss_l1_enc_0: 0.3859 (0.3859)  time: 5.2741  data: 4.4125  max mem: 56856
Epoch: [98]  [100/164]  eta: 0:01:06  lr: 0.000020  loss: 7.5086 (7.9242)  loss_focal: 0.2263 (0.2189)  loss_focal_aux_0: 0.2339 (0.2302)  loss_focal_aux_1: 0.2283 (0.2228)  loss_focal_dn_0: 0.0511 (0.0529)  loss_focal_dn_1: 0.0332 (0.0336)  loss_focal_dn_2: 0.0300 (0.0299)  loss_focal_enc_0: 0.2600 (0.2531)  loss_kld: 0.5462 (0.6079)  loss_kld_aux_0: 0.5699 (0.6318)  loss_kld_aux_1: 0.5492 (0.6115)  loss_kld_dn_0: 0.7959 (0.8200)  loss_kld_dn_1: 0.6861 (0.6930)  loss_kld_dn_2: 0.6650 (0.6740)  loss_kld_enc_0: 0.6264 (0.6890)  loss_l1: 0.4024 (0.4417)  loss_l1_aux_0: 0.4094 (0.4538)  loss_l1_aux_1: 0.4035 (0.4431)  loss_l1_dn_0: 0.1234 (0.1316)  loss_l1_dn_1: 0.1045 (0.1093)  loss_l1_dn_2: 0.1006 (0.1051)  loss_l1_enc_0: 0.4267 (0.4709)  time: 0.9891  data: 0.0402  max mem: 56856
Epoch: [98]  [163/164]  eta: 0:00:01  lr: 0.000020  loss: 7.7891 (7.9355)  loss_focal: 0.2281 (0.2174)  loss_focal_aux_0: 0.2406 (0.2289)  loss_focal_aux_1: 0.2308 (0.2215)  loss_focal_dn_0: 0.0510 (0.0527)  loss_focal_dn_1: 0.0334 (0.0336)  loss_focal_dn_2: 0.0287 (0.0298)  loss_focal_enc_0: 0.2686 (0.2531)  loss_kld: 0.5443 (0.6109)  loss_kld_aux_0: 0.5852 (0.6350)  loss_kld_aux_1: 0.5489 (0.6146)  loss_kld_dn_0: 0.7940 (0.8145)  loss_kld_dn_1: 0.6635 (0.6894)  loss_kld_dn_2: 0.6429 (0.6710)  loss_kld_enc_0: 0.6407 (0.6917)  loss_l1: 0.4336 (0.4455)  loss_l1_aux_0: 0.4501 (0.4578)  loss_l1_aux_1: 0.4339 (0.4471)  loss_l1_dn_0: 0.1424 (0.1314)  loss_l1_dn_1: 0.1195 (0.1094)  loss_l1_dn_2: 0.1156 (0.1051)  loss_l1_enc_0: 0.4666 (0.4750)  time: 0.9285  data: 0.0439  max mem: 56856
Epoch: [98] Total time: 0:02:48 (1.0247 s / it)
Test:  [ 0/43]  eta: 0:03:05    time: 4.3122  data: 3.7748  max mem: 56856
Test:  [10/43]  eta: 0:00:29    time: 0.8799  data: 0.5524  max mem: 56856
Test:  [20/43]  eta: 0:00:16    time: 0.5407  data: 0.2351  max mem: 56856
Test:  [30/43]  eta: 0:00:08    time: 0.5615  data: 0.2555  max mem: 56856
Test:  [40/43]  eta: 0:00:01    time: 0.5738  data: 0.2693  max mem: 56856
Test:  [42/43]  eta: 0:00:00    time: 0.5517  data: 0.2580  max mem: 56856
Test: Total time: 0:00:27 (0.6462 s / it)
Averaged stats:
Offline DOTA results saved at /workspace/RT-DETR-OBB/outputs/rtdetrv2_obb_hgnetv2_n_dota_1_ss/dota_results/epoch_98.zip
best_stat: {'epoch': 98, 'mAP': 98.0}
Epoch: [99]  [  0/164]  eta: 0:14:06  lr: 0.000020  loss: 8.4790 (8.4790)  loss_focal: 0.1930 (0.1930)  loss_focal_aux_0: 0.2068 (0.2068)  loss_focal_aux_1: 0.1954 (0.1954)  loss_focal_dn_0: 0.0498 (0.0498)  loss_focal_dn_1: 0.0305 (0.0305)  loss_focal_dn_2: 0.0266 (0.0266)  loss_focal_enc_0: 0.2325 (0.2325)  loss_kld: 0.6220 (0.6220)  loss_kld_aux_0: 0.6648 (0.6648)  loss_kld_aux_1: 0.6291 (0.6291)  loss_kld_dn_0: 0.8394 (0.8394)  loss_kld_dn_1: 0.6771 (0.6771)  loss_kld_dn_2: 0.6477 (0.6477)  loss_kld_enc_0: 0.7127 (0.7127)  loss_l1: 0.5812 (0.5812)  loss_l1_aux_0: 0.5930 (0.5930)  loss_l1_aux_1: 0.5837 (0.5837)  loss_l1_dn_0: 0.1511 (0.1511)  loss_l1_dn_1: 0.1202 (0.1202)  loss_l1_dn_2: 0.1140 (0.1140)  loss_l1_enc_0: 0.6082 (0.6082)  time: 5.1632  data: 4.3586  max mem: 56856
Epoch: [99]  [100/164]  eta: 0:01:08  lr: 0.000020  loss: 7.4956 (7.6969)  loss_focal: 0.1789 (0.2067)  loss_focal_aux_0: 0.1882 (0.2182)  loss_focal_aux_1: 0.1794 (0.2111)  loss_focal_dn_0: 0.0520 (0.0509)  loss_focal_dn_1: 0.0315 (0.0325)  loss_focal_dn_2: 0.0274 (0.0289)  loss_focal_enc_0: 0.2132 (0.2418)  loss_kld: 0.5711 (0.5899)  loss_kld_aux_0: 0.5964 (0.6130)  loss_kld_aux_1: 0.5744 (0.5934)  loss_kld_dn_0: 0.8273 (0.8115)  loss_kld_dn_1: 0.6902 (0.6878)  loss_kld_dn_2: 0.6687 (0.6701)  loss_kld_enc_0: 0.6601 (0.6667)  loss_l1: 0.3692 (0.4251)  loss_l1_aux_0: 0.3855 (0.4349)  loss_l1_aux_1: 0.3724 (0.4265)  loss_l1_dn_0: 0.1271 (0.1284)  loss_l1_dn_1: 0.1060 (0.1062)  loss_l1_dn_2: 0.1008 (0.1020)  loss_l1_enc_0: 0.4083 (0.4510)  time: 1.0318  data: 0.0470  max mem: 56856
Epoch: [99]  [163/164]  eta: 0:00:01  lr: 0.000020  loss: 7.4046 (7.7228)  loss_focal: 0.2036 (0.2116)  loss_focal_aux_0: 0.2180 (0.2231)  loss_focal_aux_1: 0.2109 (0.2155)  loss_focal_dn_0: 0.0488 (0.0518)  loss_focal_dn_1: 0.0327 (0.0333)  loss_focal_dn_2: 0.0283 (0.0295)  loss_focal_enc_0: 0.2418 (0.2469)  loss_kld: 0.5503 (0.5873)  loss_kld_aux_0: 0.5722 (0.6107)  loss_kld_aux_1: 0.5549 (0.5908)  loss_kld_dn_0: 0.8092 (0.8074)  loss_kld_dn_1: 0.6800 (0.6833)  loss_kld_dn_2: 0.6542 (0.6649)  loss_kld_enc_0: 0.6263 (0.6653)  loss_l1: 0.3992 (0.4284)  loss_l1_aux_0: 0.4155 (0.4389)  loss_l1_aux_1: 0.4016 (0.4299)  loss_l1_dn_0: 0.1336 (0.1326)  loss_l1_dn_1: 0.1096 (0.1102)  loss_l1_dn_2: 0.1058 (0.1057)  loss_l1_enc_0: 0.4378 (0.4558)  time: 0.9675  data: 0.0427  max mem: 56856
Epoch: [99] Total time: 0:02:49 (1.0323 s / it)
Test:  [ 0/43]  eta: 0:03:33    time: 4.9719  data: 4.4158  max mem: 56856
Test:  [10/43]  eta: 0:00:35    time: 1.0686  data: 0.7325  max mem: 56856
Test:  [20/43]  eta: 0:00:19    time: 0.6550  data: 0.3384  max mem: 56856
Test:  [30/43]  eta: 0:00:10    time: 0.6190  data: 0.2956  max mem: 56856
Test:  [40/43]  eta: 0:00:02    time: 0.5751  data: 0.2551  max mem: 56856
Test:  [42/43]  eta: 0:00:00    time: 0.5380  data: 0.2302  max mem: 56856
Test: Total time: 0:00:30 (0.7083 s / it)
Averaged stats:
Offline DOTA results saved at /workspace/RT-DETR-OBB/outputs/rtdetrv2_obb_hgnetv2_n_dota_1_ss/dota_results/epoch_99.zip
best_stat: {'epoch': 99, 'mAP': 99.0}
Epoch: [100]  [  0/164]  eta: 0:13:35  lr: 0.000020  loss: 7.3189 (7.3189)  loss_focal: 0.2023 (0.2023)  loss_focal_aux_0: 0.2162 (0.2162)  loss_focal_aux_1: 0.2077 (0.2077)  loss_focal_dn_0: 0.0507 (0.0507)  loss_focal_dn_1: 0.0334 (0.0334)  loss_focal_dn_2: 0.0300 (0.0300)  loss_focal_enc_0: 0.2543 (0.2543)  loss_kld: 0.5225 (0.5225)  loss_kld_aux_0: 0.5541 (0.5541)  loss_kld_aux_1: 0.5264 (0.5264)  loss_kld_dn_0: 0.8179 (0.8179)  loss_kld_dn_1: 0.6541 (0.6541)  loss_kld_dn_2: 0.6303 (0.6303)  loss_kld_enc_0: 0.6004 (0.6004)  loss_l1: 0.4118 (0.4118)  loss_l1_aux_0: 0.4171 (0.4171)  loss_l1_aux_1: 0.4132 (0.4132)  loss_l1_dn_0: 0.1326 (0.1326)  loss_l1_dn_1: 0.1087 (0.1087)  loss_l1_dn_2: 0.1053 (0.1053)  loss_l1_enc_0: 0.4298 (0.4298)  time: 4.9707  data: 4.1385  max mem: 56856
Epoch: [100]  [100/164]  eta: 0:01:07  lr: 0.000020  loss: 7.6117 (7.6282)  loss_focal: 0.1812 (0.2024)  loss_focal_aux_0: 0.1953 (0.2126)  loss_focal_aux_1: 0.1828 (0.2057)  loss_focal_dn_0: 0.0489 (0.0498)  loss_focal_dn_1: 0.0307 (0.0323)  loss_focal_dn_2: 0.0264 (0.0283)  loss_focal_enc_0: 0.2173 (0.2373)  loss_kld: 0.5611 (0.5841)  loss_kld_aux_0: 0.5848 (0.6084)  loss_kld_aux_1: 0.5679 (0.5883)  loss_kld_dn_0: 0.8425 (0.8123)  loss_kld_dn_1: 0.7211 (0.6881)  loss_kld_dn_2: 0.7073 (0.6701)  loss_kld_enc_0: 0.6271 (0.6629)  loss_l1: 0.3933 (0.4153)  loss_l1_aux_0: 0.4116 (0.4278)  loss_l1_aux_1: 0.3966 (0.4171)  loss_l1_dn_0: 0.1254 (0.1298)  loss_l1_dn_1: 0.1091 (0.1078)  loss_l1_dn_2: 0.1031 (0.1035)  loss_l1_enc_0: 0.4304 (0.4445)  time: 1.0512  data: 0.0482  max mem: 56856
Epoch: [100]  [163/164]  eta: 0:00:01  lr: 0.000020  loss: 8.1255 (7.6750)  loss_focal: 0.2229 (0.2042)  loss_focal_aux_0: 0.2323 (0.2145)  loss_focal_aux_1: 0.2279 (0.2075)  loss_focal_dn_0: 0.0536 (0.0498)  loss_focal_dn_1: 0.0325 (0.0321)  loss_focal_dn_2: 0.0290 (0.0283)  loss_focal_enc_0: 0.2606 (0.2397)  loss_kld: 0.6383 (0.5856)  loss_kld_aux_0: 0.6607 (0.6105)  loss_kld_aux_1: 0.6411 (0.5898)  loss_kld_dn_0: 0.8227 (0.8081)  loss_kld_dn_1: 0.6885 (0.6852)  loss_kld_dn_2: 0.6700 (0.6675)  loss_kld_enc_0: 0.7133 (0.6655)  loss_l1: 0.4502 (0.4251)  loss_l1_aux_0: 0.4654 (0.4373)  loss_l1_aux_1: 0.4515 (0.4270)  loss_l1_dn_0: 0.1264 (0.1306)  loss_l1_dn_1: 0.1039 (0.1084)  loss_l1_dn_2: 0.0984 (0.1041)  loss_l1_enc_0: 0.4824 (0.4541)  time: 0.9860  data: 0.0484  max mem: 56856
Epoch: [100] Total time: 0:02:48 (1.0264 s / it)
Test:  [ 0/43]  eta: 0:03:04    time: 4.2800  data: 3.7399  max mem: 56856
Test:  [10/43]  eta: 0:00:29    time: 0.8973  data: 0.5711  max mem: 56856
Test:  [20/43]  eta: 0:00:17    time: 0.5727  data: 0.2654  max mem: 56856
Test:  [30/43]  eta: 0:00:08    time: 0.5687  data: 0.2581  max mem: 56856
Test:  [40/43]  eta: 0:00:02    time: 0.5868  data: 0.2792  max mem: 56856
Test:  [42/43]  eta: 0:00:00    time: 0.5761  data: 0.2797  max mem: 56856
Test: Total time: 0:00:28 (0.6617 s / it)
Averaged stats:
Offline DOTA results saved at /workspace/RT-DETR-OBB/outputs/rtdetrv2_obb_hgnetv2_n_dota_1_ss/dota_results/epoch_100.zip
best_stat: {'epoch': 100, 'mAP': 100.0}
Epoch: [101]  [  0/164]  eta: 0:14:44  lr: 0.000020  loss: 6.7211 (6.7211)  loss_focal: 0.1654 (0.1654)  loss_focal_aux_0: 0.1733 (0.1733)  loss_focal_aux_1: 0.1688 (0.1688)  loss_focal_dn_0: 0.0525 (0.0525)  loss_focal_dn_1: 0.0329 (0.0329)  loss_focal_dn_2: 0.0313 (0.0313)  loss_focal_enc_0: 0.2032 (0.2032)  loss_kld: 0.5083 (0.5083)  loss_kld_aux_0: 0.5328 (0.5328)  loss_kld_aux_1: 0.5168 (0.5168)  loss_kld_dn_0: 0.7253 (0.7253)  loss_kld_dn_1: 0.5951 (0.5951)  loss_kld_dn_2: 0.5795 (0.5795)  loss_kld_enc_0: 0.5778 (0.5778)  loss_l1: 0.3846 (0.3846)  loss_l1_aux_0: 0.3887 (0.3887)  loss_l1_aux_1: 0.3871 (0.3871)  loss_l1_dn_0: 0.1177 (0.1177)  loss_l1_dn_1: 0.0924 (0.0924)  loss_l1_dn_2: 0.0879 (0.0879)  loss_l1_enc_0: 0.3996 (0.3996)  time: 5.3954  data: 4.5914  max mem: 56856
Epoch: [101]  [100/164]  eta: 0:01:05  lr: 0.000020  loss: 7.8022 (7.8064)  loss_focal: 0.2040 (0.2110)  loss_focal_aux_0: 0.2243 (0.2209)  loss_focal_aux_1: 0.2158 (0.2154)  loss_focal_dn_0: 0.0509 (0.0510)  loss_focal_dn_1: 0.0334 (0.0328)  loss_focal_dn_2: 0.0295 (0.0294)  loss_focal_enc_0: 0.2599 (0.2448)  loss_kld: 0.5873 (0.6114)  loss_kld_aux_0: 0.6112 (0.6356)  loss_kld_aux_1: 0.5908 (0.6155)  loss_kld_dn_0: 0.8164 (0.8056)  loss_kld_dn_1: 0.6662 (0.6833)  loss_kld_dn_2: 0.6370 (0.6641)  loss_kld_enc_0: 0.6747 (0.6934)  loss_l1: 0.3899 (0.4277)  loss_l1_aux_0: 0.4072 (0.4394)  loss_l1_aux_1: 0.3937 (0.4295)  loss_l1_dn_0: 0.1316 (0.1292)  loss_l1_dn_1: 0.1095 (0.1072)  loss_l1_dn_2: 0.1035 (0.1025)  loss_l1_enc_0: 0.4229 (0.4565)  time: 0.9430  data: 0.0470  max mem: 56856
Epoch: [101]  [163/164]  eta: 0:00:01  lr: 0.000020  loss: 7.5315 (7.8117)  loss_focal: 0.1989 (0.2094)  loss_focal_aux_0: 0.2096 (0.2201)  loss_focal_aux_1: 0.2106 (0.2142)  loss_focal_dn_0: 0.0494 (0.0519)  loss_focal_dn_1: 0.0309 (0.0332)  loss_focal_dn_2: 0.0269 (0.0295)  loss_focal_enc_0: 0.2377 (0.2442)  loss_kld: 0.5497 (0.6131)  loss_kld_aux_0: 0.5695 (0.6365)  loss_kld_aux_1: 0.5562 (0.6172)  loss_kld_dn_0: 0.7812 (0.8112)  loss_kld_dn_1: 0.6523 (0.6875)  loss_kld_dn_2: 0.6340 (0.6693)  loss_kld_enc_0: 0.6198 (0.6928)  loss_l1: 0.3826 (0.4252)  loss_l1_aux_0: 0.3989 (0.4366)  loss_l1_aux_1: 0.3855 (0.4270)  loss_l1_dn_0: 0.1323 (0.1294)  loss_l1_dn_1: 0.1076 (0.1071)  loss_l1_dn_2: 0.1032 (0.1027)  loss_l1_enc_0: 0.4151 (0.4535)  time: 0.9233  data: 0.0447  max mem: 56856
Epoch: [101] Total time: 0:02:44 (1.0033 s / it)
Test:  [ 0/43]  eta: 0:03:39    time: 5.0938  data: 4.5482  max mem: 56856
Test:  [10/43]  eta: 0:00:33    time: 1.0067  data: 0.6764  max mem: 56856
Test:  [20/43]  eta: 0:00:18    time: 0.5940  data: 0.2838  max mem: 56856
Test:  [30/43]  eta: 0:00:09    time: 0.5702  data: 0.2572  max mem: 56856
Test:  [40/43]  eta: 0:00:02    time: 0.5620  data: 0.2500  max mem: 56856
Test:  [42/43]  eta: 0:00:00    time: 0.5485  data: 0.2469  max mem: 56856
Test: Total time: 0:00:29 (0.6774 s / it)
Averaged stats:
Offline DOTA results saved at /workspace/RT-DETR-OBB/outputs/rtdetrv2_obb_hgnetv2_n_dota_1_ss/dota_results/epoch_101.zip
best_stat: {'epoch': 101, 'mAP': 101.0}
Epoch: [102]  [  0/164]  eta: 0:13:52  lr: 0.000020  loss: 6.8619 (6.8619)  loss_focal: 0.1870 (0.1870)  loss_focal_aux_0: 0.1974 (0.1974)  loss_focal_aux_1: 0.1857 (0.1857)  loss_focal_dn_0: 0.0491 (0.0491)  loss_focal_dn_1: 0.0289 (0.0289)  loss_focal_dn_2: 0.0249 (0.0249)  loss_focal_enc_0: 0.2226 (0.2226)  loss_kld: 0.5287 (0.5287)  loss_kld_aux_0: 0.5517 (0.5517)  loss_kld_aux_1: 0.5316 (0.5316)  loss_kld_dn_0: 0.7494 (0.7494)  loss_kld_dn_1: 0.6005 (0.6005)  loss_kld_dn_2: 0.5843 (0.5843)  loss_kld_enc_0: 0.6108 (0.6108)  loss_l1: 0.3722 (0.3722)  loss_l1_aux_0: 0.3842 (0.3842)  loss_l1_aux_1: 0.3739 (0.3739)  loss_l1_dn_0: 0.1082 (0.1082)  loss_l1_dn_1: 0.0889 (0.0889)  loss_l1_dn_2: 0.0855 (0.0855)  loss_l1_enc_0: 0.3965 (0.3965)  time: 5.0767  data: 3.9350  max mem: 56856
Epoch: [102]  [100/164]  eta: 0:01:05  lr: 0.000020  loss: 7.5262 (7.6841)  loss_focal: 0.1752 (0.2052)  loss_focal_aux_0: 0.1822 (0.2155)  loss_focal_aux_1: 0.1771 (0.2087)  loss_focal_dn_0: 0.0549 (0.0511)  loss_focal_dn_1: 0.0295 (0.0321)  loss_focal_dn_2: 0.0270 (0.0285)  loss_focal_enc_0: 0.2111 (0.2389)  loss_kld: 0.5853 (0.5912)  loss_kld_aux_0: 0.6072 (0.6147)  loss_kld_aux_1: 0.5915 (0.5948)  loss_kld_dn_0: 0.8110 (0.8060)  loss_kld_dn_1: 0.6865 (0.6804)  loss_kld_dn_2: 0.6625 (0.6623)  loss_kld_enc_0: 0.6622 (0.6686)  loss_l1: 0.4358 (0.4268)  loss_l1_aux_0: 0.4358 (0.4379)  loss_l1_aux_1: 0.4387 (0.4283)  loss_l1_dn_0: 0.1214 (0.1289)  loss_l1_dn_1: 0.0981 (0.1073)  loss_l1_dn_2: 0.0949 (0.1030)  loss_l1_enc_0: 0.4534 (0.4539)  time: 1.0109  data: 0.0486  max mem: 56856
Epoch: [102]  [163/164]  eta: 0:00:00  lr: 0.000020  loss: 7.4805 (7.6138)  loss_focal: 0.1973 (0.2043)  loss_focal_aux_0: 0.2060 (0.2149)  loss_focal_aux_1: 0.2021 (0.2080)  loss_focal_dn_0: 0.0517 (0.0509)  loss_focal_dn_1: 0.0315 (0.0320)  loss_focal_dn_2: 0.0275 (0.0285)  loss_focal_enc_0: 0.2270 (0.2398)  loss_kld: 0.5224 (0.5813)  loss_kld_aux_0: 0.5417 (0.6049)  loss_kld_aux_1: 0.5266 (0.5850)  loss_kld_dn_0: 0.8247 (0.8025)  loss_kld_dn_1: 0.7052 (0.6771)  loss_kld_dn_2: 0.6853 (0.6594)  loss_kld_enc_0: 0.6022 (0.6590)  loss_l1: 0.4186 (0.4216)  loss_l1_aux_0: 0.4251 (0.4330)  loss_l1_aux_1: 0.4200 (0.4232)  loss_l1_dn_0: 0.1229 (0.1289)  loss_l1_dn_1: 0.1028 (0.1072)  loss_l1_dn_2: 0.0995 (0.1028)  loss_l1_enc_0: 0.4421 (0.4495)  time: 0.9527  data: 0.0470  max mem: 56856
Epoch: [102] Total time: 0:02:42 (0.9919 s / it)
Test:  [ 0/43]  eta: 0:03:03    time: 4.2732  data: 3.7405  max mem: 56856
Test:  [10/43]  eta: 0:00:28    time: 0.8754  data: 0.5530  max mem: 56856
Test:  [20/43]  eta: 0:00:17    time: 0.5733  data: 0.2697  max mem: 56856
Test:  [30/43]  eta: 0:00:09    time: 0.6097  data: 0.3032  max mem: 56856
Test:  [40/43]  eta: 0:00:02    time: 0.6305  data: 0.3256  max mem: 56856
Test:  [42/43]  eta: 0:00:00    time: 0.6121  data: 0.3186  max mem: 56856
Test: Total time: 0:00:29 (0.6788 s / it)
Averaged stats:
Offline DOTA results saved at /workspace/RT-DETR-OBB/outputs/rtdetrv2_obb_hgnetv2_n_dota_1_ss/dota_results/epoch_102.zip
best_stat: {'epoch': 102, 'mAP': 102.0}
Epoch: [103]  [  0/164]  eta: 0:13:13  lr: 0.000020  loss: 6.8239 (6.8239)  loss_focal: 0.1794 (0.1794)  loss_focal_aux_0: 0.1959 (0.1959)  loss_focal_aux_1: 0.1816 (0.1816)  loss_focal_dn_0: 0.0432 (0.0432)  loss_focal_dn_1: 0.0280 (0.0280)  loss_focal_dn_2: 0.0249 (0.0249)  loss_focal_enc_0: 0.2140 (0.2140)  loss_kld: 0.4559 (0.4559)  loss_kld_aux_0: 0.4766 (0.4766)  loss_kld_aux_1: 0.4609 (0.4609)  loss_kld_dn_0: 0.8616 (0.8616)  loss_kld_dn_1: 0.7275 (0.7275)  loss_kld_dn_2: 0.7099 (0.7099)  loss_kld_enc_0: 0.5295 (0.5295)  loss_l1: 0.3321 (0.3321)  loss_l1_aux_0: 0.3378 (0.3378)  loss_l1_aux_1: 0.3338 (0.3338)  loss_l1_dn_0: 0.1451 (0.1451)  loss_l1_dn_1: 0.1175 (0.1175)  loss_l1_dn_2: 0.1142 (0.1142)  loss_l1_enc_0: 0.3545 (0.3545)  time: 4.8382  data: 4.0289  max mem: 56856
Epoch: [103]  [100/164]  eta: 0:01:05  lr: 0.000020  loss: 7.5778 (7.5909)  loss_focal: 0.2026 (0.2039)  loss_focal_aux_0: 0.2144 (0.2156)  loss_focal_aux_1: 0.2090 (0.2088)  loss_focal_dn_0: 0.0495 (0.0476)  loss_focal_dn_1: 0.0323 (0.0314)  loss_focal_dn_2: 0.0300 (0.0279)  loss_focal_enc_0: 0.2365 (0.2400)  loss_kld: 0.5497 (0.5720)  loss_kld_aux_0: 0.5735 (0.5956)  loss_kld_aux_1: 0.5524 (0.5757)  loss_kld_dn_0: 0.8043 (0.7944)  loss_kld_dn_1: 0.6762 (0.6771)  loss_kld_dn_2: 0.6503 (0.6602)  loss_kld_enc_0: 0.6296 (0.6514)  loss_l1: 0.4180 (0.4240)  loss_l1_aux_0: 0.4332 (0.4359)  loss_l1_aux_1: 0.4193 (0.4256)  loss_l1_dn_0: 0.1370 (0.1332)  loss_l1_dn_1: 0.1118 (0.1109)  loss_l1_dn_2: 0.1072 (0.1065)  loss_l1_enc_0: 0.4460 (0.4532)  time: 0.9668  data: 0.0461  max mem: 56856
Epoch: [103]  [163/164]  eta: 0:00:01  lr: 0.000020  loss: 7.2130 (7.5863)  loss_focal: 0.2032 (0.2011)  loss_focal_aux_0: 0.2126 (0.2117)  loss_focal_aux_1: 0.2035 (0.2054)  loss_focal_dn_0: 0.0476 (0.0479)  loss_focal_dn_1: 0.0297 (0.0313)  loss_focal_dn_2: 0.0267 (0.0278)  loss_focal_enc_0: 0.2343 (0.2362)  loss_kld: 0.5019 (0.5789)  loss_kld_aux_0: 0.5256 (0.6030)  loss_kld_aux_1: 0.5092 (0.5825)  loss_kld_dn_0: 0.7849 (0.7944)  loss_kld_dn_1: 0.6664 (0.6763)  loss_kld_dn_2: 0.6468 (0.6594)  loss_kld_enc_0: 0.5704 (0.6586)  loss_l1: 0.3625 (0.4225)  loss_l1_aux_0: 0.3733 (0.4342)  loss_l1_aux_1: 0.3637 (0.4240)  loss_l1_dn_0: 0.1188 (0.1292)  loss_l1_dn_1: 0.0992 (0.1077)  loss_l1_dn_2: 0.0956 (0.1033)  loss_l1_enc_0: 0.3905 (0.4510)  time: 1.0443  data: 0.0443  max mem: 56856
Epoch: [103] Total time: 0:02:47 (1.0234 s / it)
Test:  [ 0/43]  eta: 0:03:41    time: 5.1555  data: 4.5780  max mem: 56856
Test:  [10/43]  eta: 0:00:35    time: 1.0871  data: 0.7359  max mem: 56856
Test:  [20/43]  eta: 0:00:21    time: 0.7020  data: 0.3708  max mem: 56856
Test:  [30/43]  eta: 0:00:10    time: 0.6297  data: 0.2993  max mem: 56856
Test:  [40/43]  eta: 0:00:02    time: 0.5730  data: 0.2453  max mem: 56856
Test:  [42/43]  eta: 0:00:00    time: 0.5571  data: 0.2425  max mem: 56856
Test: Total time: 0:00:31 (0.7343 s / it)
Averaged stats:
Offline DOTA results saved at /workspace/RT-DETR-OBB/outputs/rtdetrv2_obb_hgnetv2_n_dota_1_ss/dota_results/epoch_103.zip
best_stat: {'epoch': 103, 'mAP': 103.0}
Epoch: [104]  [  0/164]  eta: 0:15:20  lr: 0.000020  loss: 7.9318 (7.9318)  loss_focal: 0.1632 (0.1632)  loss_focal_aux_0: 0.1689 (0.1689)  loss_focal_aux_1: 0.1637 (0.1637)  loss_focal_dn_0: 0.0410 (0.0410)  loss_focal_dn_1: 0.0270 (0.0270)  loss_focal_dn_2: 0.0245 (0.0245)  loss_focal_enc_0: 0.2002 (0.2002)  loss_kld: 0.6360 (0.6360)  loss_kld_aux_0: 0.6533 (0.6533)  loss_kld_aux_1: 0.6398 (0.6398)  loss_kld_dn_0: 0.9199 (0.9199)  loss_kld_dn_1: 0.8180 (0.8180)  loss_kld_dn_2: 0.8023 (0.8023)  loss_kld_enc_0: 0.6910 (0.6910)  loss_l1: 0.4098 (0.4098)  loss_l1_aux_0: 0.4115 (0.4115)  loss_l1_aux_1: 0.4112 (0.4112)  loss_l1_dn_0: 0.1236 (0.1236)  loss_l1_dn_1: 0.1043 (0.1043)  loss_l1_dn_2: 0.1002 (0.1002)  loss_l1_enc_0: 0.4223 (0.4223)  time: 5.6128  data: 4.6317  max mem: 56856
Epoch: [104]  [100/164]  eta: 0:01:04  lr: 0.000020  loss: 7.2284 (7.4742)  loss_focal: 0.1949 (0.2057)  loss_focal_aux_0: 0.2072 (0.2154)  loss_focal_aux_1: 0.2047 (0.2091)  loss_focal_dn_0: 0.0456 (0.0487)  loss_focal_dn_1: 0.0312 (0.0316)  loss_focal_dn_2: 0.0280 (0.0283)  loss_focal_enc_0: 0.2385 (0.2414)  loss_kld: 0.4957 (0.5647)  loss_kld_aux_0: 0.5245 (0.5890)  loss_kld_aux_1: 0.5017 (0.5689)  loss_kld_dn_0: 0.7719 (0.7859)  loss_kld_dn_1: 0.6564 (0.6678)  loss_kld_dn_2: 0.6406 (0.6503)  loss_kld_enc_0: 0.5797 (0.6450)  loss_l1: 0.3946 (0.4087)  loss_l1_aux_0: 0.4061 (0.4205)  loss_l1_aux_1: 0.3973 (0.4105)  loss_l1_dn_0: 0.1341 (0.1311)  loss_l1_dn_1: 0.1100 (0.1089)  loss_l1_dn_2: 0.1050 (0.1045)  loss_l1_enc_0: 0.4247 (0.4383)  time: 0.9682  data: 0.0422  max mem: 56856
Epoch: [104]  [163/164]  eta: 0:00:00  lr: 0.000020  loss: 7.0077 (7.5330)  loss_focal: 0.2129 (0.2034)  loss_focal_aux_0: 0.2194 (0.2132)  loss_focal_aux_1: 0.2115 (0.2068)  loss_focal_dn_0: 0.0493 (0.0488)  loss_focal_dn_1: 0.0315 (0.0315)  loss_focal_dn_2: 0.0282 (0.0281)  loss_focal_enc_0: 0.2407 (0.2386)  loss_kld: 0.4778 (0.5711)  loss_kld_aux_0: 0.5075 (0.5949)  loss_kld_aux_1: 0.4854 (0.5751)  loss_kld_dn_0: 0.7750 (0.7880)  loss_kld_dn_1: 0.6601 (0.6684)  loss_kld_dn_2: 0.6306 (0.6510)  loss_kld_enc_0: 0.5678 (0.6497)  loss_l1: 0.3811 (0.4207)  loss_l1_aux_0: 0.3899 (0.4324)  loss_l1_aux_1: 0.3815 (0.4224)  loss_l1_dn_0: 0.1356 (0.1292)  loss_l1_dn_1: 0.1106 (0.1072)  loss_l1_dn_2: 0.1055 (0.1027)  loss_l1_enc_0: 0.4145 (0.4495)  time: 0.9235  data: 0.0443  max mem: 56856
Epoch: [104] Total time: 0:02:43 (0.9984 s / it)
Test:  [ 0/43]  eta: 0:02:59    time: 4.1771  data: 3.6333  max mem: 56856
Test:  [10/43]  eta: 0:00:29    time: 0.9053  data: 0.5774  max mem: 56856
Test:  [20/43]  eta: 0:00:17    time: 0.5715  data: 0.2656  max mem: 56856
Test:  [30/43]  eta: 0:00:09    time: 0.5988  data: 0.2883  max mem: 56856
Test:  [40/43]  eta: 0:00:02    time: 0.6247  data: 0.3113  max mem: 56856
Test:  [42/43]  eta: 0:00:00    time: 0.5793  data: 0.2773  max mem: 56856
Test: Total time: 0:00:29 (0.6755 s / it)
Averaged stats:
Offline DOTA results saved at /workspace/RT-DETR-OBB/outputs/rtdetrv2_obb_hgnetv2_n_dota_1_ss/dota_results/epoch_104.zip
best_stat: {'epoch': 104, 'mAP': 104.0}
Epoch: [105]  [  0/164]  eta: 0:15:23  lr: 0.000020  loss: 7.6090 (7.6090)  loss_focal: 0.1869 (0.1869)  loss_focal_aux_0: 0.1917 (0.1917)  loss_focal_aux_1: 0.1873 (0.1873)  loss_focal_dn_0: 0.0452 (0.0452)  loss_focal_dn_1: 0.0272 (0.0272)  loss_focal_dn_2: 0.0246 (0.0246)  loss_focal_enc_0: 0.2252 (0.2252)  loss_kld: 0.5150 (0.5150)  loss_kld_aux_0: 0.5469 (0.5469)  loss_kld_aux_1: 0.5204 (0.5204)  loss_kld_dn_0: 0.8039 (0.8039)  loss_kld_dn_1: 0.6672 (0.6672)  loss_kld_dn_2: 0.6555 (0.6555)  loss_kld_enc_0: 0.6040 (0.6040)  loss_l1: 0.5178 (0.5178)  loss_l1_aux_0: 0.5298 (0.5298)  loss_l1_aux_1: 0.5191 (0.5191)  loss_l1_dn_0: 0.1126 (0.1126)  loss_l1_dn_1: 0.0925 (0.0925)  loss_l1_dn_2: 0.0885 (0.0885)  loss_l1_enc_0: 0.5478 (0.5478)  time: 5.6333  data: 4.7653  max mem: 56856
Epoch: [105]  [100/164]  eta: 0:01:06  lr: 0.000020  loss: 7.1587 (7.5002)  loss_focal: 0.1819 (0.1984)  loss_focal_aux_0: 0.1959 (0.2096)  loss_focal_aux_1: 0.1824 (0.2023)  loss_focal_dn_0: 0.0474 (0.0480)  loss_focal_dn_1: 0.0292 (0.0311)  loss_focal_dn_2: 0.0259 (0.0278)  loss_focal_enc_0: 0.2280 (0.2366)  loss_kld: 0.5441 (0.5806)  loss_kld_aux_0: 0.5656 (0.6054)  loss_kld_aux_1: 0.5490 (0.5840)  loss_kld_dn_0: 0.7966 (0.7863)  loss_kld_dn_1: 0.6777 (0.6681)  loss_kld_dn_2: 0.6608 (0.6509)  loss_kld_enc_0: 0.6173 (0.6600)  loss_l1: 0.3993 (0.4087)  loss_l1_aux_0: 0.4070 (0.4213)  loss_l1_aux_1: 0.4031 (0.4103)  loss_l1_dn_0: 0.1250 (0.1268)  loss_l1_dn_1: 0.1054 (0.1052)  loss_l1_dn_2: 0.1002 (0.1011)  loss_l1_enc_0: 0.4190 (0.4378)  time: 1.0209  data: 0.0442  max mem: 56856
Epoch: [105]  [163/164]  eta: 0:00:01  lr: 0.000020  loss: 7.9353 (7.6902)  loss_focal: 0.1976 (0.1990)  loss_focal_aux_0: 0.2128 (0.2105)  loss_focal_aux_1: 0.2016 (0.2030)  loss_focal_dn_0: 0.0495 (0.0489)  loss_focal_dn_1: 0.0326 (0.0315)  loss_focal_dn_2: 0.0289 (0.0280)  loss_focal_enc_0: 0.2363 (0.2369)  loss_kld: 0.6063 (0.6027)  loss_kld_aux_0: 0.6289 (0.6275)  loss_kld_aux_1: 0.6112 (0.6062)  loss_kld_dn_0: 0.7921 (0.8029)  loss_kld_dn_1: 0.6605 (0.6839)  loss_kld_dn_2: 0.6330 (0.6666)  loss_kld_enc_0: 0.6904 (0.6826)  loss_l1: 0.4386 (0.4223)  loss_l1_aux_0: 0.4502 (0.4342)  loss_l1_aux_1: 0.4390 (0.4239)  loss_l1_dn_0: 0.1209 (0.1251)  loss_l1_dn_1: 0.1050 (0.1041)  loss_l1_dn_2: 0.0996 (0.1001)  loss_l1_enc_0: 0.4672 (0.4502)  time: 1.0153  data: 0.0477  max mem: 56856
Epoch: [105] Total time: 0:02:51 (1.0434 s / it)
Test:  [ 0/43]  eta: 0:03:08    time: 4.3865  data: 3.8353  max mem: 56856
Test:  [10/43]  eta: 0:00:31    time: 0.9605  data: 0.6349  max mem: 56856
Test:  [20/43]  eta: 0:00:17    time: 0.6000  data: 0.2917  max mem: 56856
Test:  [30/43]  eta: 0:00:09    time: 0.5570  data: 0.2453  max mem: 56856
Test:  [40/43]  eta: 0:00:02    time: 0.5568  data: 0.2487  max mem: 56856
Test:  [42/43]  eta: 0:00:00    time: 0.5460  data: 0.2489  max mem: 56856
Test: Total time: 0:00:28 (0.6610 s / it)
Averaged stats:
Offline DOTA results saved at /workspace/RT-DETR-OBB/outputs/rtdetrv2_obb_hgnetv2_n_dota_1_ss/dota_results/epoch_105.zip
best_stat: {'epoch': 105, 'mAP': 105.0}
Epoch: [106]  [  0/164]  eta: 0:13:14  lr: 0.000020  loss: 7.3900 (7.3900)  loss_focal: 0.1442 (0.1442)  loss_focal_aux_0: 0.1604 (0.1604)  loss_focal_aux_1: 0.1519 (0.1519)  loss_focal_dn_0: 0.0400 (0.0400)  loss_focal_dn_1: 0.0273 (0.0273)  loss_focal_dn_2: 0.0236 (0.0236)  loss_focal_enc_0: 0.1920 (0.1920)  loss_kld: 0.7095 (0.7095)  loss_kld_aux_0: 0.7377 (0.7377)  loss_kld_aux_1: 0.7169 (0.7169)  loss_kld_dn_0: 0.7629 (0.7629)  loss_kld_dn_1: 0.6697 (0.6697)  loss_kld_dn_2: 0.6448 (0.6448)  loss_kld_enc_0: 0.8163 (0.8163)  loss_l1: 0.3227 (0.3227)  loss_l1_aux_0: 0.3309 (0.3309)  loss_l1_aux_1: 0.3227 (0.3227)  loss_l1_dn_0: 0.1007 (0.1007)  loss_l1_dn_1: 0.0867 (0.0867)  loss_l1_dn_2: 0.0806 (0.0806)  loss_l1_enc_0: 0.3483 (0.3483)  time: 4.8470  data: 3.9912  max mem: 56856
Epoch: [106]  [100/164]  eta: 0:01:04  lr: 0.000020  loss: 7.1218 (7.4347)  loss_focal: 0.1915 (0.1997)  loss_focal_aux_0: 0.2055 (0.2115)  loss_focal_aux_1: 0.1957 (0.2042)  loss_focal_dn_0: 0.0484 (0.0470)  loss_focal_dn_1: 0.0303 (0.0306)  loss_focal_dn_2: 0.0261 (0.0271)  loss_focal_enc_0: 0.2303 (0.2360)  loss_kld: 0.4795 (0.5710)  loss_kld_aux_0: 0.5074 (0.5955)  loss_kld_aux_1: 0.4844 (0.5750)  loss_kld_dn_0: 0.7697 (0.7839)  loss_kld_dn_1: 0.6318 (0.6653)  loss_kld_dn_2: 0.6139 (0.6478)  loss_kld_enc_0: 0.5631 (0.6522)  loss_l1: 0.3644 (0.4023)  loss_l1_aux_0: 0.3798 (0.4137)  loss_l1_aux_1: 0.3654 (0.4041)  loss_l1_dn_0: 0.1313 (0.1286)  loss_l1_dn_1: 0.1059 (0.1065)  loss_l1_dn_2: 0.1016 (0.1023)  loss_l1_enc_0: 0.3903 (0.4302)  time: 0.9611  data: 0.0452  max mem: 56856
Epoch: [106]  [163/164]  eta: 0:00:00  lr: 0.000020  loss: 7.3742 (7.4516)  loss_focal: 0.1769 (0.1970)  loss_focal_aux_0: 0.1899 (0.2087)  loss_focal_aux_1: 0.1825 (0.2013)  loss_focal_dn_0: 0.0449 (0.0480)  loss_focal_dn_1: 0.0294 (0.0311)  loss_focal_dn_2: 0.0261 (0.0275)  loss_focal_enc_0: 0.2127 (0.2336)  loss_kld: 0.5570 (0.5731)  loss_kld_aux_0: 0.5791 (0.5971)  loss_kld_aux_1: 0.5606 (0.5769)  loss_kld_dn_0: 0.8216 (0.7900)  loss_kld_dn_1: 0.6802 (0.6691)  loss_kld_dn_2: 0.6490 (0.6514)  loss_kld_enc_0: 0.6296 (0.6521)  loss_l1: 0.3872 (0.4041)  loss_l1_aux_0: 0.3911 (0.4160)  loss_l1_aux_1: 0.3881 (0.4058)  loss_l1_dn_0: 0.1220 (0.1281)  loss_l1_dn_1: 0.1015 (0.1062)  loss_l1_dn_2: 0.0964 (0.1020)  loss_l1_enc_0: 0.4116 (0.4324)  time: 0.9937  data: 0.0481  max mem: 56856
Epoch: [106] Total time: 0:02:42 (0.9881 s / it)
Test:  [ 0/43]  eta: 0:02:59    time: 4.1855  data: 3.6602  max mem: 56856
Test:  [10/43]  eta: 0:00:28    time: 0.8589  data: 0.5378  max mem: 56856
Test:  [20/43]  eta: 0:00:16    time: 0.5502  data: 0.2478  max mem: 56856
Test:  [30/43]  eta: 0:00:08    time: 0.5613  data: 0.2566  max mem: 56856
Test:  [40/43]  eta: 0:00:01    time: 0.5605  data: 0.2570  max mem: 56856
Test:  [42/43]  eta: 0:00:00    time: 0.5404  data: 0.2474  max mem: 56856
Test: Total time: 0:00:27 (0.6340 s / it)
Averaged stats:
Offline DOTA results saved at /workspace/RT-DETR-OBB/outputs/rtdetrv2_obb_hgnetv2_n_dota_1_ss/dota_results/epoch_106.zip
best_stat: {'epoch': 106, 'mAP': 106.0}
Epoch: [107]  [  0/164]  eta: 0:14:18  lr: 0.000020  loss: 6.9239 (6.9239)  loss_focal: 0.1207 (0.1207)  loss_focal_aux_0: 0.1281 (0.1281)  loss_focal_aux_1: 0.1235 (0.1235)  loss_focal_dn_0: 0.0359 (0.0359)  loss_focal_dn_1: 0.0261 (0.0261)  loss_focal_dn_2: 0.0237 (0.0237)  loss_focal_enc_0: 0.1475 (0.1475)  loss_kld: 0.4852 (0.4852)  loss_kld_aux_0: 0.5031 (0.5031)  loss_kld_aux_1: 0.4858 (0.4858)  loss_kld_dn_0: 0.7737 (0.7737)  loss_kld_dn_1: 0.6739 (0.6739)  loss_kld_dn_2: 0.6548 (0.6548)  loss_kld_enc_0: 0.5460 (0.5460)  loss_l1: 0.4752 (0.4752)  loss_l1_aux_0: 0.4855 (0.4855)  loss_l1_aux_1: 0.4752 (0.4752)  loss_l1_dn_0: 0.1008 (0.1008)  loss_l1_dn_1: 0.0835 (0.0835)  loss_l1_dn_2: 0.0801 (0.0801)  loss_l1_enc_0: 0.4957 (0.4957)  time: 5.2361  data: 4.2513  max mem: 56856
Epoch: [107]  [100/164]  eta: 0:01:05  lr: 0.000020  loss: 7.2047 (7.5185)  loss_focal: 0.1823 (0.1979)  loss_focal_aux_0: 0.1930 (0.2093)  loss_focal_aux_1: 0.1881 (0.2023)  loss_focal_dn_0: 0.0460 (0.0481)  loss_focal_dn_1: 0.0291 (0.0311)  loss_focal_dn_2: 0.0261 (0.0276)  loss_focal_enc_0: 0.2164 (0.2352)  loss_kld: 0.5081 (0.5751)  loss_kld_aux_0: 0.5275 (0.6000)  loss_kld_aux_1: 0.5121 (0.5792)  loss_kld_dn_0: 0.7976 (0.7922)  loss_kld_dn_1: 0.6703 (0.6716)  loss_kld_dn_2: 0.6565 (0.6542)  loss_kld_enc_0: 0.5777 (0.6539)  loss_l1: 0.3760 (0.4158)  loss_l1_aux_0: 0.3936 (0.4287)  loss_l1_aux_1: 0.3776 (0.4175)  loss_l1_dn_0: 0.1208 (0.1270)  loss_l1_dn_1: 0.0966 (0.1054)  loss_l1_dn_2: 0.0938 (0.1011)  loss_l1_enc_0: 0.4038 (0.4453)  time: 0.9850  data: 0.0553  max mem: 56856
Epoch: [107]  [163/164]  eta: 0:00:01  lr: 0.000020  loss: 7.4743 (7.5554)  loss_focal: 0.1998 (0.1974)  loss_focal_aux_0: 0.2094 (0.2094)  loss_focal_aux_1: 0.2066 (0.2022)  loss_focal_dn_0: 0.0554 (0.0492)  loss_focal_dn_1: 0.0344 (0.0315)  loss_focal_dn_2: 0.0310 (0.0279)  loss_focal_enc_0: 0.2407 (0.2359)  loss_kld: 0.5710 (0.5811)  loss_kld_aux_0: 0.5995 (0.6059)  loss_kld_aux_1: 0.5732 (0.5850)  loss_kld_dn_0: 0.7763 (0.7973)  loss_kld_dn_1: 0.6351 (0.6762)  loss_kld_dn_2: 0.6224 (0.6586)  loss_kld_enc_0: 0.6469 (0.6601)  loss_l1: 0.4034 (0.4158)  loss_l1_aux_0: 0.4257 (0.4282)  loss_l1_aux_1: 0.4057 (0.4174)  loss_l1_dn_0: 0.1320 (0.1265)  loss_l1_dn_1: 0.1085 (0.1047)  loss_l1_dn_2: 0.1040 (0.1005)  loss_l1_enc_0: 0.4466 (0.4446)  time: 0.9633  data: 0.0413  max mem: 56856
Epoch: [107] Total time: 0:02:46 (1.0157 s / it)
Test:  [ 0/43]  eta: 0:02:59    time: 4.1847  data: 3.6513  max mem: 56856
Test:  [10/43]  eta: 0:00:28    time: 0.8572  data: 0.5360  max mem: 56856
Test:  [20/43]  eta: 0:00:16    time: 0.5441  data: 0.2431  max mem: 56856
Test:  [30/43]  eta: 0:00:08    time: 0.5412  data: 0.2393  max mem: 56856
Test:  [40/43]  eta: 0:00:01    time: 0.5536  data: 0.2527  max mem: 56856
Test:  [42/43]  eta: 0:00:00    time: 0.5387  data: 0.2477  max mem: 56856
Test: Total time: 0:00:26 (0.6273 s / it)
Averaged stats:
Offline DOTA results saved at /workspace/RT-DETR-OBB/outputs/rtdetrv2_obb_hgnetv2_n_dota_1_ss/dota_results/epoch_107.zip
best_stat: {'epoch': 107, 'mAP': 107.0}
Epoch: [108]  [  0/164]  eta: 0:14:21  lr: 0.000020  loss: 10.5993 (10.5993)  loss_focal: 0.3106 (0.3106)  loss_focal_aux_0: 0.2603 (0.2603)  loss_focal_aux_1: 0.2791 (0.2791)  loss_focal_dn_0: 0.1292 (0.1292)  loss_focal_dn_1: 0.0689 (0.0689)  loss_focal_dn_2: 0.0806 (0.0806)  loss_focal_enc_0: 0.2781 (0.2781)  loss_kld: 1.1528 (1.1528)  loss_kld_aux_0: 1.1746 (1.1746)  loss_kld_aux_1: 1.1571 (1.1571)  loss_kld_dn_0: 1.0024 (1.0024)  loss_kld_dn_1: 0.8775 (0.8775)  loss_kld_dn_2: 0.8598 (0.8598)  loss_kld_enc_0: 1.2246 (1.2246)  loss_l1: 0.3645 (0.3645)  loss_l1_aux_0: 0.3797 (0.3797)  loss_l1_aux_1: 0.3645 (0.3645)  loss_l1_dn_0: 0.0946 (0.0946)  loss_l1_dn_1: 0.0766 (0.0766)  loss_l1_dn_2: 0.0733 (0.0733)  loss_l1_enc_0: 0.3905 (0.3905)  time: 5.2529  data: 4.3957  max mem: 56856
Epoch: [108]  [100/164]  eta: 0:01:07  lr: 0.000020  loss: 7.5749 (7.5727)  loss_focal: 0.2002 (0.2056)  loss_focal_aux_0: 0.2128 (0.2174)  loss_focal_aux_1: 0.2062 (0.2109)  loss_focal_dn_0: 0.0474 (0.0499)  loss_focal_dn_1: 0.0289 (0.0317)  loss_focal_dn_2: 0.0260 (0.0286)  loss_focal_enc_0: 0.2312 (0.2405)  loss_kld: 0.5878 (0.5765)  loss_kld_aux_0: 0.6186 (0.6023)  loss_kld_aux_1: 0.5929 (0.5807)  loss_kld_dn_0: 0.7892 (0.8057)  loss_kld_dn_1: 0.6696 (0.6754)  loss_kld_dn_2: 0.6464 (0.6553)  loss_kld_enc_0: 0.6518 (0.6555)  loss_l1: 0.4221 (0.4117)  loss_l1_aux_0: 0.4227 (0.4246)  loss_l1_aux_1: 0.4221 (0.4135)  loss_l1_dn_0: 0.1179 (0.1323)  loss_l1_dn_1: 0.0995 (0.1091)  loss_l1_dn_2: 0.0941 (0.1046)  loss_l1_enc_0: 0.4370 (0.4409)  time: 1.0782  data: 0.0485  max mem: 56856
Epoch: [108]  [163/164]  eta: 0:00:01  lr: 0.000020  loss: 7.4993 (7.5857)  loss_focal: 0.1882 (0.2043)  loss_focal_aux_0: 0.2045 (0.2158)  loss_focal_aux_1: 0.1940 (0.2090)  loss_focal_dn_0: 0.0500 (0.0499)  loss_focal_dn_1: 0.0321 (0.0317)  loss_focal_dn_2: 0.0286 (0.0284)  loss_focal_enc_0: 0.2231 (0.2396)  loss_kld: 0.5472 (0.5775)  loss_kld_aux_0: 0.5798 (0.6027)  loss_kld_aux_1: 0.5536 (0.5816)  loss_kld_dn_0: 0.7567 (0.7979)  loss_kld_dn_1: 0.6434 (0.6727)  loss_kld_dn_2: 0.6302 (0.6534)  loss_kld_enc_0: 0.6341 (0.6557)  loss_l1: 0.4018 (0.4205)  loss_l1_aux_0: 0.4108 (0.4328)  loss_l1_aux_1: 0.4036 (0.4223)  loss_l1_dn_0: 0.1295 (0.1300)  loss_l1_dn_1: 0.1083 (0.1076)  loss_l1_dn_2: 0.1055 (0.1032)  loss_l1_enc_0: 0.4290 (0.4492)  time: 1.0048  data: 0.0472  max mem: 56856
Epoch: [108] Total time: 0:02:50 (1.0369 s / it)
Test:  [ 0/43]  eta: 0:03:24    time: 4.7589  data: 4.1467  max mem: 56856
Test:  [10/43]  eta: 0:00:37    time: 1.1417  data: 0.8000  max mem: 56856
Test:  [20/43]  eta: 0:00:20    time: 0.6964  data: 0.3767  max mem: 56856
Test:  [30/43]  eta: 0:00:10    time: 0.6075  data: 0.2850  max mem: 56856
Test:  [40/43]  eta: 0:00:02    time: 0.5990  data: 0.2798  max mem: 56856
Test:  [42/43]  eta: 0:00:00    time: 0.5712  data: 0.2613  max mem: 56856
Test: Total time: 0:00:31 (0.7399 s / it)
Averaged stats:
Offline DOTA results saved at /workspace/RT-DETR-OBB/outputs/rtdetrv2_obb_hgnetv2_n_dota_1_ss/dota_results/epoch_108.zip
best_stat: {'epoch': 108, 'mAP': 108.0}
Epoch: [109]  [  0/164]  eta: 0:13:41  lr: 0.000020  loss: 6.6010 (6.6010)  loss_focal: 0.1735 (0.1735)  loss_focal_aux_0: 0.1889 (0.1889)  loss_focal_aux_1: 0.1798 (0.1798)  loss_focal_dn_0: 0.0404 (0.0404)  loss_focal_dn_1: 0.0293 (0.0293)  loss_focal_dn_2: 0.0264 (0.0264)  loss_focal_enc_0: 0.2194 (0.2194)  loss_kld: 0.4397 (0.4397)  loss_kld_aux_0: 0.4681 (0.4681)  loss_kld_aux_1: 0.4461 (0.4461)  loss_kld_dn_0: 0.6767 (0.6767)  loss_kld_dn_1: 0.5738 (0.5738)  loss_kld_dn_2: 0.5469 (0.5469)  loss_kld_enc_0: 0.5226 (0.5226)  loss_l1: 0.4176 (0.4176)  loss_l1_aux_0: 0.4248 (0.4248)  loss_l1_aux_1: 0.4195 (0.4195)  loss_l1_dn_0: 0.1371 (0.1371)  loss_l1_dn_1: 0.1156 (0.1156)  loss_l1_dn_2: 0.1085 (0.1085)  loss_l1_enc_0: 0.4463 (0.4463)  time: 5.0063  data: 4.1066  max mem: 56856
Epoch: [109]  [100/164]  eta: 0:01:07  lr: 0.000020  loss: 7.4302 (7.3811)  loss_focal: 0.1822 (0.1893)  loss_focal_aux_0: 0.1946 (0.1996)  loss_focal_aux_1: 0.1856 (0.1935)  loss_focal_dn_0: 0.0448 (0.0464)  loss_focal_dn_1: 0.0284 (0.0299)  loss_focal_dn_2: 0.0259 (0.0266)  loss_focal_enc_0: 0.2100 (0.2241)  loss_kld: 0.5550 (0.5599)  loss_kld_aux_0: 0.5662 (0.5840)  loss_kld_aux_1: 0.5556 (0.5637)  loss_kld_dn_0: 0.7852 (0.7908)  loss_kld_dn_1: 0.6472 (0.6731)  loss_kld_dn_2: 0.6392 (0.6556)  loss_kld_enc_0: 0.6172 (0.6374)  loss_l1: 0.3832 (0.4088)  loss_l1_aux_0: 0.3928 (0.4202)  loss_l1_aux_1: 0.3843 (0.4104)  loss_l1_dn_0: 0.1197 (0.1257)  loss_l1_dn_1: 0.1000 (0.1047)  loss_l1_dn_2: 0.0969 (0.1006)  loss_l1_enc_0: 0.4137 (0.4367)  time: 1.0056  data: 0.0489  max mem: 56856
Epoch: [109]  [163/164]  eta: 0:00:01  lr: 0.000020  loss: 7.3617 (7.4511)  loss_focal: 0.2046 (0.1926)  loss_focal_aux_0: 0.2124 (0.2035)  loss_focal_aux_1: 0.2062 (0.1968)  loss_focal_dn_0: 0.0481 (0.0475)  loss_focal_dn_1: 0.0294 (0.0303)  loss_focal_dn_2: 0.0263 (0.0269)  loss_focal_enc_0: 0.2316 (0.2282)  loss_kld: 0.5452 (0.5720)  loss_kld_aux_0: 0.5791 (0.5959)  loss_kld_aux_1: 0.5487 (0.5758)  loss_kld_dn_0: 0.7967 (0.7957)  loss_kld_dn_1: 0.6884 (0.6770)  loss_kld_dn_2: 0.6745 (0.6598)  loss_kld_enc_0: 0.6303 (0.6491)  loss_l1: 0.4018 (0.4062)  loss_l1_aux_0: 0.4120 (0.4176)  loss_l1_aux_1: 0.4031 (0.4078)  loss_l1_dn_0: 0.1242 (0.1274)  loss_l1_dn_1: 0.1002 (0.1057)  loss_l1_dn_2: 0.0965 (0.1016)  loss_l1_enc_0: 0.4295 (0.4339)  time: 0.9902  data: 0.0508  max mem: 56856
Epoch: [109] Total time: 0:02:49 (1.0339 s / it)
Test:  [ 0/43]  eta: 0:02:54    time: 4.0606  data: 3.5059  max mem: 56856
Test:  [10/43]  eta: 0:00:34    time: 1.0392  data: 0.6977  max mem: 56856
Test:  [20/43]  eta: 0:00:18    time: 0.6427  data: 0.3214  max mem: 56856
Test:  [30/43]  eta: 0:00:09    time: 0.5813  data: 0.2561  max mem: 56856
Test:  [40/43]  eta: 0:00:02    time: 0.5804  data: 0.2564  max mem: 56856
Test:  [42/43]  eta: 0:00:00    time: 0.5699  data: 0.2567  max mem: 56856
Test: Total time: 0:00:29 (0.6903 s / it)
Averaged stats:
Offline DOTA results saved at /workspace/RT-DETR-OBB/outputs/rtdetrv2_obb_hgnetv2_n_dota_1_ss/dota_results/epoch_109.zip
best_stat: {'epoch': 109, 'mAP': 109.0}
Epoch: [110]  [  0/164]  eta: 0:13:57  lr: 0.000020  loss: 7.5892 (7.5892)  loss_focal: 0.1610 (0.1610)  loss_focal_aux_0: 0.1665 (0.1665)  loss_focal_aux_1: 0.1625 (0.1625)  loss_focal_dn_0: 0.0408 (0.0408)  loss_focal_dn_1: 0.0272 (0.0272)  loss_focal_dn_2: 0.0235 (0.0235)  loss_focal_enc_0: 0.1926 (0.1926)  loss_kld: 0.6634 (0.6634)  loss_kld_aux_0: 0.6818 (0.6818)  loss_kld_aux_1: 0.6711 (0.6711)  loss_kld_dn_0: 0.8480 (0.8480)  loss_kld_dn_1: 0.7514 (0.7514)  loss_kld_dn_2: 0.7368 (0.7368)  loss_kld_enc_0: 0.7301 (0.7301)  loss_l1: 0.3518 (0.3518)  loss_l1_aux_0: 0.3574 (0.3574)  loss_l1_aux_1: 0.3561 (0.3561)  loss_l1_dn_0: 0.1140 (0.1140)  loss_l1_dn_1: 0.0936 (0.0936)  loss_l1_dn_2: 0.0889 (0.0889)  loss_l1_enc_0: 0.3706 (0.3706)  time: 5.1085  data: 4.2280  max mem: 56856
Epoch: [110]  [100/164]  eta: 0:01:08  lr: 0.000020  loss: 7.6465 (7.5347)  loss_focal: 0.1994 (0.1951)  loss_focal_aux_0: 0.2156 (0.2079)  loss_focal_aux_1: 0.2077 (0.2002)  loss_focal_dn_0: 0.0478 (0.0499)  loss_focal_dn_1: 0.0302 (0.0318)  loss_focal_dn_2: 0.0273 (0.0279)  loss_focal_enc_0: 0.2293 (0.2330)  loss_kld: 0.5777 (0.5816)  loss_kld_aux_0: 0.5995 (0.6056)  loss_kld_aux_1: 0.5818 (0.5854)  loss_kld_dn_0: 0.7721 (0.8032)  loss_kld_dn_1: 0.6388 (0.6778)  loss_kld_dn_2: 0.6237 (0.6598)  loss_kld_enc_0: 0.6451 (0.6588)  loss_l1: 0.3852 (0.4116)  loss_l1_aux_0: 0.4106 (0.4229)  loss_l1_aux_1: 0.3871 (0.4130)  loss_l1_dn_0: 0.1198 (0.1255)  loss_l1_dn_1: 0.1006 (0.1042)  loss_l1_dn_2: 0.0953 (0.1000)  loss_l1_enc_0: 0.4246 (0.4393)  time: 1.0108  data: 0.0463  max mem: 56856
Epoch: [110]  [163/164]  eta: 0:00:01  lr: 0.000020  loss: 7.2075 (7.5098)  loss_focal: 0.1895 (0.1933)  loss_focal_aux_0: 0.1959 (0.2060)  loss_focal_aux_1: 0.1932 (0.1980)  loss_focal_dn_0: 0.0456 (0.0490)  loss_focal_dn_1: 0.0284 (0.0312)  loss_focal_dn_2: 0.0253 (0.0276)  loss_focal_enc_0: 0.2210 (0.2309)  loss_kld: 0.5252 (0.5819)  loss_kld_aux_0: 0.5466 (0.6056)  loss_kld_aux_1: 0.5287 (0.5856)  loss_kld_dn_0: 0.7549 (0.7945)  loss_kld_dn_1: 0.6548 (0.6715)  loss_kld_dn_2: 0.6352 (0.6539)  loss_kld_enc_0: 0.6087 (0.6584)  loss_l1: 0.3751 (0.4134)  loss_l1_aux_0: 0.3837 (0.4250)  loss_l1_aux_1: 0.3751 (0.4149)  loss_l1_dn_0: 0.1251 (0.1251)  loss_l1_dn_1: 0.0983 (0.1036)  loss_l1_dn_2: 0.0936 (0.0995)  loss_l1_enc_0: 0.3990 (0.4412)  time: 1.0184  data: 0.0514  max mem: 56856
Epoch: [110] Total time: 0:02:50 (1.0391 s / it)
Test:  [ 0/43]  eta: 0:03:17    time: 4.5864  data: 4.0361  max mem: 56856
Test:  [10/43]  eta: 0:00:30    time: 0.9309  data: 0.6027  max mem: 56856
Test:  [20/43]  eta: 0:00:17    time: 0.5636  data: 0.2564  max mem: 56856
Test:  [30/43]  eta: 0:00:08    time: 0.5481  data: 0.2383  max mem: 56856
Test:  [40/43]  eta: 0:00:01    time: 0.5539  data: 0.2460  max mem: 56856
Test:  [42/43]  eta: 0:00:00    time: 0.5492  data: 0.2528  max mem: 56856
Test: Total time: 0:00:28 (0.6540 s / it)
Averaged stats:
Offline DOTA results saved at /workspace/RT-DETR-OBB/outputs/rtdetrv2_obb_hgnetv2_n_dota_1_ss/dota_results/epoch_110.zip
best_stat: {'epoch': 110, 'mAP': 110.0}
Load last_epoch
Load model.state_dict
Load criterion.state_dict
Load postprocessor.state_dict
Load ema.state_dict
Load optimizer.state_dict
Load lr_warmup_scheduler.state_dict
Refresh EMA at epoch 111 with decay 0.9999
Epoch: [111]  [  0/164]  eta: 0:14:53  lr: 0.000020  loss: 7.2975 (7.2975)  loss_focal: 0.1434 (0.1434)  loss_focal_aux_0: 0.1515 (0.1515)  loss_focal_aux_1: 0.1451 (0.1451)  loss_focal_dn_0: 0.0407 (0.0407)  loss_focal_dn_1: 0.0238 (0.0238)  loss_focal_dn_2: 0.0210 (0.0210)  loss_focal_enc_0: 0.1647 (0.1647)  loss_kld: 0.6030 (0.6030)  loss_kld_aux_0: 0.6318 (0.6318)  loss_kld_aux_1: 0.6070 (0.6070)  loss_kld_dn_0: 0.7958 (0.7958)  loss_kld_dn_1: 0.6727 (0.6727)  loss_kld_dn_2: 0.6556 (0.6556)  loss_kld_enc_0: 0.6800 (0.6800)  loss_l1: 0.4122 (0.4122)  loss_l1_aux_0: 0.4234 (0.4234)  loss_l1_aux_1: 0.4142 (0.4142)  loss_l1_dn_0: 0.1036 (0.1036)  loss_l1_dn_1: 0.0858 (0.0858)  loss_l1_dn_2: 0.0822 (0.0822)  loss_l1_enc_0: 0.4399 (0.4399)  time: 5.4453  data: 4.4708  max mem: 56856
Epoch: [111]  [100/164]  eta: 0:01:05  lr: 0.000020  loss: 7.1520 (7.4535)  loss_focal: 0.2040 (0.1920)  loss_focal_aux_0: 0.2146 (0.2017)  loss_focal_aux_1: 0.2142 (0.1957)  loss_focal_dn_0: 0.0461 (0.0466)  loss_focal_dn_1: 0.0299 (0.0304)  loss_focal_dn_2: 0.0271 (0.0270)  loss_focal_enc_0: 0.2421 (0.2277)  loss_kld: 0.5029 (0.5709)  loss_kld_aux_0: 0.5235 (0.5951)  loss_kld_aux_1: 0.5057 (0.5748)  loss_kld_dn_0: 0.7684 (0.7834)  loss_kld_dn_1: 0.6653 (0.6693)  loss_kld_dn_2: 0.6484 (0.6522)  loss_kld_enc_0: 0.5796 (0.6480)  loss_l1: 0.3824 (0.4185)  loss_l1_aux_0: 0.4089 (0.4309)  loss_l1_aux_1: 0.3834 (0.4200)  loss_l1_dn_0: 0.1192 (0.1230)  loss_l1_dn_1: 0.0981 (0.1019)  loss_l1_dn_2: 0.0927 (0.0975)  loss_l1_enc_0: 0.4235 (0.4472)  time: 0.9619  data: 0.0449  max mem: 56856
Epoch: [111]  [163/164]  eta: 0:00:01  lr: 0.000020  loss: 6.9791 (7.5035)  loss_focal: 0.1917 (0.1903)  loss_focal_aux_0: 0.2033 (0.2005)  loss_focal_aux_1: 0.1928 (0.1941)  loss_focal_dn_0: 0.0438 (0.0471)  loss_focal_dn_1: 0.0294 (0.0306)  loss_focal_dn_2: 0.0252 (0.0271)  loss_focal_enc_0: 0.2276 (0.2259)  loss_kld: 0.5410 (0.5821)  loss_kld_aux_0: 0.5612 (0.6067)  loss_kld_aux_1: 0.5403 (0.5860)  loss_kld_dn_0: 0.8170 (0.7931)  loss_kld_dn_1: 0.6915 (0.6766)  loss_kld_dn_2: 0.6694 (0.6597)  loss_kld_enc_0: 0.6207 (0.6596)  loss_l1: 0.3345 (0.4160)  loss_l1_aux_0: 0.3375 (0.4283)  loss_l1_aux_1: 0.3355 (0.4176)  loss_l1_dn_0: 0.1105 (0.1216)  loss_l1_dn_1: 0.0913 (0.1005)  loss_l1_dn_2: 0.0885 (0.0963)  loss_l1_enc_0: 0.3509 (0.4441)  time: 0.9704  data: 0.0448  max mem: 56856
Epoch: [111] Total time: 0:02:46 (1.0180 s / it)
Test:  [ 0/43]  eta: 0:02:57    time: 4.1283  data: 3.5970  max mem: 56856
Test:  [10/43]  eta: 0:00:32    time: 0.9905  data: 0.6421  max mem: 56856
Test:  [20/43]  eta: 0:00:18    time: 0.6267  data: 0.3007  max mem: 56856
Test:  [30/43]  eta: 0:00:09    time: 0.5815  data: 0.2556  max mem: 56856
Test:  [40/43]  eta: 0:00:02    time: 0.6488  data: 0.3240  max mem: 56856
Test:  [42/43]  eta: 0:00:00    time: 0.6145  data: 0.3023  max mem: 56856
Test: Total time: 0:00:30 (0.7137 s / it)
Averaged stats:
Offline DOTA results saved at /workspace/RT-DETR-OBB/outputs/rtdetrv2_obb_hgnetv2_n_dota_1_ss/dota_results/epoch_111.zip
best_stat: {'epoch': 111, 'mAP': 111.0}
Epoch: [112]  [  0/164]  eta: 0:14:03  lr: 0.000020  loss: 6.3545 (6.3545)  loss_focal: 0.2100 (0.2100)  loss_focal_aux_0: 0.2311 (0.2311)  loss_focal_aux_1: 0.2180 (0.2180)  loss_focal_dn_0: 0.0463 (0.0463)  loss_focal_dn_1: 0.0262 (0.0262)  loss_focal_dn_2: 0.0226 (0.0226)  loss_focal_enc_0: 0.2615 (0.2615)  loss_kld: 0.3739 (0.3739)  loss_kld_aux_0: 0.3992 (0.3992)  loss_kld_aux_1: 0.3792 (0.3792)  loss_kld_dn_0: 0.6044 (0.6044)  loss_kld_dn_1: 0.4650 (0.4650)  loss_kld_dn_2: 0.4403 (0.4403)  loss_kld_enc_0: 0.4551 (0.4551)  loss_l1: 0.4433 (0.4433)  loss_l1_aux_0: 0.4593 (0.4593)  loss_l1_aux_1: 0.4462 (0.4462)  loss_l1_dn_0: 0.1572 (0.1572)  loss_l1_dn_1: 0.1220 (0.1220)  loss_l1_dn_2: 0.1154 (0.1154)  loss_l1_enc_0: 0.4784 (0.4784)  time: 5.1404  data: 4.3605  max mem: 56856
Epoch: [112]  [100/164]  eta: 0:01:05  lr: 0.000020  loss: 7.3522 (7.4734)  loss_focal: 0.1993 (0.1920)  loss_focal_aux_0: 0.2179 (0.2036)  loss_focal_aux_1: 0.2033 (0.1960)  loss_focal_dn_0: 0.0452 (0.0467)  loss_focal_dn_1: 0.0293 (0.0299)  loss_focal_dn_2: 0.0266 (0.0265)  loss_focal_enc_0: 0.2383 (0.2293)  loss_kld: 0.5950 (0.5778)  loss_kld_aux_0: 0.6190 (0.6027)  loss_kld_aux_1: 0.5990 (0.5816)  loss_kld_dn_0: 0.7763 (0.7767)  loss_kld_dn_1: 0.6550 (0.6586)  loss_kld_dn_2: 0.6370 (0.6418)  loss_kld_enc_0: 0.6824 (0.6553)  loss_l1: 0.4060 (0.4211)  loss_l1_aux_0: 0.4154 (0.4332)  loss_l1_aux_1: 0.4061 (0.4226)  loss_l1_dn_0: 0.1120 (0.1255)  loss_l1_dn_1: 0.0905 (0.1037)  loss_l1_dn_2: 0.0886 (0.0997)  loss_l1_enc_0: 0.4351 (0.4492)  time: 0.9586  data: 0.0521  max mem: 56856
Epoch: [112]  [163/164]  eta: 0:00:01  lr: 0.000020  loss: 7.0244 (7.3982)  loss_focal: 0.1838 (0.1883)  loss_focal_aux_0: 0.1951 (0.1998)  loss_focal_aux_1: 0.1897 (0.1923)  loss_focal_dn_0: 0.0418 (0.0457)  loss_focal_dn_1: 0.0273 (0.0295)  loss_focal_dn_2: 0.0238 (0.0261)  loss_focal_enc_0: 0.2281 (0.2247)  loss_kld: 0.5444 (0.5677)  loss_kld_aux_0: 0.5610 (0.5923)  loss_kld_aux_1: 0.5463 (0.5715)  loss_kld_dn_0: 0.7452 (0.7833)  loss_kld_dn_1: 0.6346 (0.6663)  loss_kld_dn_2: 0.6173 (0.6496)  loss_kld_enc_0: 0.6181 (0.6448)  loss_l1: 0.3600 (0.4125)  loss_l1_aux_0: 0.3667 (0.4242)  loss_l1_aux_1: 0.3625 (0.4140)  loss_l1_dn_0: 0.1173 (0.1241)  loss_l1_dn_1: 0.0993 (0.1026)  loss_l1_dn_2: 0.0952 (0.0987)  loss_l1_enc_0: 0.3784 (0.4402)  time: 0.9826  data: 0.0465  max mem: 56856
Epoch: [112] Total time: 0:02:45 (1.0078 s / it)
Test:  [ 0/43]  eta: 0:03:08    time: 4.3806  data: 3.8374  max mem: 56856
Test:  [10/43]  eta: 0:00:32    time: 0.9787  data: 0.6494  max mem: 56856
Test:  [20/43]  eta: 0:00:18    time: 0.6318  data: 0.3234  max mem: 56856
Test:  [30/43]  eta: 0:00:10    time: 0.6828  data: 0.3745  max mem: 56856
Test:  [40/43]  eta: 0:00:02    time: 0.7070  data: 0.4020  max mem: 56856
Test:  [42/43]  eta: 0:00:00    time: 0.6800  data: 0.3862  max mem: 56856
Test: Total time: 0:00:32 (0.7563 s / it)
Averaged stats:
Offline DOTA results saved at /workspace/RT-DETR-OBB/outputs/rtdetrv2_obb_hgnetv2_n_dota_1_ss/dota_results/epoch_112.zip
best_stat: {'epoch': 112, 'mAP': 112.0}
Epoch: [113]  [  0/164]  eta: 0:14:31  lr: 0.000020  loss: 8.5364 (8.5364)  loss_focal: 0.1165 (0.1165)  loss_focal_aux_0: 0.1286 (0.1286)  loss_focal_aux_1: 0.1237 (0.1237)  loss_focal_dn_0: 0.0437 (0.0437)  loss_focal_dn_1: 0.0307 (0.0307)  loss_focal_dn_2: 0.0287 (0.0287)  loss_focal_enc_0: 0.1456 (0.1456)  loss_kld: 0.7963 (0.7963)  loss_kld_aux_0: 0.8169 (0.8169)  loss_kld_aux_1: 0.8010 (0.8010)  loss_kld_dn_0: 0.8222 (0.8222)  loss_kld_dn_1: 0.7189 (0.7189)  loss_kld_dn_2: 0.7063 (0.7063)  loss_kld_enc_0: 0.8625 (0.8625)  loss_l1: 0.5124 (0.5124)  loss_l1_aux_0: 0.5244 (0.5244)  loss_l1_aux_1: 0.5152 (0.5152)  loss_l1_dn_0: 0.1154 (0.1154)  loss_l1_dn_1: 0.0985 (0.0985)  loss_l1_dn_2: 0.0933 (0.0933)  loss_l1_enc_0: 0.5358 (0.5358)  time: 5.3140  data: 4.3130  max mem: 56856
Epoch: [113]  [100/164]  eta: 0:01:05  lr: 0.000020  loss: 7.4070 (7.2940)  loss_focal: 0.1826 (0.1817)  loss_focal_aux_0: 0.1913 (0.1929)  loss_focal_aux_1: 0.1868 (0.1853)  loss_focal_dn_0: 0.0439 (0.0454)  loss_focal_dn_1: 0.0294 (0.0297)  loss_focal_dn_2: 0.0252 (0.0263)  loss_focal_enc_0: 0.2090 (0.2172)  loss_kld: 0.5730 (0.5654)  loss_kld_aux_0: 0.5877 (0.5897)  loss_kld_aux_1: 0.5811 (0.5691)  loss_kld_dn_0: 0.7968 (0.7707)  loss_kld_dn_1: 0.6805 (0.6546)  loss_kld_dn_2: 0.6661 (0.6367)  loss_kld_enc_0: 0.6365 (0.6427)  loss_l1: 0.3685 (0.4034)  loss_l1_aux_0: 0.3784 (0.4171)  loss_l1_aux_1: 0.3689 (0.4051)  loss_l1_dn_0: 0.1195 (0.1252)  loss_l1_dn_1: 0.1024 (0.1036)  loss_l1_dn_2: 0.0986 (0.0994)  loss_l1_enc_0: 0.3911 (0.4327)  time: 1.0014  data: 0.0499  max mem: 56856
Epoch: [113]  [163/164]  eta: 0:00:00  lr: 0.000020  loss: 7.7247 (7.3225)  loss_focal: 0.1874 (0.1839)  loss_focal_aux_0: 0.1997 (0.1951)  loss_focal_aux_1: 0.1873 (0.1876)  loss_focal_dn_0: 0.0454 (0.0454)  loss_focal_dn_1: 0.0305 (0.0297)  loss_focal_dn_2: 0.0289 (0.0264)  loss_focal_enc_0: 0.2243 (0.2190)  loss_kld: 0.5906 (0.5658)  loss_kld_aux_0: 0.6156 (0.5899)  loss_kld_aux_1: 0.5962 (0.5695)  loss_kld_dn_0: 0.8099 (0.7741)  loss_kld_dn_1: 0.6765 (0.6595)  loss_kld_dn_2: 0.6564 (0.6419)  loss_kld_enc_0: 0.6789 (0.6429)  loss_l1: 0.3914 (0.4060)  loss_l1_aux_0: 0.4080 (0.4188)  loss_l1_aux_1: 0.3929 (0.4076)  loss_l1_dn_0: 0.1173 (0.1236)  loss_l1_dn_1: 0.0962 (0.1027)  loss_l1_dn_2: 0.0926 (0.0985)  loss_l1_enc_0: 0.4273 (0.4347)  time: 0.9488  data: 0.0482  max mem: 56856
Epoch: [113] Total time: 0:02:43 (0.9986 s / it)
Test:  [ 0/43]  eta: 0:03:21    time: 4.6916  data: 4.1326  max mem: 56856
Test:  [10/43]  eta: 0:00:28    time: 0.8736  data: 0.5500  max mem: 56856
Test:  [20/43]  eta: 0:00:17    time: 0.5437  data: 0.2419  max mem: 56856
Test:  [30/43]  eta: 0:00:08    time: 0.5783  data: 0.2743  max mem: 56856
Test:  [40/43]  eta: 0:00:02    time: 0.5925  data: 0.2910  max mem: 56856
Test:  [42/43]  eta: 0:00:00    time: 0.5718  data: 0.2813  max mem: 56856
Test: Total time: 0:00:28 (0.6586 s / it)
Averaged stats:
Offline DOTA results saved at /workspace/RT-DETR-OBB/outputs/rtdetrv2_obb_hgnetv2_n_dota_1_ss/dota_results/epoch_113.zip
best_stat: {'epoch': 113, 'mAP': 113.0}
Epoch: [114]  [  0/164]  eta: 0:13:56  lr: 0.000020  loss: 7.9198 (7.9198)  loss_focal: 0.2027 (0.2027)  loss_focal_aux_0: 0.2038 (0.2038)  loss_focal_aux_1: 0.2060 (0.2060)  loss_focal_dn_0: 0.0504 (0.0504)  loss_focal_dn_1: 0.0362 (0.0362)  loss_focal_dn_2: 0.0327 (0.0327)  loss_focal_enc_0: 0.2233 (0.2233)  loss_kld: 0.6919 (0.6919)  loss_kld_aux_0: 0.7176 (0.7176)  loss_kld_aux_1: 0.6971 (0.6971)  loss_kld_dn_0: 0.7697 (0.7697)  loss_kld_dn_1: 0.6651 (0.6651)  loss_kld_dn_2: 0.6508 (0.6508)  loss_kld_enc_0: 0.7837 (0.7837)  loss_l1: 0.4168 (0.4168)  loss_l1_aux_0: 0.4255 (0.4255)  loss_l1_aux_1: 0.4172 (0.4172)  loss_l1_dn_0: 0.1098 (0.1098)  loss_l1_dn_1: 0.0922 (0.0922)  loss_l1_dn_2: 0.0894 (0.0894)  loss_l1_enc_0: 0.4379 (0.4379)  time: 5.0984  data: 4.0753  max mem: 56856
Epoch: [114]  [100/164]  eta: 0:01:05  lr: 0.000020  loss: 7.1071 (7.1892)  loss_focal: 0.1846 (0.1860)  loss_focal_aux_0: 0.1903 (0.1963)  loss_focal_aux_1: 0.1874 (0.1900)  loss_focal_dn_0: 0.0454 (0.0450)  loss_focal_dn_1: 0.0296 (0.0293)  loss_focal_dn_2: 0.0262 (0.0259)  loss_focal_enc_0: 0.2060 (0.2210)  loss_kld: 0.5050 (0.5511)  loss_kld_aux_0: 0.5302 (0.5735)  loss_kld_aux_1: 0.5081 (0.5547)  loss_kld_dn_0: 0.7800 (0.7659)  loss_kld_dn_1: 0.6569 (0.6546)  loss_kld_dn_2: 0.6339 (0.6381)  loss_kld_enc_0: 0.5768 (0.6247)  loss_l1: 0.3764 (0.3928)  loss_l1_aux_0: 0.3902 (0.4040)  loss_l1_aux_1: 0.3793 (0.3943)  loss_l1_dn_0: 0.1179 (0.1227)  loss_l1_dn_1: 0.0967 (0.1019)  loss_l1_dn_2: 0.0945 (0.0978)  loss_l1_enc_0: 0.4077 (0.4196)  time: 1.0378  data: 0.0476  max mem: 56856
Epoch: [114]  [163/164]  eta: 0:00:00  lr: 0.000020  loss: 6.6556 (7.1542)  loss_focal: 0.1760 (0.1871)  loss_focal_aux_0: 0.1814 (0.1973)  loss_focal_aux_1: 0.1779 (0.1907)  loss_focal_dn_0: 0.0456 (0.0453)  loss_focal_dn_1: 0.0282 (0.0293)  loss_focal_dn_2: 0.0242 (0.0259)  loss_focal_enc_0: 0.2096 (0.2227)  loss_kld: 0.4816 (0.5450)  loss_kld_aux_0: 0.5082 (0.5675)  loss_kld_aux_1: 0.4835 (0.5487)  loss_kld_dn_0: 0.7107 (0.7664)  loss_kld_dn_1: 0.5765 (0.6524)  loss_kld_dn_2: 0.5571 (0.6361)  loss_kld_enc_0: 0.5699 (0.6190)  loss_l1: 0.3538 (0.3884)  loss_l1_aux_0: 0.3608 (0.3998)  loss_l1_aux_1: 0.3556 (0.3901)  loss_l1_dn_0: 0.1194 (0.1245)  loss_l1_dn_1: 0.0968 (0.1031)  loss_l1_dn_2: 0.0937 (0.0990)  loss_l1_enc_0: 0.3772 (0.4158)  time: 0.9567  data: 0.0456  max mem: 56856
Epoch: [114] Total time: 0:02:43 (0.9949 s / it)
Test:  [ 0/43]  eta: 0:03:03    time: 4.2661  data: 3.7337  max mem: 56856
Test:  [10/43]  eta: 0:00:28    time: 0.8679  data: 0.5435  max mem: 56856
Test:  [20/43]  eta: 0:00:17    time: 0.5662  data: 0.2606  max mem: 56856
Test:  [30/43]  eta: 0:00:09    time: 0.6009  data: 0.2880  max mem: 56856
Test:  [40/43]  eta: 0:00:02    time: 0.6011  data: 0.2920  max mem: 56856
Test:  [42/43]  eta: 0:00:00    time: 0.5780  data: 0.2817  max mem: 56856
Test: Total time: 0:00:28 (0.6612 s / it)
Averaged stats:
Offline DOTA results saved at /workspace/RT-DETR-OBB/outputs/rtdetrv2_obb_hgnetv2_n_dota_1_ss/dota_results/epoch_114.zip
best_stat: {'epoch': 114, 'mAP': 114.0}
Epoch: [115]  [  0/164]  eta: 0:14:25  lr: 0.000020  loss: 6.1188 (6.1188)  loss_focal: 0.1345 (0.1345)  loss_focal_aux_0: 0.1475 (0.1475)  loss_focal_aux_1: 0.1415 (0.1415)  loss_focal_dn_0: 0.0325 (0.0325)  loss_focal_dn_1: 0.0223 (0.0223)  loss_focal_dn_2: 0.0191 (0.0191)  loss_focal_enc_0: 0.1770 (0.1770)  loss_kld: 0.4600 (0.4600)  loss_kld_aux_0: 0.4766 (0.4766)  loss_kld_aux_1: 0.4599 (0.4599)  loss_kld_dn_0: 0.7028 (0.7028)  loss_kld_dn_1: 0.6063 (0.6063)  loss_kld_dn_2: 0.5907 (0.5907)  loss_kld_enc_0: 0.5198 (0.5198)  loss_l1: 0.3306 (0.3306)  loss_l1_aux_0: 0.3367 (0.3367)  loss_l1_aux_1: 0.3318 (0.3318)  loss_l1_dn_0: 0.1089 (0.1089)  loss_l1_dn_1: 0.0884 (0.0884)  loss_l1_dn_2: 0.0837 (0.0837)  loss_l1_enc_0: 0.3482 (0.3482)  time: 5.2763  data: 4.4232  max mem: 56856
Epoch: [115]  [100/164]  eta: 0:01:07  lr: 0.000020  loss: 7.4332 (7.4037)  loss_focal: 0.1691 (0.1830)  loss_focal_aux_0: 0.1783 (0.1932)  loss_focal_aux_1: 0.1716 (0.1871)  loss_focal_dn_0: 0.0483 (0.0458)  loss_focal_dn_1: 0.0291 (0.0296)  loss_focal_dn_2: 0.0260 (0.0260)  loss_focal_enc_0: 0.1995 (0.2171)  loss_kld: 0.6068 (0.5809)  loss_kld_aux_0: 0.6302 (0.6047)  loss_kld_aux_1: 0.6094 (0.5847)  loss_kld_dn_0: 0.8108 (0.7871)  loss_kld_dn_1: 0.6794 (0.6733)  loss_kld_dn_2: 0.6648 (0.6565)  loss_kld_enc_0: 0.6845 (0.6589)  loss_l1: 0.3914 (0.4039)  loss_l1_aux_0: 0.4115 (0.4154)  loss_l1_aux_1: 0.3929 (0.4053)  loss_l1_dn_0: 0.1150 (0.1220)  loss_l1_dn_1: 0.0960 (0.1013)  loss_l1_dn_2: 0.0928 (0.0969)  loss_l1_enc_0: 0.4272 (0.4311)  time: 1.0416  data: 0.0459  max mem: 56856
Epoch: [115]  [163/164]  eta: 0:00:01  lr: 0.000020  loss: 6.8385 (7.3561)  loss_focal: 0.1651 (0.1831)  loss_focal_aux_0: 0.1782 (0.1941)  loss_focal_aux_1: 0.1694 (0.1874)  loss_focal_dn_0: 0.0422 (0.0458)  loss_focal_dn_1: 0.0289 (0.0296)  loss_focal_dn_2: 0.0253 (0.0261)  loss_focal_enc_0: 0.2018 (0.2179)  loss_kld: 0.5289 (0.5704)  loss_kld_aux_0: 0.5530 (0.5943)  loss_kld_aux_1: 0.5315 (0.5744)  loss_kld_dn_0: 0.7832 (0.7841)  loss_kld_dn_1: 0.6605 (0.6693)  loss_kld_dn_2: 0.6488 (0.6523)  loss_kld_enc_0: 0.6073 (0.6478)  loss_l1: 0.3718 (0.4048)  loss_l1_aux_0: 0.3730 (0.4156)  loss_l1_aux_1: 0.3735 (0.4064)  loss_l1_dn_0: 0.1146 (0.1227)  loss_l1_dn_1: 0.0897 (0.1016)  loss_l1_dn_2: 0.0868 (0.0974)  loss_l1_enc_0: 0.3897 (0.4312)  time: 1.0546  data: 0.0480  max mem: 56856
Epoch: [115] Total time: 0:02:49 (1.0335 s / it)
Test:  [ 0/43]  eta: 0:03:42    time: 5.1669  data: 4.6132  max mem: 56856
Test:  [10/43]  eta: 0:00:32    time: 0.9766  data: 0.6479  max mem: 56856
Test:  [20/43]  eta: 0:00:18    time: 0.5670  data: 0.2619  max mem: 56856
Test:  [30/43]  eta: 0:00:09    time: 0.5546  data: 0.2490  max mem: 56856
Test:  [40/43]  eta: 0:00:02    time: 0.5560  data: 0.2525  max mem: 56856
Test:  [42/43]  eta: 0:00:00    time: 0.5373  data: 0.2447  max mem: 56856
Test: Total time: 0:00:28 (0.6635 s / it)
Averaged stats:
Offline DOTA results saved at /workspace/RT-DETR-OBB/outputs/rtdetrv2_obb_hgnetv2_n_dota_1_ss/dota_results/epoch_115.zip
best_stat: {'epoch': 115, 'mAP': 115.0}
Epoch: [116]  [  0/164]  eta: 0:15:27  lr: 0.000020  loss: 8.3061 (8.3061)  loss_focal: 0.2294 (0.2294)  loss_focal_aux_0: 0.2467 (0.2467)  loss_focal_aux_1: 0.2280 (0.2280)  loss_focal_dn_0: 0.0577 (0.0577)  loss_focal_dn_1: 0.0365 (0.0365)  loss_focal_dn_2: 0.0314 (0.0314)  loss_focal_enc_0: 0.2821 (0.2821)  loss_kld: 0.5805 (0.5805)  loss_kld_aux_0: 0.6103 (0.6103)  loss_kld_aux_1: 0.5866 (0.5866)  loss_kld_dn_0: 0.9444 (0.9444)  loss_kld_dn_1: 0.8069 (0.8069)  loss_kld_dn_2: 0.7887 (0.7887)  loss_kld_enc_0: 0.6719 (0.6719)  loss_l1: 0.4498 (0.4498)  loss_l1_aux_0: 0.4587 (0.4587)  loss_l1_aux_1: 0.4514 (0.4514)  loss_l1_dn_0: 0.1400 (0.1400)  loss_l1_dn_1: 0.1160 (0.1160)  loss_l1_dn_2: 0.1114 (0.1114)  loss_l1_enc_0: 0.4777 (0.4777)  time: 5.6537  data: 4.8601  max mem: 56856
Epoch: [116]  [100/164]  eta: 0:01:07  lr: 0.000020  loss: 7.7305 (7.4809)  loss_focal: 0.1993 (0.1873)  loss_focal_aux_0: 0.2123 (0.2000)  loss_focal_aux_1: 0.2064 (0.1932)  loss_focal_dn_0: 0.0514 (0.0479)  loss_focal_dn_1: 0.0321 (0.0305)  loss_focal_dn_2: 0.0287 (0.0270)  loss_focal_enc_0: 0.2378 (0.2269)  loss_kld: 0.5620 (0.5789)  loss_kld_aux_0: 0.5983 (0.6020)  loss_kld_aux_1: 0.5666 (0.5831)  loss_kld_dn_0: 0.7808 (0.7982)  loss_kld_dn_1: 0.6462 (0.6724)  loss_kld_dn_2: 0.6347 (0.6539)  loss_kld_enc_0: 0.6465 (0.6571)  loss_l1: 0.4114 (0.4082)  loss_l1_aux_0: 0.4177 (0.4203)  loss_l1_aux_1: 0.4139 (0.4101)  loss_l1_dn_0: 0.1337 (0.1324)  loss_l1_dn_1: 0.1136 (0.1095)  loss_l1_dn_2: 0.1076 (0.1048)  loss_l1_enc_0: 0.4375 (0.4372)  time: 0.9875  data: 0.0509  max mem: 56856
Epoch: [116]  [163/164]  eta: 0:00:01  lr: 0.000020  loss: 7.5967 (7.4731)  loss_focal: 0.1935 (0.1904)  loss_focal_aux_0: 0.2045 (0.2028)  loss_focal_aux_1: 0.1951 (0.1954)  loss_focal_dn_0: 0.0488 (0.0481)  loss_focal_dn_1: 0.0311 (0.0306)  loss_focal_dn_2: 0.0289 (0.0270)  loss_focal_enc_0: 0.2288 (0.2290)  loss_kld: 0.5380 (0.5724)  loss_kld_aux_0: 0.5600 (0.5967)  loss_kld_aux_1: 0.5427 (0.5767)  loss_kld_dn_0: 0.7916 (0.7932)  loss_kld_dn_1: 0.6513 (0.6672)  loss_kld_dn_2: 0.6386 (0.6487)  loss_kld_enc_0: 0.6183 (0.6519)  loss_l1: 0.4237 (0.4145)  loss_l1_aux_0: 0.4321 (0.4265)  loss_l1_aux_1: 0.4254 (0.4164)  loss_l1_dn_0: 0.1285 (0.1308)  loss_l1_dn_1: 0.1065 (0.1080)  loss_l1_dn_2: 0.0998 (0.1035)  loss_l1_enc_0: 0.4456 (0.4434)  time: 0.9433  data: 0.0467  max mem: 56856
Epoch: [116] Total time: 0:02:47 (1.0226 s / it)
Test:  [ 0/43]  eta: 0:03:08    time: 4.3810  data: 3.8510  max mem: 56856
Test:  [10/43]  eta: 0:00:28    time: 0.8705  data: 0.5451  max mem: 56856
Test:  [20/43]  eta: 0:00:16    time: 0.5552  data: 0.2458  max mem: 56856
Test:  [30/43]  eta: 0:00:09    time: 0.5992  data: 0.2853  max mem: 56856
Test:  [40/43]  eta: 0:00:02    time: 0.5992  data: 0.2885  max mem: 56856
Test:  [42/43]  eta: 0:00:00    time: 0.5814  data: 0.2824  max mem: 56856
Test: Total time: 0:00:28 (0.6648 s / it)
Averaged stats:
Offline DOTA results saved at /workspace/RT-DETR-OBB/outputs/rtdetrv2_obb_hgnetv2_n_dota_1_ss/dota_results/epoch_116.zip
best_stat: {'epoch': 116, 'mAP': 116.0}
Epoch: [117]  [  0/164]  eta: 0:14:28  lr: 0.000020  loss: 8.3733 (8.3733)  loss_focal: 0.1870 (0.1870)  loss_focal_aux_0: 0.1980 (0.1980)  loss_focal_aux_1: 0.1853 (0.1853)  loss_focal_dn_0: 0.0516 (0.0516)  loss_focal_dn_1: 0.0351 (0.0351)  loss_focal_dn_2: 0.0358 (0.0358)  loss_focal_enc_0: 0.2182 (0.2182)  loss_kld: 0.7501 (0.7501)  loss_kld_aux_0: 0.7735 (0.7735)  loss_kld_aux_1: 0.7534 (0.7534)  loss_kld_dn_0: 0.8956 (0.8956)  loss_kld_dn_1: 0.7766 (0.7766)  loss_kld_dn_2: 0.7658 (0.7658)  loss_kld_enc_0: 0.8463 (0.8463)  loss_l1: 0.3917 (0.3917)  loss_l1_aux_0: 0.4044 (0.4044)  loss_l1_aux_1: 0.3934 (0.3934)  loss_l1_dn_0: 0.1096 (0.1096)  loss_l1_dn_1: 0.0908 (0.0908)  loss_l1_dn_2: 0.0862 (0.0862)  loss_l1_enc_0: 0.4249 (0.4249)  time: 5.2980  data: 4.3774  max mem: 56856
Epoch: [117]  [100/164]  eta: 0:01:05  lr: 0.000020  loss: 7.1382 (7.4221)  loss_focal: 0.1828 (0.1841)  loss_focal_aux_0: 0.1978 (0.1949)  loss_focal_aux_1: 0.1872 (0.1880)  loss_focal_dn_0: 0.0448 (0.0471)  loss_focal_dn_1: 0.0289 (0.0295)  loss_focal_dn_2: 0.0248 (0.0264)  loss_focal_enc_0: 0.2293 (0.2198)  loss_kld: 0.5386 (0.5734)  loss_kld_aux_0: 0.5688 (0.5974)  loss_kld_aux_1: 0.5461 (0.5778)  loss_kld_dn_0: 0.7786 (0.7805)  loss_kld_dn_1: 0.6555 (0.6576)  loss_kld_dn_2: 0.6388 (0.6413)  loss_kld_enc_0: 0.6230 (0.6507)  loss_l1: 0.3803 (0.4218)  loss_l1_aux_0: 0.3929 (0.4337)  loss_l1_aux_1: 0.3813 (0.4235)  loss_l1_dn_0: 0.1310 (0.1243)  loss_l1_dn_1: 0.1075 (0.1026)  loss_l1_dn_2: 0.1029 (0.0983)  loss_l1_enc_0: 0.4045 (0.4493)  time: 0.9468  data: 0.0474  max mem: 56856
Epoch: [117]  [163/164]  eta: 0:00:00  lr: 0.000020  loss: 7.0697 (7.4210)  loss_focal: 0.1901 (0.1868)  loss_focal_aux_0: 0.2084 (0.1982)  loss_focal_aux_1: 0.1991 (0.1910)  loss_focal_dn_0: 0.0493 (0.0470)  loss_focal_dn_1: 0.0328 (0.0298)  loss_focal_dn_2: 0.0281 (0.0265)  loss_focal_enc_0: 0.2255 (0.2231)  loss_kld: 0.5187 (0.5766)  loss_kld_aux_0: 0.5424 (0.6007)  loss_kld_aux_1: 0.5249 (0.5806)  loss_kld_dn_0: 0.7499 (0.7795)  loss_kld_dn_1: 0.6247 (0.6578)  loss_kld_dn_2: 0.6088 (0.6414)  loss_kld_enc_0: 0.5986 (0.6533)  loss_l1: 0.4161 (0.4155)  loss_l1_aux_0: 0.4250 (0.4275)  loss_l1_aux_1: 0.4174 (0.4172)  loss_l1_dn_0: 0.1215 (0.1242)  loss_l1_dn_1: 0.0988 (0.1026)  loss_l1_dn_2: 0.0971 (0.0984)  loss_l1_enc_0: 0.4384 (0.4433)  time: 0.9398  data: 0.0463  max mem: 56856
Epoch: [117] Total time: 0:02:43 (0.9964 s / it)
Test:  [ 0/43]  eta: 0:03:14    time: 4.5257  data: 3.9817  max mem: 56856
Test:  [10/43]  eta: 0:00:31    time: 0.9430  data: 0.6193  max mem: 56856
Test:  [20/43]  eta: 0:00:17    time: 0.5834  data: 0.2805  max mem: 56856
Test:  [30/43]  eta: 0:00:08    time: 0.5528  data: 0.2489  max mem: 56856
Test:  [40/43]  eta: 0:00:02    time: 0.5628  data: 0.2616  max mem: 56856
Test:  [42/43]  eta: 0:00:00    time: 0.5519  data: 0.2612  max mem: 56856
Test: Total time: 0:00:28 (0.6568 s / it)
Averaged stats:
Offline DOTA results saved at /workspace/RT-DETR-OBB/outputs/rtdetrv2_obb_hgnetv2_n_dota_1_ss/dota_results/epoch_117.zip
best_stat: {'epoch': 117, 'mAP': 117.0}
Epoch: [118]  [  0/164]  eta: 0:15:00  lr: 0.000020  loss: 6.4421 (6.4421)  loss_focal: 0.1976 (0.1976)  loss_focal_aux_0: 0.2089 (0.2089)  loss_focal_aux_1: 0.2049 (0.2049)  loss_focal_dn_0: 0.0414 (0.0414)  loss_focal_dn_1: 0.0278 (0.0278)  loss_focal_dn_2: 0.0238 (0.0238)  loss_focal_enc_0: 0.2436 (0.2436)  loss_kld: 0.3793 (0.3793)  loss_kld_aux_0: 0.4040 (0.4040)  loss_kld_aux_1: 0.3826 (0.3826)  loss_kld_dn_0: 0.7081 (0.7081)  loss_kld_dn_1: 0.6008 (0.6008)  loss_kld_dn_2: 0.5822 (0.5822)  loss_kld_enc_0: 0.4498 (0.4498)  loss_l1: 0.3690 (0.3690)  loss_l1_aux_0: 0.3846 (0.3846)  loss_l1_aux_1: 0.3693 (0.3693)  loss_l1_dn_0: 0.1748 (0.1748)  loss_l1_dn_1: 0.1453 (0.1453)  loss_l1_dn_2: 0.1390 (0.1390)  loss_l1_enc_0: 0.4053 (0.4053)  time: 5.4899  data: 4.6951  max mem: 56856
Epoch: [118]  [100/164]  eta: 0:01:06  lr: 0.000020  loss: 7.2265 (7.5561)  loss_focal: 0.2048 (0.1884)  loss_focal_aux_0: 0.2194 (0.2015)  loss_focal_aux_1: 0.2082 (0.1933)  loss_focal_dn_0: 0.0472 (0.0466)  loss_focal_dn_1: 0.0298 (0.0297)  loss_focal_dn_2: 0.0265 (0.0261)  loss_focal_enc_0: 0.2558 (0.2254)  loss_kld: 0.5661 (0.5839)  loss_kld_aux_0: 0.5879 (0.6098)  loss_kld_aux_1: 0.5674 (0.5877)  loss_kld_dn_0: 0.7539 (0.7801)  loss_kld_dn_1: 0.6263 (0.6620)  loss_kld_dn_2: 0.6080 (0.6453)  loss_kld_enc_0: 0.6371 (0.6634)  loss_l1: 0.3894 (0.4372)  loss_l1_aux_0: 0.4015 (0.4486)  loss_l1_aux_1: 0.3891 (0.4387)  loss_l1_dn_0: 0.1258 (0.1235)  loss_l1_dn_1: 0.1061 (0.1019)  loss_l1_dn_2: 0.0990 (0.0978)  loss_l1_enc_0: 0.4222 (0.4653)  time: 0.9511  data: 0.0489  max mem: 56856
Epoch: [118]  [163/164]  eta: 0:00:01  lr: 0.000020  loss: 7.1587 (7.4046)  loss_focal: 0.1780 (0.1864)  loss_focal_aux_0: 0.1851 (0.1985)  loss_focal_aux_1: 0.1781 (0.1906)  loss_focal_dn_0: 0.0449 (0.0463)  loss_focal_dn_1: 0.0280 (0.0295)  loss_focal_dn_2: 0.0253 (0.0260)  loss_focal_enc_0: 0.2130 (0.2235)  loss_kld: 0.4697 (0.5639)  loss_kld_aux_0: 0.4874 (0.5892)  loss_kld_aux_1: 0.4705 (0.5677)  loss_kld_dn_0: 0.7836 (0.7792)  loss_kld_dn_1: 0.6489 (0.6588)  loss_kld_dn_2: 0.6230 (0.6418)  loss_kld_enc_0: 0.5340 (0.6408)  loss_l1: 0.4080 (0.4236)  loss_l1_aux_0: 0.4160 (0.4352)  loss_l1_aux_1: 0.4111 (0.4252)  loss_l1_dn_0: 0.1174 (0.1251)  loss_l1_dn_1: 0.0983 (0.1030)  loss_l1_dn_2: 0.0951 (0.0989)  loss_l1_enc_0: 0.4327 (0.4515)  time: 0.9821  data: 0.0479  max mem: 56856
Epoch: [118] Total time: 0:02:47 (1.0186 s / it)
Test:  [ 0/43]  eta: 0:03:02    time: 4.2391  data: 3.7061  max mem: 56856
Test:  [10/43]  eta: 0:00:29    time: 0.8808  data: 0.5524  max mem: 56856
Test:  [20/43]  eta: 0:00:16    time: 0.5553  data: 0.2423  max mem: 56856
Test:  [30/43]  eta: 0:00:08    time: 0.5652  data: 0.2488  max mem: 56856
Test:  [40/43]  eta: 0:00:02    time: 0.6292  data: 0.3177  max mem: 56856
Test:  [42/43]  eta: 0:00:00    time: 0.6084  data: 0.3082  max mem: 56856
Test: Total time: 0:00:28 (0.6709 s / it)
Averaged stats:
Offline DOTA results saved at /workspace/RT-DETR-OBB/outputs/rtdetrv2_obb_hgnetv2_n_dota_1_ss/dota_results/epoch_118.zip
best_stat: {'epoch': 118, 'mAP': 118.0}
Epoch: [119]  [  0/164]  eta: 0:16:04  lr: 0.000020  loss: 7.0873 (7.0873)  loss_focal: 0.1325 (0.1325)  loss_focal_aux_0: 0.1438 (0.1438)  loss_focal_aux_1: 0.1362 (0.1362)  loss_focal_dn_0: 0.0358 (0.0358)  loss_focal_dn_1: 0.0204 (0.0204)  loss_focal_dn_2: 0.0186 (0.0186)  loss_focal_enc_0: 0.1538 (0.1538)  loss_kld: 0.6163 (0.6163)  loss_kld_aux_0: 0.6251 (0.6251)  loss_kld_aux_1: 0.6178 (0.6178)  loss_kld_dn_0: 0.9227 (0.9227)  loss_kld_dn_1: 0.8167 (0.8167)  loss_kld_dn_2: 0.8036 (0.8036)  loss_kld_enc_0: 0.6751 (0.6751)  loss_l1: 0.2756 (0.2756)  loss_l1_aux_0: 0.2817 (0.2817)  loss_l1_aux_1: 0.2767 (0.2767)  loss_l1_dn_0: 0.0922 (0.0922)  loss_l1_dn_1: 0.0755 (0.0755)  loss_l1_dn_2: 0.0730 (0.0730)  loss_l1_enc_0: 0.2940 (0.2940)  time: 5.8815  data: 3.9095  max mem: 56856
Epoch: [119]  [100/164]  eta: 0:01:05  lr: 0.000020  loss: 7.0965 (7.4379)  loss_focal: 0.1636 (0.1866)  loss_focal_aux_0: 0.1777 (0.1982)  loss_focal_aux_1: 0.1691 (0.1908)  loss_focal_dn_0: 0.0399 (0.0475)  loss_focal_dn_1: 0.0275 (0.0299)  loss_focal_dn_2: 0.0227 (0.0264)  loss_focal_enc_0: 0.2021 (0.2233)  loss_kld: 0.5315 (0.5755)  loss_kld_aux_0: 0.5562 (0.5987)  loss_kld_aux_1: 0.5353 (0.5794)  loss_kld_dn_0: 0.7749 (0.7865)  loss_kld_dn_1: 0.6545 (0.6641)  loss_kld_dn_2: 0.6408 (0.6467)  loss_kld_enc_0: 0.6006 (0.6512)  loss_l1: 0.3596 (0.4165)  loss_l1_aux_0: 0.3680 (0.4273)  loss_l1_aux_1: 0.3605 (0.4180)  loss_l1_dn_0: 0.1166 (0.1259)  loss_l1_dn_1: 0.0970 (0.1034)  loss_l1_dn_2: 0.0927 (0.0992)  loss_l1_enc_0: 0.3834 (0.4430)  time: 0.9921  data: 0.0444  max mem: 56856
Epoch: [119]  [163/164]  eta: 0:00:00  lr: 0.000020  loss: 7.1660 (7.3832)  loss_focal: 0.1682 (0.1874)  loss_focal_aux_0: 0.1821 (0.1990)  loss_focal_aux_1: 0.1749 (0.1915)  loss_focal_dn_0: 0.0463 (0.0473)  loss_focal_dn_1: 0.0293 (0.0300)  loss_focal_dn_2: 0.0261 (0.0265)  loss_focal_enc_0: 0.2068 (0.2244)  loss_kld: 0.5322 (0.5660)  loss_kld_aux_0: 0.5530 (0.5895)  loss_kld_aux_1: 0.5366 (0.5698)  loss_kld_dn_0: 0.7741 (0.7764)  loss_kld_dn_1: 0.6425 (0.6568)  loss_kld_dn_2: 0.6223 (0.6401)  loss_kld_enc_0: 0.6004 (0.6419)  loss_l1: 0.3910 (0.4180)  loss_l1_aux_0: 0.3952 (0.4288)  loss_l1_aux_1: 0.3939 (0.4195)  loss_l1_dn_0: 0.1252 (0.1246)  loss_l1_dn_1: 0.1038 (0.1025)  loss_l1_dn_2: 0.1011 (0.0983)  loss_l1_enc_0: 0.4084 (0.4447)  time: 0.9456  data: 0.0498  max mem: 56856
Epoch: [119] Total time: 0:02:43 (0.9949 s / it)
Test:  [ 0/43]  eta: 0:03:06    time: 4.3309  data: 3.7970  max mem: 56856
Test:  [10/43]  eta: 0:00:29    time: 0.9002  data: 0.5789  max mem: 56856
Test:  [20/43]  eta: 0:00:17    time: 0.5836  data: 0.2818  max mem: 56856
Test:  [30/43]  eta: 0:00:08    time: 0.5661  data: 0.2628  max mem: 56856
Test:  [40/43]  eta: 0:00:01    time: 0.5593  data: 0.2583  max mem: 56856
Test:  [42/43]  eta: 0:00:00    time: 0.5485  data: 0.2579  max mem: 56856
Test: Total time: 0:00:28 (0.6529 s / it)
Averaged stats:
Offline DOTA results saved at /workspace/RT-DETR-OBB/outputs/rtdetrv2_obb_hgnetv2_n_dota_1_ss/dota_results/epoch_119.zip
best_stat: {'epoch': 119, 'mAP': 119.0}
Epoch: [120]  [  0/164]  eta: 0:15:24  lr: 0.000020  loss: 7.4284 (7.4284)  loss_focal: 0.1686 (0.1686)  loss_focal_aux_0: 0.1737 (0.1737)  loss_focal_aux_1: 0.1693 (0.1693)  loss_focal_dn_0: 0.0395 (0.0395)  loss_focal_dn_1: 0.0261 (0.0261)  loss_focal_dn_2: 0.0218 (0.0218)  loss_focal_enc_0: 0.2055 (0.2055)  loss_kld: 0.6299 (0.6299)  loss_kld_aux_0: 0.6540 (0.6540)  loss_kld_aux_1: 0.6338 (0.6338)  loss_kld_dn_0: 0.8251 (0.8251)  loss_kld_dn_1: 0.7318 (0.7318)  loss_kld_dn_2: 0.7171 (0.7171)  loss_kld_enc_0: 0.7180 (0.7180)  loss_l1: 0.3544 (0.3544)  loss_l1_aux_0: 0.3638 (0.3638)  loss_l1_aux_1: 0.3557 (0.3557)  loss_l1_dn_0: 0.0978 (0.0978)  loss_l1_dn_1: 0.0836 (0.0836)  loss_l1_dn_2: 0.0792 (0.0792)  loss_l1_enc_0: 0.3799 (0.3799)  time: 5.6387  data: 4.3519  max mem: 56856
Epoch: [120]  [100/164]  eta: 0:01:05  lr: 0.000020  loss: 7.1395 (7.3931)  loss_focal: 0.1890 (0.1896)  loss_focal_aux_0: 0.1991 (0.2005)  loss_focal_aux_1: 0.1919 (0.1934)  loss_focal_dn_0: 0.0461 (0.0473)  loss_focal_dn_1: 0.0304 (0.0298)  loss_focal_dn_2: 0.0267 (0.0266)  loss_focal_enc_0: 0.2317 (0.2276)  loss_kld: 0.5340 (0.5716)  loss_kld_aux_0: 0.5542 (0.5974)  loss_kld_aux_1: 0.5357 (0.5761)  loss_kld_dn_0: 0.7523 (0.7915)  loss_kld_dn_1: 0.6502 (0.6685)  loss_kld_dn_2: 0.6343 (0.6501)  loss_kld_enc_0: 0.5938 (0.6534)  loss_l1: 0.3724 (0.3992)  loss_l1_aux_0: 0.3863 (0.4107)  loss_l1_aux_1: 0.3730 (0.4008)  loss_l1_dn_0: 0.1233 (0.1269)  loss_l1_dn_1: 0.1021 (0.1048)  loss_l1_dn_2: 0.0972 (0.1003)  loss_l1_enc_0: 0.4003 (0.4271)  time: 0.9480  data: 0.0451  max mem: 56856
Epoch: [120]  [163/164]  eta: 0:00:00  lr: 0.000020  loss: 6.6841 (7.2734)  loss_focal: 0.1859 (0.1868)  loss_focal_aux_0: 0.1957 (0.1982)  loss_focal_aux_1: 0.1911 (0.1908)  loss_focal_dn_0: 0.0440 (0.0466)  loss_focal_dn_1: 0.0270 (0.0293)  loss_focal_dn_2: 0.0236 (0.0261)  loss_focal_enc_0: 0.2208 (0.2246)  loss_kld: 0.4512 (0.5548)  loss_kld_aux_0: 0.4824 (0.5796)  loss_kld_aux_1: 0.4532 (0.5590)  loss_kld_dn_0: 0.7598 (0.7774)  loss_kld_dn_1: 0.6545 (0.6580)  loss_kld_dn_2: 0.6263 (0.6405)  loss_kld_enc_0: 0.5362 (0.6340)  loss_l1: 0.3678 (0.3987)  loss_l1_aux_0: 0.3827 (0.4101)  loss_l1_aux_1: 0.3699 (0.4003)  loss_l1_dn_0: 0.1344 (0.1268)  loss_l1_dn_1: 0.1122 (0.1049)  loss_l1_dn_2: 0.1071 (0.1005)  loss_l1_enc_0: 0.3962 (0.4267)  time: 0.9320  data: 0.0542  max mem: 56856
Epoch: [120] Total time: 0:02:44 (1.0005 s / it)
Test:  [ 0/43]  eta: 0:03:05    time: 4.3027  data: 3.7690  max mem: 56856
Test:  [10/43]  eta: 0:00:29    time: 0.8847  data: 0.5612  max mem: 56856
Test:  [20/43]  eta: 0:00:17    time: 0.5874  data: 0.2824  max mem: 56856
Test:  [30/43]  eta: 0:00:09    time: 0.6182  data: 0.3094  max mem: 56856
Test:  [40/43]  eta: 0:00:02    time: 0.6068  data: 0.3003  max mem: 56856
Test:  [42/43]  eta: 0:00:00    time: 0.5632  data: 0.2669  max mem: 56856
Test: Total time: 0:00:29 (0.6770 s / it)
Averaged stats:
Offline DOTA results saved at /workspace/RT-DETR-OBB/outputs/rtdetrv2_obb_hgnetv2_n_dota_1_ss/dota_results/epoch_120.zip
best_stat: {'epoch': 120, 'mAP': 120.0}
Epoch: [121]  [  0/164]  eta: 0:13:49  lr: 0.000020  loss: 6.8121 (6.8121)  loss_focal: 0.1735 (0.1735)  loss_focal_aux_0: 0.1929 (0.1929)  loss_focal_aux_1: 0.1826 (0.1826)  loss_focal_dn_0: 0.0378 (0.0378)  loss_focal_dn_1: 0.0221 (0.0221)  loss_focal_dn_2: 0.0198 (0.0198)  loss_focal_enc_0: 0.2212 (0.2212)  loss_kld: 0.5658 (0.5658)  loss_kld_aux_0: 0.5806 (0.5806)  loss_kld_aux_1: 0.5687 (0.5687)  loss_kld_dn_0: 0.7017 (0.7017)  loss_kld_dn_1: 0.5816 (0.5816)  loss_kld_dn_2: 0.5650 (0.5650)  loss_kld_enc_0: 0.6400 (0.6400)  loss_l1: 0.3651 (0.3651)  loss_l1_aux_0: 0.3727 (0.3727)  loss_l1_aux_1: 0.3675 (0.3675)  loss_l1_dn_0: 0.0993 (0.0993)  loss_l1_dn_1: 0.0839 (0.0839)  loss_l1_dn_2: 0.0807 (0.0807)  loss_l1_enc_0: 0.3895 (0.3895)  time: 5.0561  data: 4.1032  max mem: 56856
Epoch: [121]  [100/164]  eta: 0:01:06  lr: 0.000020  loss: 7.0315 (7.2454)  loss_focal: 0.1779 (0.1738)  loss_focal_aux_0: 0.1912 (0.1844)  loss_focal_aux_1: 0.1828 (0.1781)  loss_focal_dn_0: 0.0439 (0.0446)  loss_focal_dn_1: 0.0277 (0.0284)  loss_focal_dn_2: 0.0243 (0.0251)  loss_focal_enc_0: 0.2097 (0.2082)  loss_kld: 0.5590 (0.5613)  loss_kld_aux_0: 0.5804 (0.5842)  loss_kld_aux_1: 0.5616 (0.5648)  loss_kld_dn_0: 0.8005 (0.7832)  loss_kld_dn_1: 0.6952 (0.6661)  loss_kld_dn_2: 0.6749 (0.6490)  loss_kld_enc_0: 0.6327 (0.6347)  loss_l1: 0.3405 (0.3994)  loss_l1_aux_0: 0.3502 (0.4104)  loss_l1_aux_1: 0.3421 (0.4009)  loss_l1_dn_0: 0.1229 (0.1233)  loss_l1_dn_1: 0.1010 (0.1019)  loss_l1_dn_2: 0.0961 (0.0975)  loss_l1_enc_0: 0.3725 (0.4259)  time: 1.0019  data: 0.0449  max mem: 56856
Epoch: [121]  [163/164]  eta: 0:00:01  lr: 0.000020  loss: 7.8081 (7.3448)  loss_focal: 0.1830 (0.1765)  loss_focal_aux_0: 0.1913 (0.1875)  loss_focal_aux_1: 0.1862 (0.1803)  loss_focal_dn_0: 0.0441 (0.0458)  loss_focal_dn_1: 0.0285 (0.0291)  loss_focal_dn_2: 0.0251 (0.0257)  loss_focal_enc_0: 0.2233 (0.2112)  loss_kld: 0.6236 (0.5760)  loss_kld_aux_0: 0.6498 (0.5991)  loss_kld_aux_1: 0.6288 (0.5796)  loss_kld_dn_0: 0.7398 (0.7804)  loss_kld_dn_1: 0.6483 (0.6635)  loss_kld_dn_2: 0.6265 (0.6467)  loss_kld_enc_0: 0.7078 (0.6503)  loss_l1: 0.4231 (0.4079)  loss_l1_aux_0: 0.4488 (0.4193)  loss_l1_aux_1: 0.4235 (0.4095)  loss_l1_dn_0: 0.1155 (0.1231)  loss_l1_dn_1: 0.0905 (0.1014)  loss_l1_dn_2: 0.0873 (0.0972)  loss_l1_enc_0: 0.4660 (0.4348)  time: 0.9680  data: 0.0453  max mem: 56856
Epoch: [121] Total time: 0:02:49 (1.0331 s / it)
Test:  [ 0/43]  eta: 0:03:30    time: 4.9048  data: 4.3427  max mem: 56856
Test:  [10/43]  eta: 0:00:29    time: 0.8914  data: 0.5618  max mem: 56856
Test:  [20/43]  eta: 0:00:18    time: 0.5773  data: 0.2720  max mem: 56856
Test:  [30/43]  eta: 0:00:09    time: 0.6156  data: 0.3108  max mem: 56856
Test:  [40/43]  eta: 0:00:02    time: 0.6145  data: 0.3122  max mem: 56856
Test:  [42/43]  eta: 0:00:00    time: 0.6007  data: 0.3099  max mem: 56856
Test: Total time: 0:00:29 (0.6874 s / it)
Averaged stats:
Offline DOTA results saved at /workspace/RT-DETR-OBB/outputs/rtdetrv2_obb_hgnetv2_n_dota_1_ss/dota_results/epoch_121.zip
best_stat: {'epoch': 121, 'mAP': 121.0}
Epoch: [122]  [  0/164]  eta: 0:13:18  lr: 0.000020  loss: 9.1358 (9.1358)  loss_focal: 0.2601 (0.2601)  loss_focal_aux_0: 0.2748 (0.2748)  loss_focal_aux_1: 0.2646 (0.2646)  loss_focal_dn_0: 0.0553 (0.0553)  loss_focal_dn_1: 0.0346 (0.0346)  loss_focal_dn_2: 0.0302 (0.0302)  loss_focal_enc_0: 0.2994 (0.2994)  loss_kld: 0.6884 (0.6884)  loss_kld_aux_0: 0.7176 (0.7176)  loss_kld_aux_1: 0.6913 (0.6913)  loss_kld_dn_0: 1.0200 (1.0200)  loss_kld_dn_1: 0.8917 (0.8917)  loss_kld_dn_2: 0.8715 (0.8715)  loss_kld_enc_0: 0.7651 (0.7651)  loss_l1: 0.4524 (0.4524)  loss_l1_aux_0: 0.4607 (0.4607)  loss_l1_aux_1: 0.4540 (0.4540)  loss_l1_dn_0: 0.1623 (0.1623)  loss_l1_dn_1: 0.1327 (0.1327)  loss_l1_dn_2: 0.1283 (0.1283)  loss_l1_enc_0: 0.4810 (0.4810)  time: 4.8704  data: 3.9339  max mem: 56856
Epoch: [122]  [100/164]  eta: 0:01:05  lr: 0.000020  loss: 7.1869 (7.2195)  loss_focal: 0.1635 (0.1794)  loss_focal_aux_0: 0.1792 (0.1914)  loss_focal_aux_1: 0.1688 (0.1836)  loss_focal_dn_0: 0.0416 (0.0444)  loss_focal_dn_1: 0.0273 (0.0282)  loss_focal_dn_2: 0.0246 (0.0251)  loss_focal_enc_0: 0.1997 (0.2163)  loss_kld: 0.5707 (0.5577)  loss_kld_aux_0: 0.5931 (0.5813)  loss_kld_aux_1: 0.5742 (0.5614)  loss_kld_dn_0: 0.7755 (0.7863)  loss_kld_dn_1: 0.6485 (0.6613)  loss_kld_dn_2: 0.6301 (0.6437)  loss_kld_enc_0: 0.6445 (0.6339)  loss_l1: 0.3990 (0.3907)  loss_l1_aux_0: 0.4124 (0.4031)  loss_l1_aux_1: 0.4001 (0.3925)  loss_l1_dn_0: 0.1235 (0.1222)  loss_l1_dn_1: 0.1026 (0.1010)  loss_l1_dn_2: 0.0967 (0.0967)  loss_l1_enc_0: 0.4249 (0.4194)  time: 0.9801  data: 0.0468  max mem: 56856
Epoch: [122]  [163/164]  eta: 0:00:00  lr: 0.000020  loss: 7.0470 (7.2281)  loss_focal: 0.1825 (0.1812)  loss_focal_aux_0: 0.2035 (0.1934)  loss_focal_aux_1: 0.1865 (0.1856)  loss_focal_dn_0: 0.0439 (0.0449)  loss_focal_dn_1: 0.0293 (0.0287)  loss_focal_dn_2: 0.0259 (0.0256)  loss_focal_enc_0: 0.2235 (0.2183)  loss_kld: 0.5268 (0.5647)  loss_kld_aux_0: 0.5516 (0.5885)  loss_kld_aux_1: 0.5324 (0.5685)  loss_kld_dn_0: 0.7703 (0.7807)  loss_kld_dn_1: 0.6629 (0.6590)  loss_kld_dn_2: 0.6480 (0.6418)  loss_kld_enc_0: 0.6012 (0.6421)  loss_l1: 0.3568 (0.3862)  loss_l1_aux_0: 0.3628 (0.3984)  loss_l1_aux_1: 0.3596 (0.3879)  loss_l1_dn_0: 0.1148 (0.1215)  loss_l1_dn_1: 0.0954 (0.1004)  loss_l1_dn_2: 0.0907 (0.0962)  loss_l1_enc_0: 0.3794 (0.4147)  time: 0.9564  data: 0.0454  max mem: 56856
Epoch: [122] Total time: 0:02:43 (0.9994 s / it)
Test:  [ 0/43]  eta: 0:03:07    time: 4.3489  data: 3.8203  max mem: 56856
Test:  [10/43]  eta: 0:00:30    time: 0.9207  data: 0.6006  max mem: 56856
Test:  [20/43]  eta: 0:00:17    time: 0.5916  data: 0.2907  max mem: 56856
Test:  [30/43]  eta: 0:00:09    time: 0.5896  data: 0.2863  max mem: 56856
Test:  [40/43]  eta: 0:00:02    time: 0.6111  data: 0.3097  max mem: 56856
Test:  [42/43]  eta: 0:00:00    time: 0.5948  data: 0.3042  max mem: 56856
Test: Total time: 0:00:29 (0.6804 s / it)
Averaged stats:
Offline DOTA results saved at /workspace/RT-DETR-OBB/outputs/rtdetrv2_obb_hgnetv2_n_dota_1_ss/dota_results/epoch_122.zip
best_stat: {'epoch': 122, 'mAP': 122.0}
Epoch: [123]  [  0/164]  eta: 0:13:56  lr: 0.000020  loss: 7.8676 (7.8676)  loss_focal: 0.2411 (0.2411)  loss_focal_aux_0: 0.2467 (0.2467)  loss_focal_aux_1: 0.2450 (0.2450)  loss_focal_dn_0: 0.0528 (0.0528)  loss_focal_dn_1: 0.0342 (0.0342)  loss_focal_dn_2: 0.0304 (0.0304)  loss_focal_enc_0: 0.2728 (0.2728)  loss_kld: 0.6182 (0.6182)  loss_kld_aux_0: 0.6376 (0.6376)  loss_kld_aux_1: 0.6225 (0.6225)  loss_kld_dn_0: 0.8768 (0.8768)  loss_kld_dn_1: 0.7343 (0.7343)  loss_kld_dn_2: 0.7143 (0.7143)  loss_kld_enc_0: 0.6955 (0.6955)  loss_l1: 0.3562 (0.3562)  loss_l1_aux_0: 0.3727 (0.3727)  loss_l1_aux_1: 0.3586 (0.3586)  loss_l1_dn_0: 0.1403 (0.1403)  loss_l1_dn_1: 0.1138 (0.1138)  loss_l1_dn_2: 0.1070 (0.1070)  loss_l1_enc_0: 0.3970 (0.3970)  time: 5.0993  data: 4.4048  max mem: 56856
Epoch: [123]  [100/164]  eta: 0:01:04  lr: 0.000020  loss: 7.6023 (7.2477)  loss_focal: 0.1659 (0.1814)  loss_focal_aux_0: 0.1718 (0.1939)  loss_focal_aux_1: 0.1693 (0.1858)  loss_focal_dn_0: 0.0417 (0.0435)  loss_focal_dn_1: 0.0253 (0.0282)  loss_focal_dn_2: 0.0224 (0.0250)  loss_focal_enc_0: 0.1993 (0.2196)  loss_kld: 0.5373 (0.5513)  loss_kld_aux_0: 0.5709 (0.5757)  loss_kld_aux_1: 0.5379 (0.5555)  loss_kld_dn_0: 0.7829 (0.7703)  loss_kld_dn_1: 0.6605 (0.6533)  loss_kld_dn_2: 0.6446 (0.6361)  loss_kld_enc_0: 0.6371 (0.6269)  loss_l1: 0.3912 (0.4078)  loss_l1_aux_0: 0.3955 (0.4202)  loss_l1_aux_1: 0.3930 (0.4096)  loss_l1_dn_0: 0.1139 (0.1251)  loss_l1_dn_1: 0.0931 (0.1032)  loss_l1_dn_2: 0.0904 (0.0989)  loss_l1_enc_0: 0.4133 (0.4362)  time: 0.9730  data: 0.0496  max mem: 56856
Epoch: [123]  [163/164]  eta: 0:00:00  lr: 0.000020  loss: 7.3033 (7.2679)  loss_focal: 0.1724 (0.1814)  loss_focal_aux_0: 0.1899 (0.1939)  loss_focal_aux_1: 0.1806 (0.1858)  loss_focal_dn_0: 0.0450 (0.0439)  loss_focal_dn_1: 0.0292 (0.0285)  loss_focal_dn_2: 0.0260 (0.0253)  loss_focal_enc_0: 0.2199 (0.2198)  loss_kld: 0.5572 (0.5570)  loss_kld_aux_0: 0.5808 (0.5817)  loss_kld_aux_1: 0.5625 (0.5612)  loss_kld_dn_0: 0.7566 (0.7705)  loss_kld_dn_1: 0.6509 (0.6556)  loss_kld_dn_2: 0.6328 (0.6389)  loss_kld_enc_0: 0.6344 (0.6325)  loss_l1: 0.3487 (0.4054)  loss_l1_aux_0: 0.3733 (0.4184)  loss_l1_aux_1: 0.3526 (0.4071)  loss_l1_dn_0: 0.1184 (0.1247)  loss_l1_dn_1: 0.0986 (0.1030)  loss_l1_dn_2: 0.0948 (0.0987)  loss_l1_enc_0: 0.3951 (0.4345)  time: 0.9733  data: 0.0463  max mem: 56856
Epoch: [123] Total time: 0:02:42 (0.9937 s / it)
Test:  [ 0/43]  eta: 0:03:00    time: 4.1937  data: 3.6466  max mem: 56856
Test:  [10/43]  eta: 0:00:29    time: 0.8877  data: 0.5602  max mem: 56856
Test:  [20/43]  eta: 0:00:17    time: 0.5824  data: 0.2734  max mem: 56856
Test:  [30/43]  eta: 0:00:09    time: 0.6053  data: 0.2932  max mem: 56856
Test:  [40/43]  eta: 0:00:02    time: 0.5968  data: 0.2879  max mem: 56856
Test:  [42/43]  eta: 0:00:00    time: 0.5906  data: 0.2921  max mem: 56856
Test: Total time: 0:00:28 (0.6737 s / it)
Averaged stats:
Offline DOTA results saved at /workspace/RT-DETR-OBB/outputs/rtdetrv2_obb_hgnetv2_n_dota_1_ss/dota_results/epoch_123.zip
best_stat: {'epoch': 123, 'mAP': 123.0}
Epoch: [124]  [  0/164]  eta: 0:14:11  lr: 0.000020  loss: 8.0945 (8.0945)  loss_focal: 0.2733 (0.2733)  loss_focal_aux_0: 0.2880 (0.2880)  loss_focal_aux_1: 0.2825 (0.2825)  loss_focal_dn_0: 0.0520 (0.0520)  loss_focal_dn_1: 0.0346 (0.0346)  loss_focal_dn_2: 0.0322 (0.0322)  loss_focal_enc_0: 0.3236 (0.3236)  loss_kld: 0.5813 (0.5813)  loss_kld_aux_0: 0.6168 (0.6168)  loss_kld_aux_1: 0.5876 (0.5876)  loss_kld_dn_0: 0.7459 (0.7459)  loss_kld_dn_1: 0.6205 (0.6205)  loss_kld_dn_2: 0.5909 (0.5909)  loss_kld_enc_0: 0.6791 (0.6791)  loss_l1: 0.5102 (0.5102)  loss_l1_aux_0: 0.4892 (0.4892)  loss_l1_aux_1: 0.5119 (0.5119)  loss_l1_dn_0: 0.1372 (0.1372)  loss_l1_dn_1: 0.1177 (0.1177)  loss_l1_dn_2: 0.1115 (0.1115)  loss_l1_enc_0: 0.5081 (0.5081)  time: 5.1891  data: 4.1060  max mem: 56856
Epoch: [124]  [100/164]  eta: 0:01:07  lr: 0.000020  loss: 6.7380 (7.2110)  loss_focal: 0.1740 (0.1837)  loss_focal_aux_0: 0.1823 (0.1955)  loss_focal_aux_1: 0.1763 (0.1876)  loss_focal_dn_0: 0.0424 (0.0462)  loss_focal_dn_1: 0.0266 (0.0295)  loss_focal_dn_2: 0.0226 (0.0258)  loss_focal_enc_0: 0.2123 (0.2203)  loss_kld: 0.5215 (0.5506)  loss_kld_aux_0: 0.5441 (0.5748)  loss_kld_aux_1: 0.5261 (0.5545)  loss_kld_dn_0: 0.7926 (0.7784)  loss_kld_dn_1: 0.6661 (0.6569)  loss_kld_dn_2: 0.6543 (0.6394)  loss_kld_enc_0: 0.5861 (0.6273)  loss_l1: 0.3577 (0.3939)  loss_l1_aux_0: 0.3600 (0.4051)  loss_l1_aux_1: 0.3590 (0.3954)  loss_l1_dn_0: 0.1173 (0.1246)  loss_l1_dn_1: 0.0993 (0.1025)  loss_l1_dn_2: 0.0934 (0.0983)  loss_l1_enc_0: 0.3723 (0.4207)  time: 1.0504  data: 0.0445  max mem: 56856
Epoch: [124]  [163/164]  eta: 0:00:01  lr: 0.000020  loss: 6.9380 (7.1583)  loss_focal: 0.1616 (0.1824)  loss_focal_aux_0: 0.1704 (0.1942)  loss_focal_aux_1: 0.1619 (0.1867)  loss_focal_dn_0: 0.0416 (0.0455)  loss_focal_dn_1: 0.0266 (0.0291)  loss_focal_dn_2: 0.0234 (0.0256)  loss_focal_enc_0: 0.1977 (0.2189)  loss_kld: 0.4789 (0.5431)  loss_kld_aux_0: 0.5108 (0.5668)  loss_kld_aux_1: 0.4844 (0.5470)  loss_kld_dn_0: 0.7619 (0.7672)  loss_kld_dn_1: 0.6377 (0.6488)  loss_kld_dn_2: 0.6210 (0.6315)  loss_kld_enc_0: 0.5561 (0.6185)  loss_l1: 0.3857 (0.3971)  loss_l1_aux_0: 0.3885 (0.4083)  loss_l1_aux_1: 0.3870 (0.3986)  loss_l1_dn_0: 0.1180 (0.1244)  loss_l1_dn_1: 0.0980 (0.1025)  loss_l1_dn_2: 0.0948 (0.0982)  loss_l1_enc_0: 0.4010 (0.4239)  time: 1.0445  data: 0.0583  max mem: 56856
Epoch: [124] Total time: 0:02:50 (1.0416 s / it)
Test:  [ 0/43]  eta: 0:03:12    time: 4.4814  data: 3.8985  max mem: 56856
Test:  [10/43]  eta: 0:00:29    time: 0.8893  data: 0.5559  max mem: 56856
Test:  [20/43]  eta: 0:00:17    time: 0.5648  data: 0.2536  max mem: 56856
Test:  [30/43]  eta: 0:00:08    time: 0.5638  data: 0.2511  max mem: 56856
Test:  [40/43]  eta: 0:00:02    time: 0.5867  data: 0.2769  max mem: 56856
Test:  [42/43]  eta: 0:00:00    time: 0.5693  data: 0.2700  max mem: 56856
Test: Total time: 0:00:28 (0.6606 s / it)
Averaged stats:
Offline DOTA results saved at /workspace/RT-DETR-OBB/outputs/rtdetrv2_obb_hgnetv2_n_dota_1_ss/dota_results/epoch_124.zip
best_stat: {'epoch': 124, 'mAP': 124.0}
Epoch: [125]  [  0/164]  eta: 0:13:37  lr: 0.000020  loss: 7.4103 (7.4103)  loss_focal: 0.1815 (0.1815)  loss_focal_aux_0: 0.1893 (0.1893)  loss_focal_aux_1: 0.1817 (0.1817)  loss_focal_dn_0: 0.0478 (0.0478)  loss_focal_dn_1: 0.0293 (0.0293)  loss_focal_dn_2: 0.0245 (0.0245)  loss_focal_enc_0: 0.2138 (0.2138)  loss_kld: 0.6350 (0.6350)  loss_kld_aux_0: 0.6543 (0.6543)  loss_kld_aux_1: 0.6369 (0.6369)  loss_kld_dn_0: 0.7632 (0.7632)  loss_kld_dn_1: 0.6676 (0.6676)  loss_kld_dn_2: 0.6502 (0.6502)  loss_kld_enc_0: 0.7132 (0.7132)  loss_l1: 0.3639 (0.3639)  loss_l1_aux_0: 0.3755 (0.3755)  loss_l1_aux_1: 0.3641 (0.3641)  loss_l1_dn_0: 0.1247 (0.1247)  loss_l1_dn_1: 0.1041 (0.1041)  loss_l1_dn_2: 0.0986 (0.0986)  loss_l1_enc_0: 0.3910 (0.3910)  time: 4.9852  data: 4.1421  max mem: 56856
Epoch: [125]  [100/164]  eta: 0:01:07  lr: 0.000020  loss: 7.1621 (7.1187)  loss_focal: 0.1637 (0.1735)  loss_focal_aux_0: 0.1741 (0.1842)  loss_focal_aux_1: 0.1667 (0.1769)  loss_focal_dn_0: 0.0435 (0.0432)  loss_focal_dn_1: 0.0274 (0.0279)  loss_focal_dn_2: 0.0250 (0.0247)  loss_focal_enc_0: 0.1937 (0.2087)  loss_kld: 0.5504 (0.5568)  loss_kld_aux_0: 0.5802 (0.5799)  loss_kld_aux_1: 0.5585 (0.5606)  loss_kld_dn_0: 0.7333 (0.7681)  loss_kld_dn_1: 0.6229 (0.6560)  loss_kld_dn_2: 0.6104 (0.6399)  loss_kld_enc_0: 0.6335 (0.6308)  loss_l1: 0.4033 (0.3849)  loss_l1_aux_0: 0.4081 (0.3965)  loss_l1_aux_1: 0.4026 (0.3865)  loss_l1_dn_0: 0.1154 (0.1177)  loss_l1_dn_1: 0.0955 (0.0974)  loss_l1_dn_2: 0.0928 (0.0933)  loss_l1_enc_0: 0.4216 (0.4115)  time: 1.0254  data: 0.0444  max mem: 56856
Epoch: [125]  [163/164]  eta: 0:00:01  lr: 0.000020  loss: 7.2031 (7.1404)  loss_focal: 0.1765 (0.1749)  loss_focal_aux_0: 0.1895 (0.1859)  loss_focal_aux_1: 0.1770 (0.1788)  loss_focal_dn_0: 0.0440 (0.0436)  loss_focal_dn_1: 0.0270 (0.0280)  loss_focal_dn_2: 0.0239 (0.0248)  loss_focal_enc_0: 0.2104 (0.2106)  loss_kld: 0.5357 (0.5514)  loss_kld_aux_0: 0.5594 (0.5753)  loss_kld_aux_1: 0.5361 (0.5553)  loss_kld_dn_0: 0.7564 (0.7692)  loss_kld_dn_1: 0.6546 (0.6553)  loss_kld_dn_2: 0.6237 (0.6387)  loss_kld_enc_0: 0.6139 (0.6265)  loss_l1: 0.3989 (0.3923)  loss_l1_aux_0: 0.4120 (0.4041)  loss_l1_aux_1: 0.4005 (0.3939)  loss_l1_dn_0: 0.1183 (0.1192)  loss_l1_dn_1: 0.0954 (0.0987)  loss_l1_dn_2: 0.0906 (0.0945)  loss_l1_enc_0: 0.4239 (0.4193)  time: 0.9979  data: 0.0447  max mem: 56856
Epoch: [125] Total time: 0:02:48 (1.0291 s / it)
Test:  [ 0/43]  eta: 0:03:05    time: 4.3026  data: 3.7350  max mem: 56856
Test:  [10/43]  eta: 0:00:29    time: 0.8884  data: 0.5559  max mem: 56856
Test:  [20/43]  eta: 0:00:17    time: 0.5772  data: 0.2698  max mem: 56856
Test:  [30/43]  eta: 0:00:08    time: 0.5717  data: 0.2633  max mem: 56856
Test:  [40/43]  eta: 0:00:01    time: 0.5657  data: 0.2594  max mem: 56856
Test:  [42/43]  eta: 0:00:00    time: 0.5443  data: 0.2494  max mem: 56856
Test: Total time: 0:00:28 (0.6529 s / it)
Averaged stats:
Offline DOTA results saved at /workspace/RT-DETR-OBB/outputs/rtdetrv2_obb_hgnetv2_n_dota_1_ss/dota_results/epoch_125.zip
best_stat: {'epoch': 125, 'mAP': 125.0}
Epoch: [126]  [  0/164]  eta: 0:14:22  lr: 0.000020  loss: 6.9446 (6.9446)  loss_focal: 0.1677 (0.1677)  loss_focal_aux_0: 0.1779 (0.1779)  loss_focal_aux_1: 0.1738 (0.1738)  loss_focal_dn_0: 0.0380 (0.0380)  loss_focal_dn_1: 0.0247 (0.0247)  loss_focal_dn_2: 0.0221 (0.0221)  loss_focal_enc_0: 0.2028 (0.2028)  loss_kld: 0.5901 (0.5901)  loss_kld_aux_0: 0.6130 (0.6130)  loss_kld_aux_1: 0.5941 (0.5941)  loss_kld_dn_0: 0.7011 (0.7011)  loss_kld_dn_1: 0.5915 (0.5915)  loss_kld_dn_2: 0.5791 (0.5791)  loss_kld_enc_0: 0.6572 (0.6572)  loss_l1: 0.3843 (0.3843)  loss_l1_aux_0: 0.4009 (0.4009)  loss_l1_aux_1: 0.3852 (0.3852)  loss_l1_dn_0: 0.0906 (0.0906)  loss_l1_dn_1: 0.0712 (0.0712)  loss_l1_dn_2: 0.0674 (0.0674)  loss_l1_enc_0: 0.4118 (0.4118)  time: 5.2593  data: 4.3180  max mem: 56856
Epoch: [126]  [100/164]  eta: 0:01:06  lr: 0.000020  loss: 7.0987 (7.2449)  loss_focal: 0.1710 (0.1803)  loss_focal_aux_0: 0.1803 (0.1914)  loss_focal_aux_1: 0.1657 (0.1841)  loss_focal_dn_0: 0.0426 (0.0449)  loss_focal_dn_1: 0.0280 (0.0289)  loss_focal_dn_2: 0.0245 (0.0256)  loss_focal_enc_0: 0.1889 (0.2145)  loss_kld: 0.4900 (0.5577)  loss_kld_aux_0: 0.5171 (0.5800)  loss_kld_aux_1: 0.4937 (0.5612)  loss_kld_dn_0: 0.7684 (0.7679)  loss_kld_dn_1: 0.6190 (0.6512)  loss_kld_dn_2: 0.6078 (0.6345)  loss_kld_enc_0: 0.5602 (0.6294)  loss_l1: 0.3695 (0.4071)  loss_l1_aux_0: 0.3912 (0.4186)  loss_l1_aux_1: 0.3702 (0.4089)  loss_l1_dn_0: 0.1171 (0.1234)  loss_l1_dn_1: 0.0965 (0.1025)  loss_l1_dn_2: 0.0917 (0.0985)  loss_l1_enc_0: 0.4046 (0.4344)  time: 1.0149  data: 0.0494  max mem: 56856
Epoch: [126]  [163/164]  eta: 0:00:01  lr: 0.000020  loss: 6.9297 (7.2186)  loss_focal: 0.1814 (0.1774)  loss_focal_aux_0: 0.1900 (0.1889)  loss_focal_aux_1: 0.1857 (0.1817)  loss_focal_dn_0: 0.0447 (0.0445)  loss_focal_dn_1: 0.0274 (0.0285)  loss_focal_dn_2: 0.0230 (0.0252)  loss_focal_enc_0: 0.2216 (0.2126)  loss_kld: 0.5266 (0.5592)  loss_kld_aux_0: 0.5476 (0.5824)  loss_kld_aux_1: 0.5296 (0.5629)  loss_kld_dn_0: 0.7410 (0.7714)  loss_kld_dn_1: 0.6449 (0.6549)  loss_kld_dn_2: 0.6374 (0.6383)  loss_kld_enc_0: 0.5923 (0.6340)  loss_l1: 0.3258 (0.3992)  loss_l1_aux_0: 0.3386 (0.4109)  loss_l1_aux_1: 0.3265 (0.4008)  loss_l1_dn_0: 0.1195 (0.1216)  loss_l1_dn_1: 0.1017 (0.1008)  loss_l1_dn_2: 0.0975 (0.0967)  loss_l1_enc_0: 0.3652 (0.4268)  time: 0.9966  data: 0.0498  max mem: 56856
Epoch: [126] Total time: 0:02:49 (1.0350 s / it)
Test:  [ 0/43]  eta: 0:03:04    time: 4.2878  data: 3.7302  max mem: 56856
Test:  [10/43]  eta: 0:00:29    time: 0.8806  data: 0.5494  max mem: 56856
Test:  [20/43]  eta: 0:00:16    time: 0.5571  data: 0.2484  max mem: 56856
Test:  [30/43]  eta: 0:00:08    time: 0.5575  data: 0.2492  max mem: 56856
Test:  [40/43]  eta: 0:00:01    time: 0.5851  data: 0.2746  max mem: 56856
Test:  [42/43]  eta: 0:00:00    time: 0.5715  data: 0.2720  max mem: 56856
Test: Total time: 0:00:28 (0.6542 s / it)
Averaged stats:
Offline DOTA results saved at /workspace/RT-DETR-OBB/outputs/rtdetrv2_obb_hgnetv2_n_dota_1_ss/dota_results/epoch_126.zip
best_stat: {'epoch': 126, 'mAP': 126.0}
Epoch: [127]  [  0/164]  eta: 0:14:34  lr: 0.000020  loss: 5.3127 (5.3127)  loss_focal: 0.1160 (0.1160)  loss_focal_aux_0: 0.1314 (0.1314)  loss_focal_aux_1: 0.1230 (0.1230)  loss_focal_dn_0: 0.0282 (0.0282)  loss_focal_dn_1: 0.0168 (0.0168)  loss_focal_dn_2: 0.0139 (0.0139)  loss_focal_enc_0: 0.1474 (0.1474)  loss_kld: 0.3603 (0.3603)  loss_kld_aux_0: 0.3780 (0.3780)  loss_kld_aux_1: 0.3603 (0.3603)  loss_kld_dn_0: 0.7238 (0.7238)  loss_kld_dn_1: 0.6069 (0.6069)  loss_kld_dn_2: 0.5962 (0.5962)  loss_kld_enc_0: 0.4192 (0.4192)  loss_l1: 0.2439 (0.2439)  loss_l1_aux_0: 0.2507 (0.2507)  loss_l1_aux_1: 0.2449 (0.2449)  loss_l1_dn_0: 0.1071 (0.1071)  loss_l1_dn_1: 0.0914 (0.0914)  loss_l1_dn_2: 0.0880 (0.0880)  loss_l1_enc_0: 0.2655 (0.2655)  time: 5.3328  data: 4.3176  max mem: 56856
Epoch: [127]  [100/164]  eta: 0:01:06  lr: 0.000020  loss: 6.8744 (7.2314)  loss_focal: 0.1745 (0.1756)  loss_focal_aux_0: 0.1859 (0.1873)  loss_focal_aux_1: 0.1789 (0.1798)  loss_focal_dn_0: 0.0445 (0.0461)  loss_focal_dn_1: 0.0275 (0.0285)  loss_focal_dn_2: 0.0247 (0.0252)  loss_focal_enc_0: 0.2133 (0.2123)  loss_kld: 0.5151 (0.5426)  loss_kld_aux_0: 0.5382 (0.5669)  loss_kld_aux_1: 0.5172 (0.5469)  loss_kld_dn_0: 0.7458 (0.7699)  loss_kld_dn_1: 0.6271 (0.6486)  loss_kld_dn_2: 0.6133 (0.6316)  loss_kld_enc_0: 0.5905 (0.6213)  loss_l1: 0.3408 (0.4212)  loss_l1_aux_0: 0.3491 (0.4330)  loss_l1_aux_1: 0.3435 (0.4229)  loss_l1_dn_0: 0.1137 (0.1236)  loss_l1_dn_1: 0.0945 (0.1016)  loss_l1_dn_2: 0.0890 (0.0970)  loss_l1_enc_0: 0.3714 (0.4496)  time: 0.9744  data: 0.0507  max mem: 56856
Epoch: [127]  [163/164]  eta: 0:00:01  lr: 0.000020  loss: 6.9122 (7.1428)  loss_focal: 0.1696 (0.1773)  loss_focal_aux_0: 0.1862 (0.1888)  loss_focal_aux_1: 0.1735 (0.1813)  loss_focal_dn_0: 0.0408 (0.0454)  loss_focal_dn_1: 0.0287 (0.0285)  loss_focal_dn_2: 0.0249 (0.0252)  loss_focal_enc_0: 0.2072 (0.2135)  loss_kld: 0.5140 (0.5324)  loss_kld_aux_0: 0.5311 (0.5570)  loss_kld_aux_1: 0.5201 (0.5366)  loss_kld_dn_0: 0.7198 (0.7627)  loss_kld_dn_1: 0.6009 (0.6408)  loss_kld_dn_2: 0.5798 (0.6239)  loss_kld_enc_0: 0.5912 (0.6098)  loss_l1: 0.3770 (0.4137)  loss_l1_aux_0: 0.3886 (0.4256)  loss_l1_aux_1: 0.3807 (0.4155)  loss_l1_dn_0: 0.1232 (0.1239)  loss_l1_dn_1: 0.1006 (0.1016)  loss_l1_dn_2: 0.0955 (0.0971)  loss_l1_enc_0: 0.4113 (0.4423)  time: 0.9413  data: 0.0467  max mem: 56856
Epoch: [127] Total time: 0:02:46 (1.0132 s / it)
Test:  [ 0/43]  eta: 0:03:07    time: 4.3694  data: 3.8140  max mem: 56856
Test:  [10/43]  eta: 0:00:32    time: 0.9840  data: 0.6413  max mem: 56856
Test:  [20/43]  eta: 0:00:19    time: 0.6601  data: 0.3304  max mem: 56856
Test:  [30/43]  eta: 0:00:09    time: 0.6146  data: 0.2791  max mem: 56856
Test:  [40/43]  eta: 0:00:02    time: 0.5696  data: 0.2365  max mem: 56856
Test:  [42/43]  eta: 0:00:00    time: 0.5463  data: 0.2274  max mem: 56856
Test: Total time: 0:00:29 (0.6954 s / it)
Averaged stats:
Offline DOTA results saved at /workspace/RT-DETR-OBB/outputs/rtdetrv2_obb_hgnetv2_n_dota_1_ss/dota_results/epoch_127.zip
best_stat: {'epoch': 127, 'mAP': 127.0}
Epoch: [128]  [  0/164]  eta: 0:15:11  lr: 0.000020  loss: 8.2303 (8.2303)  loss_focal: 0.1336 (0.1336)  loss_focal_aux_0: 0.1450 (0.1450)  loss_focal_aux_1: 0.1344 (0.1344)  loss_focal_dn_0: 0.0379 (0.0379)  loss_focal_dn_1: 0.0231 (0.0231)  loss_focal_dn_2: 0.0199 (0.0199)  loss_focal_enc_0: 0.1639 (0.1639)  loss_kld: 0.7173 (0.7173)  loss_kld_aux_0: 0.7410 (0.7410)  loss_kld_aux_1: 0.7229 (0.7229)  loss_kld_dn_0: 0.7579 (0.7579)  loss_kld_dn_1: 0.6548 (0.6548)  loss_kld_dn_2: 0.6378 (0.6378)  loss_kld_enc_0: 0.8088 (0.8088)  loss_l1: 0.5661 (0.5661)  loss_l1_aux_0: 0.5804 (0.5804)  loss_l1_aux_1: 0.5673 (0.5673)  loss_l1_dn_0: 0.0873 (0.0873)  loss_l1_dn_1: 0.0694 (0.0694)  loss_l1_dn_2: 0.0665 (0.0665)  loss_l1_enc_0: 0.5950 (0.5950)  time: 5.5580  data: 4.1683  max mem: 56856
Epoch: [128]  [100/164]  eta: 0:01:06  lr: 0.000020  loss: 7.5525 (7.3507)  loss_focal: 0.1560 (0.1797)  loss_focal_aux_0: 0.1667 (0.1913)  loss_focal_aux_1: 0.1550 (0.1837)  loss_focal_dn_0: 0.0444 (0.0454)  loss_focal_dn_1: 0.0292 (0.0294)  loss_focal_dn_2: 0.0254 (0.0261)  loss_focal_enc_0: 0.1918 (0.2165)  loss_kld: 0.5892 (0.5754)  loss_kld_aux_0: 0.6265 (0.6008)  loss_kld_aux_1: 0.5940 (0.5794)  loss_kld_dn_0: 0.8100 (0.7696)  loss_kld_dn_1: 0.6753 (0.6546)  loss_kld_dn_2: 0.6575 (0.6387)  loss_kld_enc_0: 0.6721 (0.6534)  loss_l1: 0.3796 (0.4120)  loss_l1_aux_0: 0.3839 (0.4255)  loss_l1_aux_1: 0.3799 (0.4135)  loss_l1_dn_0: 0.1108 (0.1207)  loss_l1_dn_1: 0.0921 (0.0991)  loss_l1_dn_2: 0.0896 (0.0949)  loss_l1_enc_0: 0.3952 (0.4410)  time: 1.0155  data: 0.0664  max mem: 56856
Epoch: [128]  [163/164]  eta: 0:00:01  lr: 0.000020  loss: 7.0573 (7.2284)  loss_focal: 0.1528 (0.1764)  loss_focal_aux_0: 0.1675 (0.1881)  loss_focal_aux_1: 0.1549 (0.1803)  loss_focal_dn_0: 0.0394 (0.0446)  loss_focal_dn_1: 0.0245 (0.0285)  loss_focal_dn_2: 0.0226 (0.0253)  loss_focal_enc_0: 0.1984 (0.2134)  loss_kld: 0.4765 (0.5595)  loss_kld_aux_0: 0.5154 (0.5844)  loss_kld_aux_1: 0.4817 (0.5633)  loss_kld_dn_0: 0.7644 (0.7672)  loss_kld_dn_1: 0.6152 (0.6504)  loss_kld_dn_2: 0.5970 (0.6341)  loss_kld_enc_0: 0.5533 (0.6371)  loss_l1: 0.3682 (0.4038)  loss_l1_aux_0: 0.3860 (0.4171)  loss_l1_aux_1: 0.3694 (0.4053)  loss_l1_dn_0: 0.1188 (0.1215)  loss_l1_dn_1: 0.0947 (0.0997)  loss_l1_dn_2: 0.0897 (0.0955)  loss_l1_enc_0: 0.4032 (0.4328)  time: 1.0181  data: 0.0487  max mem: 56856
Epoch: [128] Total time: 0:02:47 (1.0240 s / it)
Test:  [ 0/43]  eta: 0:03:32    time: 4.9532  data: 4.4050  max mem: 56856
Test:  [10/43]  eta: 0:00:29    time: 0.8887  data: 0.5640  max mem: 56856
Test:  [20/43]  eta: 0:00:17    time: 0.5461  data: 0.2437  max mem: 56856
Test:  [30/43]  eta: 0:00:08    time: 0.5693  data: 0.2651  max mem: 56856
Test:  [40/43]  eta: 0:00:01    time: 0.5617  data: 0.2594  max mem: 56856
Test:  [42/43]  eta: 0:00:00    time: 0.5350  data: 0.2436  max mem: 56856
Test: Total time: 0:00:27 (0.6494 s / it)
Averaged stats:
Offline DOTA results saved at /workspace/RT-DETR-OBB/outputs/rtdetrv2_obb_hgnetv2_n_dota_1_ss/dota_results/epoch_128.zip
best_stat: {'epoch': 128, 'mAP': 128.0}
Epoch: [129]  [  0/164]  eta: 0:13:34  lr: 0.000020  loss: 6.8041 (6.8041)  loss_focal: 0.1697 (0.1697)  loss_focal_aux_0: 0.1811 (0.1811)  loss_focal_aux_1: 0.1742 (0.1742)  loss_focal_dn_0: 0.0419 (0.0419)  loss_focal_dn_1: 0.0256 (0.0256)  loss_focal_dn_2: 0.0236 (0.0236)  loss_focal_enc_0: 0.2050 (0.2050)  loss_kld: 0.3527 (0.3527)  loss_kld_aux_0: 0.3760 (0.3760)  loss_kld_aux_1: 0.3543 (0.3543)  loss_kld_dn_0: 0.5607 (0.5607)  loss_kld_dn_1: 0.4417 (0.4417)  loss_kld_dn_2: 0.4242 (0.4242)  loss_kld_enc_0: 0.4210 (0.4210)  loss_l1: 0.6482 (0.6482)  loss_l1_aux_0: 0.6681 (0.6681)  loss_l1_aux_1: 0.6506 (0.6506)  loss_l1_dn_0: 0.1561 (0.1561)  loss_l1_dn_1: 0.1258 (0.1258)  loss_l1_dn_2: 0.1194 (0.1194)  loss_l1_enc_0: 0.6843 (0.6843)  time: 4.9658  data: 4.0842  max mem: 56856
Epoch: [129]  [100/164]  eta: 0:01:07  lr: 0.000020  loss: 6.9084 (7.1984)  loss_focal: 0.1722 (0.1738)  loss_focal_aux_0: 0.1838 (0.1850)  loss_focal_aux_1: 0.1782 (0.1774)  loss_focal_dn_0: 0.0448 (0.0431)  loss_focal_dn_1: 0.0279 (0.0278)  loss_focal_dn_2: 0.0245 (0.0246)  loss_focal_enc_0: 0.2126 (0.2091)  loss_kld: 0.4706 (0.5533)  loss_kld_aux_0: 0.4990 (0.5791)  loss_kld_aux_1: 0.4767 (0.5574)  loss_kld_dn_0: 0.7386 (0.7566)  loss_kld_dn_1: 0.6242 (0.6427)  loss_kld_dn_2: 0.6048 (0.6253)  loss_kld_enc_0: 0.5369 (0.6310)  loss_l1: 0.4084 (0.4132)  loss_l1_aux_0: 0.4180 (0.4252)  loss_l1_aux_1: 0.4105 (0.4147)  loss_l1_dn_0: 0.1291 (0.1216)  loss_l1_dn_1: 0.1065 (0.1002)  loss_l1_dn_2: 0.1010 (0.0961)  loss_l1_enc_0: 0.4411 (0.4414)  time: 0.9746  data: 0.0473  max mem: 56856
Epoch: [129]  [163/164]  eta: 0:00:01  lr: 0.000020  loss: 6.9977 (7.1527)  loss_focal: 0.1882 (0.1755)  loss_focal_aux_0: 0.1967 (0.1867)  loss_focal_aux_1: 0.1916 (0.1792)  loss_focal_dn_0: 0.0427 (0.0433)  loss_focal_dn_1: 0.0293 (0.0279)  loss_focal_dn_2: 0.0267 (0.0246)  loss_focal_enc_0: 0.2271 (0.2111)  loss_kld: 0.5178 (0.5461)  loss_kld_aux_0: 0.5423 (0.5710)  loss_kld_aux_1: 0.5189 (0.5502)  loss_kld_dn_0: 0.7659 (0.7589)  loss_kld_dn_1: 0.6723 (0.6441)  loss_kld_dn_2: 0.6591 (0.6271)  loss_kld_enc_0: 0.5950 (0.6223)  loss_l1: 0.3656 (0.4060)  loss_l1_aux_0: 0.3712 (0.4179)  loss_l1_aux_1: 0.3665 (0.4076)  loss_l1_dn_0: 0.1226 (0.1221)  loss_l1_dn_1: 0.1042 (0.1006)  loss_l1_dn_2: 0.0992 (0.0965)  loss_l1_enc_0: 0.3850 (0.4337)  time: 0.9307  data: 0.0480  max mem: 56856
Epoch: [129] Total time: 0:02:49 (1.0306 s / it)
Test:  [ 0/43]  eta: 0:03:04    time: 4.2937  data: 3.7564  max mem: 56856
Test:  [10/43]  eta: 0:00:30    time: 0.9174  data: 0.5767  max mem: 56856
Test:  [20/43]  eta: 0:00:17    time: 0.5760  data: 0.2619  max mem: 56856
Test:  [30/43]  eta: 0:00:08    time: 0.5451  data: 0.2385  max mem: 56856
Test:  [40/43]  eta: 0:00:01    time: 0.5561  data: 0.2518  max mem: 56856
Test:  [42/43]  eta: 0:00:00    time: 0.5453  data: 0.2509  max mem: 56856
Test: Total time: 0:00:27 (0.6480 s / it)
Averaged stats:
Offline DOTA results saved at /workspace/RT-DETR-OBB/outputs/rtdetrv2_obb_hgnetv2_n_dota_1_ss/dota_results/epoch_129.zip
best_stat: {'epoch': 129, 'mAP': 129.0}
Epoch: [130]  [  0/164]  eta: 0:13:34  lr: 0.000020  loss: 6.4608 (6.4608)  loss_focal: 0.1262 (0.1262)  loss_focal_aux_0: 0.1384 (0.1384)  loss_focal_aux_1: 0.1316 (0.1316)  loss_focal_dn_0: 0.0411 (0.0411)  loss_focal_dn_1: 0.0281 (0.0281)  loss_focal_dn_2: 0.0234 (0.0234)  loss_focal_enc_0: 0.1705 (0.1705)  loss_kld: 0.5343 (0.5343)  loss_kld_aux_0: 0.5507 (0.5507)  loss_kld_aux_1: 0.5348 (0.5348)  loss_kld_dn_0: 0.8266 (0.8266)  loss_kld_dn_1: 0.7108 (0.7108)  loss_kld_dn_2: 0.7066 (0.7066)  loss_kld_enc_0: 0.5939 (0.5939)  loss_l1: 0.2513 (0.2513)  loss_l1_aux_0: 0.2603 (0.2603)  loss_l1_aux_1: 0.2526 (0.2526)  loss_l1_dn_0: 0.1174 (0.1174)  loss_l1_dn_1: 0.0959 (0.0959)  loss_l1_dn_2: 0.0917 (0.0917)  loss_l1_enc_0: 0.2746 (0.2746)  time: 4.9695  data: 4.1479  max mem: 56856
Epoch: [130]  [100/164]  eta: 0:01:06  lr: 0.000020  loss: 6.7093 (7.0374)  loss_focal: 0.1751 (0.1676)  loss_focal_aux_0: 0.1876 (0.1788)  loss_focal_aux_1: 0.1798 (0.1716)  loss_focal_dn_0: 0.0420 (0.0429)  loss_focal_dn_1: 0.0278 (0.0274)  loss_focal_dn_2: 0.0237 (0.0243)  loss_focal_enc_0: 0.2123 (0.2037)  loss_kld: 0.4964 (0.5415)  loss_kld_aux_0: 0.5236 (0.5629)  loss_kld_aux_1: 0.5017 (0.5445)  loss_kld_dn_0: 0.7204 (0.7517)  loss_kld_dn_1: 0.5884 (0.6377)  loss_kld_dn_2: 0.5748 (0.6219)  loss_kld_enc_0: 0.5654 (0.6131)  loss_l1: 0.3727 (0.4006)  loss_l1_aux_0: 0.3819 (0.4110)  loss_l1_aux_1: 0.3731 (0.4022)  loss_l1_dn_0: 0.1266 (0.1178)  loss_l1_dn_1: 0.1038 (0.0970)  loss_l1_dn_2: 0.1013 (0.0929)  loss_l1_enc_0: 0.3979 (0.4262)  time: 0.9417  data: 0.0492  max mem: 56856
Epoch: [130]  [163/164]  eta: 0:00:01  lr: 0.000020  loss: 6.7378 (7.0533)  loss_focal: 0.1768 (0.1689)  loss_focal_aux_0: 0.1933 (0.1803)  loss_focal_aux_1: 0.1844 (0.1728)  loss_focal_dn_0: 0.0418 (0.0439)  loss_focal_dn_1: 0.0273 (0.0277)  loss_focal_dn_2: 0.0242 (0.0243)  loss_focal_enc_0: 0.2189 (0.2047)  loss_kld: 0.4835 (0.5449)  loss_kld_aux_0: 0.5039 (0.5670)  loss_kld_aux_1: 0.4821 (0.5483)  loss_kld_dn_0: 0.7488 (0.7618)  loss_kld_dn_1: 0.6389 (0.6453)  loss_kld_dn_2: 0.6117 (0.6289)  loss_kld_enc_0: 0.5575 (0.6170)  loss_l1: 0.3461 (0.3912)  loss_l1_aux_0: 0.3708 (0.4021)  loss_l1_aux_1: 0.3458 (0.3928)  loss_l1_dn_0: 0.1195 (0.1203)  loss_l1_dn_1: 0.0966 (0.0989)  loss_l1_dn_2: 0.0924 (0.0947)  loss_l1_enc_0: 0.3860 (0.4177)  time: 0.9189  data: 0.0442  max mem: 56856
Epoch: [130] Total time: 0:02:45 (1.0106 s / it)
Test:  [ 0/43]  eta: 0:03:16    time: 4.5660  data: 4.0384  max mem: 56856
Test:  [10/43]  eta: 0:00:30    time: 0.9181  data: 0.5924  max mem: 56856
Test:  [20/43]  eta: 0:00:17    time: 0.5637  data: 0.2586  max mem: 56856
Test:  [30/43]  eta: 0:00:09    time: 0.6135  data: 0.3062  max mem: 56856
Test:  [40/43]  eta: 0:00:02    time: 0.6712  data: 0.3606  max mem: 56856
Test:  [42/43]  eta: 0:00:00    time: 0.6427  data: 0.3424  max mem: 56856
Test: Total time: 0:00:30 (0.7005 s / it)
Averaged stats:
Offline DOTA results saved at /workspace/RT-DETR-OBB/outputs/rtdetrv2_obb_hgnetv2_n_dota_1_ss/dota_results/epoch_130.zip
best_stat: {'epoch': 130, 'mAP': 130.0}
Epoch: [131]  [  0/164]  eta: 0:14:23  lr: 0.000020  loss: 6.8599 (6.8599)  loss_focal: 0.1963 (0.1963)  loss_focal_aux_0: 0.2085 (0.2085)  loss_focal_aux_1: 0.2062 (0.2062)  loss_focal_dn_0: 0.0444 (0.0444)  loss_focal_dn_1: 0.0315 (0.0315)  loss_focal_dn_2: 0.0280 (0.0280)  loss_focal_enc_0: 0.2526 (0.2526)  loss_kld: 0.4505 (0.4505)  loss_kld_aux_0: 0.4983 (0.4983)  loss_kld_aux_1: 0.4625 (0.4625)  loss_kld_dn_0: 0.7812 (0.7812)  loss_kld_dn_1: 0.6379 (0.6379)  loss_kld_dn_2: 0.6130 (0.6130)  loss_kld_enc_0: 0.5613 (0.5613)  loss_l1: 0.3662 (0.3662)  loss_l1_aux_0: 0.3809 (0.3809)  loss_l1_aux_1: 0.3683 (0.3683)  loss_l1_dn_0: 0.1446 (0.1446)  loss_l1_dn_1: 0.1164 (0.1164)  loss_l1_dn_2: 0.1098 (0.1098)  loss_l1_enc_0: 0.4016 (0.4016)  time: 5.2654  data: 4.4576  max mem: 56856
Epoch: [131]  [100/164]  eta: 0:01:04  lr: 0.000020  loss: 7.0567 (7.3127)  loss_focal: 0.1804 (0.1881)  loss_focal_aux_0: 0.1930 (0.1994)  loss_focal_aux_1: 0.1905 (0.1923)  loss_focal_dn_0: 0.0425 (0.0448)  loss_focal_dn_1: 0.0292 (0.0285)  loss_focal_dn_2: 0.0251 (0.0250)  loss_focal_enc_0: 0.2227 (0.2248)  loss_kld: 0.4997 (0.5603)  loss_kld_aux_0: 0.5244 (0.5883)  loss_kld_aux_1: 0.5035 (0.5648)  loss_kld_dn_0: 0.7478 (0.7680)  loss_kld_dn_1: 0.6360 (0.6466)  loss_kld_dn_2: 0.6173 (0.6289)  loss_kld_enc_0: 0.5748 (0.6447)  loss_l1: 0.3969 (0.4106)  loss_l1_aux_0: 0.4071 (0.4241)  loss_l1_aux_1: 0.4001 (0.4122)  loss_l1_dn_0: 0.1221 (0.1232)  loss_l1_dn_1: 0.0976 (0.1010)  loss_l1_dn_2: 0.0937 (0.0966)  loss_l1_enc_0: 0.4214 (0.4403)  time: 0.9537  data: 0.0459  max mem: 56856
Epoch: [131]  [163/164]  eta: 0:00:00  lr: 0.000020  loss: 7.1571 (7.3149)  loss_focal: 0.1800 (0.1836)  loss_focal_aux_0: 0.1876 (0.1949)  loss_focal_aux_1: 0.1786 (0.1877)  loss_focal_dn_0: 0.0441 (0.0452)  loss_focal_dn_1: 0.0284 (0.0285)  loss_focal_dn_2: 0.0258 (0.0251)  loss_focal_enc_0: 0.2106 (0.2200)  loss_kld: 0.5088 (0.5653)  loss_kld_aux_0: 0.5304 (0.5917)  loss_kld_aux_1: 0.5112 (0.5694)  loss_kld_dn_0: 0.7561 (0.7732)  loss_kld_dn_1: 0.6465 (0.6530)  loss_kld_dn_2: 0.6375 (0.6359)  loss_kld_enc_0: 0.5719 (0.6464)  loss_l1: 0.3806 (0.4080)  loss_l1_aux_0: 0.3871 (0.4209)  loss_l1_aux_1: 0.3826 (0.4096)  loss_l1_dn_0: 0.1186 (0.1226)  loss_l1_dn_1: 0.1008 (0.1006)  loss_l1_dn_2: 0.0944 (0.0961)  loss_l1_enc_0: 0.4053 (0.4371)  time: 0.9729  data: 0.0447  max mem: 56856
Epoch: [131] Total time: 0:02:43 (0.9974 s / it)
Test:  [ 0/43]  eta: 0:03:06    time: 4.3357  data: 3.7726  max mem: 56856
Test:  [10/43]  eta: 0:00:30    time: 0.9140  data: 0.5706  max mem: 56856
Test:  [20/43]  eta: 0:00:17    time: 0.5691  data: 0.2450  max mem: 56856
Test:  [30/43]  eta: 0:00:09    time: 0.6103  data: 0.2805  max mem: 56856
Test:  [40/43]  eta: 0:00:02    time: 0.6389  data: 0.3071  max mem: 56856
Test:  [42/43]  eta: 0:00:00    time: 0.5956  data: 0.2746  max mem: 56856
Test: Total time: 0:00:29 (0.6854 s / it)
Averaged stats:
Offline DOTA results saved at /workspace/RT-DETR-OBB/outputs/rtdetrv2_obb_hgnetv2_n_dota_1_ss/dota_results/epoch_131.zip
best_stat: {'epoch': 131, 'mAP': 131.0}
Epoch: [132]  [  0/164]  eta: 0:08:25  lr: 0.000020  loss: 5.7402 (5.7402)  loss_focal: 0.1224 (0.1224)  loss_focal_aux_0: 0.1339 (0.1339)  loss_focal_aux_1: 0.1276 (0.1276)  loss_focal_dn_0: 0.0310 (0.0310)  loss_focal_dn_1: 0.0220 (0.0220)  loss_focal_dn_2: 0.0196 (0.0196)  loss_focal_enc_0: 0.1630 (0.1630)  loss_kld: 0.3497 (0.3497)  loss_kld_aux_0: 0.3809 (0.3809)  loss_kld_aux_1: 0.3560 (0.3560)  loss_kld_dn_0: 0.6641 (0.6641)  loss_kld_dn_1: 0.5392 (0.5392)  loss_kld_dn_2: 0.5234 (0.5234)  loss_kld_enc_0: 0.4347 (0.4347)  loss_l1: 0.3851 (0.3851)  loss_l1_aux_0: 0.4057 (0.4057)  loss_l1_aux_1: 0.3867 (0.3867)  loss_l1_dn_0: 0.1093 (0.1093)  loss_l1_dn_1: 0.0837 (0.0837)  loss_l1_dn_2: 0.0796 (0.0796)  loss_l1_enc_0: 0.4223 (0.4223)  time: 3.0850  data: 1.9319  max mem: 56856
Epoch: [132]  [100/164]  eta: 0:01:13  lr: 0.000020  loss: 5.2119 (5.4422)  loss_focal: 0.1105 (0.1191)  loss_focal_aux_0: 0.1188 (0.1296)  loss_focal_aux_1: 0.1131 (0.1226)  loss_focal_dn_0: 0.0313 (0.0323)  loss_focal_dn_1: 0.0199 (0.0208)  loss_focal_dn_2: 0.0176 (0.0185)  loss_focal_enc_0: 0.1450 (0.1555)  loss_kld: 0.3135 (0.3469)  loss_kld_aux_0: 0.3337 (0.3665)  loss_kld_aux_1: 0.3137 (0.3503)  loss_kld_dn_0: 0.6035 (0.6348)  loss_kld_dn_1: 0.4863 (0.5231)  loss_kld_dn_2: 0.4641 (0.5067)  loss_kld_enc_0: 0.3794 (0.4067)  loss_l1: 0.3240 (0.3521)  loss_l1_aux_0: 0.3354 (0.3616)  loss_l1_aux_1: 0.3253 (0.3534)  loss_l1_dn_0: 0.0989 (0.1032)  loss_l1_dn_1: 0.0775 (0.0838)  loss_l1_dn_2: 0.0745 (0.0803)  loss_l1_enc_0: 0.3518 (0.3746)  time: 1.1347  data: 0.0464  max mem: 56856
Epoch: [132]  [163/164]  eta: 0:00:01  lr: 0.000020  loss: 5.4093 (5.4565)  loss_focal: 0.1225 (0.1192)  loss_focal_aux_0: 0.1293 (0.1295)  loss_focal_aux_1: 0.1250 (0.1231)  loss_focal_dn_0: 0.0318 (0.0321)  loss_focal_dn_1: 0.0212 (0.0207)  loss_focal_dn_2: 0.0187 (0.0185)  loss_focal_enc_0: 0.1625 (0.1562)  loss_kld: 0.3153 (0.3468)  loss_kld_aux_0: 0.3377 (0.3668)  loss_kld_aux_1: 0.3176 (0.3500)  loss_kld_dn_0: 0.5939 (0.6391)  loss_kld_dn_1: 0.4791 (0.5254)  loss_kld_dn_2: 0.4584 (0.5088)  loss_kld_enc_0: 0.3749 (0.4078)  loss_l1: 0.3575 (0.3537)  loss_l1_aux_0: 0.3668 (0.3628)  loss_l1_aux_1: 0.3590 (0.3550)  loss_l1_dn_0: 0.1043 (0.1026)  loss_l1_dn_1: 0.0825 (0.0831)  loss_l1_dn_2: 0.0792 (0.0795)  loss_l1_enc_0: 0.3865 (0.3759)  time: 1.0572  data: 0.0468  max mem: 56856
Epoch: [132] Total time: 0:03:07 (1.1412 s / it)
Test:  [ 0/43]  eta: 0:03:12    time: 4.4708  data: 3.9032  max mem: 56856
Test:  [10/43]  eta: 0:00:30    time: 0.9126  data: 0.5827  max mem: 56856
Test:  [20/43]  eta: 0:00:17    time: 0.5944  data: 0.2871  max mem: 56856
Test:  [30/43]  eta: 0:00:09    time: 0.6103  data: 0.2987  max mem: 56856
Test:  [40/43]  eta: 0:00:02    time: 0.6275  data: 0.3152  max mem: 56856
Test:  [42/43]  eta: 0:00:00    time: 0.6057  data: 0.3049  max mem: 56856
Test: Total time: 0:00:29 (0.6929 s / it)
Averaged stats:
Offline DOTA results saved at /workspace/RT-DETR-OBB/outputs/rtdetrv2_obb_hgnetv2_n_dota_1_ss/dota_results/epoch_132.zip
best_stat: {'epoch': 132, 'mAP': 132.0}
Epoch: [133]  [  0/164]  eta: 0:08:06  lr: 0.000020  loss: 5.2476 (5.2476)  loss_focal: 0.1145 (0.1145)  loss_focal_aux_0: 0.1274 (0.1274)  loss_focal_aux_1: 0.1204 (0.1204)  loss_focal_dn_0: 0.0303 (0.0303)  loss_focal_dn_1: 0.0171 (0.0171)  loss_focal_dn_2: 0.0148 (0.0148)  loss_focal_enc_0: 0.1575 (0.1575)  loss_kld: 0.3209 (0.3209)  loss_kld_aux_0: 0.3402 (0.3402)  loss_kld_aux_1: 0.3254 (0.3254)  loss_kld_dn_0: 0.6539 (0.6539)  loss_kld_dn_1: 0.5338 (0.5338)  loss_kld_dn_2: 0.5176 (0.5176)  loss_kld_enc_0: 0.3673 (0.3673)  loss_l1: 0.3309 (0.3309)  loss_l1_aux_0: 0.3411 (0.3411)  loss_l1_aux_1: 0.3327 (0.3327)  loss_l1_dn_0: 0.0972 (0.0972)  loss_l1_dn_1: 0.0783 (0.0783)  loss_l1_dn_2: 0.0746 (0.0746)  loss_l1_enc_0: 0.3516 (0.3516)  time: 2.9695  data: 2.0047  max mem: 56856
Epoch: [133]  [100/164]  eta: 0:01:13  lr: 0.000020  loss: 5.3975 (5.2150)  loss_focal: 0.1087 (0.1111)  loss_focal_aux_0: 0.1187 (0.1217)  loss_focal_aux_1: 0.1124 (0.1152)  loss_focal_dn_0: 0.0289 (0.0295)  loss_focal_dn_1: 0.0197 (0.0193)  loss_focal_dn_2: 0.0176 (0.0171)  loss_focal_enc_0: 0.1421 (0.1489)  loss_kld: 0.3474 (0.3288)  loss_kld_aux_0: 0.3620 (0.3474)  loss_kld_aux_1: 0.3484 (0.3323)  loss_kld_dn_0: 0.5924 (0.6226)  loss_kld_dn_1: 0.4946 (0.5148)  loss_kld_dn_2: 0.4743 (0.4986)  loss_kld_enc_0: 0.3981 (0.3875)  loss_l1: 0.3212 (0.3329)  loss_l1_aux_0: 0.3239 (0.3414)  loss_l1_aux_1: 0.3226 (0.3343)  loss_l1_dn_0: 0.0967 (0.0990)  loss_l1_dn_1: 0.0808 (0.0809)  loss_l1_dn_2: 0.0771 (0.0773)  loss_l1_enc_0: 0.3364 (0.3544)  time: 1.1416  data: 0.0488  max mem: 56856
Epoch: [133]  [163/164]  eta: 0:00:01  lr: 0.000020  loss: 5.1565 (5.2978)  loss_focal: 0.1156 (0.1107)  loss_focal_aux_0: 0.1223 (0.1210)  loss_focal_aux_1: 0.1192 (0.1146)  loss_focal_dn_0: 0.0290 (0.0295)  loss_focal_dn_1: 0.0191 (0.0193)  loss_focal_dn_2: 0.0166 (0.0171)  loss_focal_enc_0: 0.1512 (0.1472)  loss_kld: 0.3446 (0.3348)  loss_kld_aux_0: 0.3639 (0.3533)  loss_kld_aux_1: 0.3467 (0.3381)  loss_kld_dn_0: 0.5917 (0.6235)  loss_kld_dn_1: 0.4639 (0.5169)  loss_kld_dn_2: 0.4532 (0.5010)  loss_kld_enc_0: 0.3941 (0.3924)  loss_l1: 0.3380 (0.3482)  loss_l1_aux_0: 0.3479 (0.3566)  loss_l1_aux_1: 0.3392 (0.3495)  loss_l1_dn_0: 0.0941 (0.0981)  loss_l1_dn_1: 0.0745 (0.0801)  loss_l1_dn_2: 0.0721 (0.0767)  loss_l1_enc_0: 0.3634 (0.3692)  time: 1.0528  data: 0.0489  max mem: 56856
Epoch: [133] Total time: 0:03:07 (1.1443 s / it)
Test:  [ 0/43]  eta: 0:02:53    time: 4.0410  data: 3.5073  max mem: 56856
Test:  [10/43]  eta: 0:00:28    time: 0.8617  data: 0.5402  max mem: 56856
Test:  [20/43]  eta: 0:00:17    time: 0.5882  data: 0.2856  max mem: 56856
Test:  [30/43]  eta: 0:00:08    time: 0.5823  data: 0.2765  max mem: 56856
Test:  [40/43]  eta: 0:00:01    time: 0.5657  data: 0.2611  max mem: 56856
Test:  [42/43]  eta: 0:00:00    time: 0.5504  data: 0.2564  max mem: 56856
Test: Total time: 0:00:28 (0.6515 s / it)
Averaged stats:
Offline DOTA results saved at /workspace/RT-DETR-OBB/outputs/rtdetrv2_obb_hgnetv2_n_dota_1_ss/dota_results/epoch_133.zip
best_stat: {'epoch': 133, 'mAP': 133.0}
Epoch: [134]  [  0/164]  eta: 0:08:51  lr: 0.000020  loss: 5.4692 (5.4692)  loss_focal: 0.0996 (0.0996)  loss_focal_aux_0: 0.1115 (0.1115)  loss_focal_aux_1: 0.1021 (0.1021)  loss_focal_dn_0: 0.0299 (0.0299)  loss_focal_dn_1: 0.0191 (0.0191)  loss_focal_dn_2: 0.0184 (0.0184)  loss_focal_enc_0: 0.1269 (0.1269)  loss_kld: 0.3664 (0.3664)  loss_kld_aux_0: 0.3833 (0.3833)  loss_kld_aux_1: 0.3690 (0.3690)  loss_kld_dn_0: 0.7145 (0.7145)  loss_kld_dn_1: 0.6122 (0.6122)  loss_kld_dn_2: 0.5949 (0.5949)  loss_kld_enc_0: 0.4178 (0.4178)  loss_l1: 0.3089 (0.3089)  loss_l1_aux_0: 0.3175 (0.3175)  loss_l1_aux_1: 0.3107 (0.3107)  loss_l1_dn_0: 0.0922 (0.0922)  loss_l1_dn_1: 0.0748 (0.0748)  loss_l1_dn_2: 0.0711 (0.0711)  loss_l1_enc_0: 0.3282 (0.3282)  time: 3.2396  data: 2.0478  max mem: 56856
Epoch: [134]  [100/164]  eta: 0:01:13  lr: 0.000020  loss: 4.9846 (5.0885)  loss_focal: 0.0913 (0.1024)  loss_focal_aux_0: 0.1043 (0.1137)  loss_focal_aux_1: 0.0952 (0.1065)  loss_focal_dn_0: 0.0287 (0.0290)  loss_focal_dn_1: 0.0185 (0.0188)  loss_focal_dn_2: 0.0172 (0.0167)  loss_focal_enc_0: 0.1282 (0.1383)  loss_kld: 0.3018 (0.3126)  loss_kld_aux_0: 0.3205 (0.3303)  loss_kld_aux_1: 0.3036 (0.3155)  loss_kld_dn_0: 0.6114 (0.6142)  loss_kld_dn_1: 0.5281 (0.5087)  loss_kld_dn_2: 0.5118 (0.4938)  loss_kld_enc_0: 0.3492 (0.3678)  loss_l1: 0.3031 (0.3341)  loss_l1_aux_0: 0.3078 (0.3424)  loss_l1_aux_1: 0.3048 (0.3354)  loss_l1_dn_0: 0.0889 (0.0976)  loss_l1_dn_1: 0.0736 (0.0795)  loss_l1_dn_2: 0.0703 (0.0761)  loss_l1_enc_0: 0.3176 (0.3554)  time: 1.1903  data: 0.0500  max mem: 56856
Epoch: [134]  [163/164]  eta: 0:00:01  lr: 0.000020  loss: 4.8165 (5.0839)  loss_focal: 0.0932 (0.1030)  loss_focal_aux_0: 0.0969 (0.1137)  loss_focal_aux_1: 0.0941 (0.1068)  loss_focal_dn_0: 0.0257 (0.0288)  loss_focal_dn_1: 0.0172 (0.0187)  loss_focal_dn_2: 0.0157 (0.0166)  loss_focal_enc_0: 0.1289 (0.1382)  loss_kld: 0.3041 (0.3136)  loss_kld_aux_0: 0.3212 (0.3312)  loss_kld_aux_1: 0.3084 (0.3165)  loss_kld_dn_0: 0.6294 (0.6119)  loss_kld_dn_1: 0.5279 (0.5062)  loss_kld_dn_2: 0.5150 (0.4911)  loss_kld_enc_0: 0.3580 (0.3682)  loss_l1: 0.3157 (0.3346)  loss_l1_aux_0: 0.3196 (0.3430)  loss_l1_aux_1: 0.3164 (0.3358)  loss_l1_dn_0: 0.0905 (0.0967)  loss_l1_dn_1: 0.0753 (0.0786)  loss_l1_dn_2: 0.0724 (0.0752)  loss_l1_enc_0: 0.3308 (0.3556)  time: 1.1334  data: 0.0469  max mem: 56856
Epoch: [134] Total time: 0:03:03 (1.1215 s / it)
Test:  [ 0/43]  eta: 0:03:03    time: 4.2610  data: 3.7145  max mem: 56856
Test:  [10/43]  eta: 0:00:32    time: 0.9782  data: 0.6309  max mem: 56856
Test:  [20/43]  eta: 0:00:18    time: 0.6192  data: 0.2940  max mem: 56856
Test:  [30/43]  eta: 0:00:09    time: 0.6080  data: 0.2828  max mem: 56856
Test:  [40/43]  eta: 0:00:02    time: 0.5914  data: 0.2659  max mem: 56856
Test:  [42/43]  eta: 0:00:00    time: 0.5558  data: 0.2417  max mem: 56856
Test: Total time: 0:00:29 (0.6868 s / it)
Averaged stats:
Offline DOTA results saved at /workspace/RT-DETR-OBB/outputs/rtdetrv2_obb_hgnetv2_n_dota_1_ss/dota_results/epoch_134.zip
best_stat: {'epoch': 134, 'mAP': 134.0}
Epoch: [135]  [  0/164]  eta: 0:08:34  lr: 0.000020  loss: 8.1922 (8.1922)  loss_focal: 0.1082 (0.1082)  loss_focal_aux_0: 0.1224 (0.1224)  loss_focal_aux_1: 0.1132 (0.1132)  loss_focal_dn_0: 0.0346 (0.0346)  loss_focal_dn_1: 0.0224 (0.0224)  loss_focal_dn_2: 0.0193 (0.0193)  loss_focal_enc_0: 0.1478 (0.1478)  loss_kld: 0.7734 (0.7734)  loss_kld_aux_0: 0.7917 (0.7917)  loss_kld_aux_1: 0.7768 (0.7768)  loss_kld_dn_0: 0.8102 (0.8102)  loss_kld_dn_1: 0.7301 (0.7301)  loss_kld_dn_2: 0.7199 (0.7199)  loss_kld_enc_0: 0.8401 (0.8401)  loss_l1: 0.4794 (0.4794)  loss_l1_aux_0: 0.4961 (0.4961)  loss_l1_aux_1: 0.4803 (0.4803)  loss_l1_dn_0: 0.0840 (0.0840)  loss_l1_dn_1: 0.0686 (0.0686)  loss_l1_dn_2: 0.0655 (0.0655)  loss_l1_enc_0: 0.5080 (0.5080)  time: 3.1347  data: 2.1380  max mem: 56856
Epoch: [135]  [100/164]  eta: 0:01:13  lr: 0.000020  loss: 4.8978 (5.0277)  loss_focal: 0.0937 (0.0969)  loss_focal_aux_0: 0.1038 (0.1075)  loss_focal_aux_1: 0.0974 (0.1007)  loss_focal_dn_0: 0.0261 (0.0274)  loss_focal_dn_1: 0.0169 (0.0180)  loss_focal_dn_2: 0.0159 (0.0159)  loss_focal_enc_0: 0.1218 (0.1323)  loss_kld: 0.2806 (0.3035)  loss_kld_aux_0: 0.2977 (0.3207)  loss_kld_aux_1: 0.2834 (0.3062)  loss_kld_dn_0: 0.6091 (0.6066)  loss_kld_dn_1: 0.5101 (0.5024)  loss_kld_dn_2: 0.4950 (0.4874)  loss_kld_enc_0: 0.3317 (0.3571)  loss_l1: 0.3006 (0.3420)  loss_l1_aux_0: 0.3097 (0.3507)  loss_l1_aux_1: 0.3016 (0.3433)  loss_l1_dn_0: 0.0941 (0.0950)  loss_l1_dn_1: 0.0767 (0.0773)  loss_l1_dn_2: 0.0732 (0.0739)  loss_l1_enc_0: 0.3188 (0.3629)  time: 1.1292  data: 0.0503  max mem: 56856
Epoch: [135]  [163/164]  eta: 0:00:01  lr: 0.000020  loss: 5.1956 (5.0240)  loss_focal: 0.0980 (0.0986)  loss_focal_aux_0: 0.1106 (0.1090)  loss_focal_aux_1: 0.1000 (0.1023)  loss_focal_dn_0: 0.0257 (0.0277)  loss_focal_dn_1: 0.0177 (0.0183)  loss_focal_dn_2: 0.0156 (0.0161)  loss_focal_enc_0: 0.1325 (0.1341)  loss_kld: 0.3038 (0.3097)  loss_kld_aux_0: 0.3226 (0.3272)  loss_kld_aux_1: 0.3076 (0.3126)  loss_kld_dn_0: 0.6107 (0.6068)  loss_kld_dn_1: 0.5000 (0.5028)  loss_kld_dn_2: 0.4855 (0.4878)  loss_kld_enc_0: 0.3516 (0.3639)  loss_l1: 0.3138 (0.3328)  loss_l1_aux_0: 0.3217 (0.3414)  loss_l1_aux_1: 0.3155 (0.3340)  loss_l1_dn_0: 0.0904 (0.0946)  loss_l1_dn_1: 0.0765 (0.0769)  loss_l1_dn_2: 0.0743 (0.0736)  loss_l1_enc_0: 0.3326 (0.3535)  time: 1.1588  data: 0.0494  max mem: 56856
Epoch: [135] Total time: 0:03:06 (1.1373 s / it)
Test:  [ 0/43]  eta: 0:02:51    time: 3.9784  data: 3.4468  max mem: 56856
Test:  [10/43]  eta: 0:00:27    time: 0.8479  data: 0.5274  max mem: 56856
Test:  [20/43]  eta: 0:00:16    time: 0.5332  data: 0.2320  max mem: 56856
Test:  [30/43]  eta: 0:00:08    time: 0.5449  data: 0.2399  max mem: 56856
Test:  [40/43]  eta: 0:00:01    time: 0.5830  data: 0.2788  max mem: 56856
Test:  [42/43]  eta: 0:00:00    time: 0.5670  data: 0.2733  max mem: 56856
Test: Total time: 0:00:27 (0.6321 s / it)
Averaged stats:
Offline DOTA results saved at /workspace/RT-DETR-OBB/outputs/rtdetrv2_obb_hgnetv2_n_dota_1_ss/dota_results/epoch_135.zip
best_stat: {'epoch': 135, 'mAP': 135.0}
Epoch: [136]  [  0/164]  eta: 0:08:27  lr: 0.000020  loss: 4.8163 (4.8163)  loss_focal: 0.1058 (0.1058)  loss_focal_aux_0: 0.1183 (0.1183)  loss_focal_aux_1: 0.1147 (0.1147)  loss_focal_dn_0: 0.0276 (0.0276)  loss_focal_dn_1: 0.0162 (0.0162)  loss_focal_dn_2: 0.0141 (0.0141)  loss_focal_enc_0: 0.1438 (0.1438)  loss_kld: 0.3615 (0.3615)  loss_kld_aux_0: 0.3781 (0.3781)  loss_kld_aux_1: 0.3654 (0.3654)  loss_kld_dn_0: 0.5617 (0.5617)  loss_kld_dn_1: 0.4559 (0.4559)  loss_kld_dn_2: 0.4374 (0.4374)  loss_kld_enc_0: 0.4082 (0.4082)  loss_l1: 0.2547 (0.2547)  loss_l1_aux_0: 0.2676 (0.2676)  loss_l1_aux_1: 0.2561 (0.2561)  loss_l1_dn_0: 0.0966 (0.0966)  loss_l1_dn_1: 0.0787 (0.0787)  loss_l1_dn_2: 0.0741 (0.0741)  loss_l1_enc_0: 0.2798 (0.2798)  time: 3.0934  data: 1.9395  max mem: 56856
Epoch: [136]  [100/164]  eta: 0:01:15  lr: 0.000020  loss: 4.8863 (5.0552)  loss_focal: 0.0921 (0.0993)  loss_focal_aux_0: 0.1002 (0.1098)  loss_focal_aux_1: 0.0964 (0.1034)  loss_focal_dn_0: 0.0263 (0.0279)  loss_focal_dn_1: 0.0178 (0.0184)  loss_focal_dn_2: 0.0156 (0.0163)  loss_focal_enc_0: 0.1306 (0.1353)  loss_kld: 0.3081 (0.3125)  loss_kld_aux_0: 0.3257 (0.3302)  loss_kld_aux_1: 0.3104 (0.3155)  loss_kld_dn_0: 0.6241 (0.6122)  loss_kld_dn_1: 0.5186 (0.5079)  loss_kld_dn_2: 0.5017 (0.4923)  loss_kld_enc_0: 0.3515 (0.3683)  loss_l1: 0.3037 (0.3320)  loss_l1_aux_0: 0.3163 (0.3401)  loss_l1_aux_1: 0.3046 (0.3331)  loss_l1_dn_0: 0.0945 (0.0959)  loss_l1_dn_1: 0.0753 (0.0779)  loss_l1_dn_2: 0.0733 (0.0745)  loss_l1_enc_0: 0.3271 (0.3523)  time: 1.1738  data: 0.0497  max mem: 56856
Epoch: [136]  [163/164]  eta: 0:00:01  lr: 0.000020  loss: 5.0253 (4.9824)  loss_focal: 0.0928 (0.0980)  loss_focal_aux_0: 0.1034 (0.1085)  loss_focal_aux_1: 0.0969 (0.1019)  loss_focal_dn_0: 0.0267 (0.0276)  loss_focal_dn_1: 0.0166 (0.0182)  loss_focal_dn_2: 0.0151 (0.0160)  loss_focal_enc_0: 0.1276 (0.1341)  loss_kld: 0.3055 (0.3081)  loss_kld_aux_0: 0.3328 (0.3257)  loss_kld_aux_1: 0.3110 (0.3112)  loss_kld_dn_0: 0.6112 (0.6032)  loss_kld_dn_1: 0.5160 (0.4989)  loss_kld_dn_2: 0.5027 (0.4840)  loss_kld_enc_0: 0.3720 (0.3627)  loss_l1: 0.3309 (0.3275)  loss_l1_aux_0: 0.3400 (0.3359)  loss_l1_aux_1: 0.3325 (0.3287)  loss_l1_dn_0: 0.0915 (0.0944)  loss_l1_dn_1: 0.0748 (0.0766)  loss_l1_dn_2: 0.0717 (0.0733)  loss_l1_enc_0: 0.3519 (0.3479)  time: 1.1115  data: 0.0464  max mem: 56856
Epoch: [136] Total time: 0:03:08 (1.1494 s / it)
Test:  [ 0/43]  eta: 0:03:07    time: 4.3540  data: 3.8195  max mem: 56856
Test:  [10/43]  eta: 0:00:29    time: 0.9038  data: 0.5789  max mem: 56856
Test:  [20/43]  eta: 0:00:17    time: 0.6017  data: 0.2936  max mem: 56856
Test:  [30/43]  eta: 0:00:09    time: 0.6250  data: 0.3141  max mem: 56856
Test:  [40/43]  eta: 0:00:02    time: 0.6235  data: 0.3179  max mem: 56856
Test:  [42/43]  eta: 0:00:00    time: 0.6116  data: 0.3178  max mem: 56856
Test: Total time: 0:00:29 (0.6934 s / it)
Averaged stats:
Offline DOTA results saved at /workspace/RT-DETR-OBB/outputs/rtdetrv2_obb_hgnetv2_n_dota_1_ss/dota_results/epoch_136.zip
best_stat: {'epoch': 136, 'mAP': 136.0}
Epoch: [137]  [  0/164]  eta: 0:07:27  lr: 0.000020  loss: 5.1957 (5.1957)  loss_focal: 0.1565 (0.1565)  loss_focal_aux_0: 0.1787 (0.1787)  loss_focal_aux_1: 0.1660 (0.1660)  loss_focal_dn_0: 0.0394 (0.0394)  loss_focal_dn_1: 0.0274 (0.0274)  loss_focal_dn_2: 0.0238 (0.0238)  loss_focal_enc_0: 0.2232 (0.2232)  loss_kld: 0.2589 (0.2589)  loss_kld_aux_0: 0.2843 (0.2843)  loss_kld_aux_1: 0.2610 (0.2610)  loss_kld_dn_0: 0.5109 (0.5109)  loss_kld_dn_1: 0.3985 (0.3985)  loss_kld_dn_2: 0.3783 (0.3783)  loss_kld_enc_0: 0.3398 (0.3398)  loss_l1: 0.3957 (0.3957)  loss_l1_aux_0: 0.4084 (0.4084)  loss_l1_aux_1: 0.3960 (0.3960)  loss_l1_dn_0: 0.1228 (0.1228)  loss_l1_dn_1: 0.1000 (0.1000)  loss_l1_dn_2: 0.0957 (0.0957)  loss_l1_enc_0: 0.4302 (0.4302)  time: 2.7275  data: 2.0309  max mem: 56856
Epoch: [137]  [100/164]  eta: 0:01:12  lr: 0.000020  loss: 4.9942 (4.9844)  loss_focal: 0.0917 (0.0948)  loss_focal_aux_0: 0.1033 (0.1056)  loss_focal_aux_1: 0.0968 (0.0987)  loss_focal_dn_0: 0.0264 (0.0270)  loss_focal_dn_1: 0.0173 (0.0178)  loss_focal_dn_2: 0.0153 (0.0158)  loss_focal_enc_0: 0.1326 (0.1313)  loss_kld: 0.2950 (0.3084)  loss_kld_aux_0: 0.3136 (0.3267)  loss_kld_aux_1: 0.2980 (0.3114)  loss_kld_dn_0: 0.5960 (0.6058)  loss_kld_dn_1: 0.4968 (0.4998)  loss_kld_dn_2: 0.4856 (0.4839)  loss_kld_enc_0: 0.3537 (0.3644)  loss_l1: 0.3259 (0.3295)  loss_l1_aux_0: 0.3342 (0.3377)  loss_l1_aux_1: 0.3271 (0.3306)  loss_l1_dn_0: 0.0965 (0.0948)  loss_l1_dn_1: 0.0779 (0.0768)  loss_l1_dn_2: 0.0740 (0.0735)  loss_l1_enc_0: 0.3434 (0.3500)  time: 1.1275  data: 0.0482  max mem: 56856
Epoch: [137]  [163/164]  eta: 0:00:01  lr: 0.000020  loss: 4.8886 (4.9743)  loss_focal: 0.1007 (0.0961)  loss_focal_aux_0: 0.1138 (0.1070)  loss_focal_aux_1: 0.1048 (0.1000)  loss_focal_dn_0: 0.0273 (0.0272)  loss_focal_dn_1: 0.0177 (0.0179)  loss_focal_dn_2: 0.0151 (0.0158)  loss_focal_enc_0: 0.1391 (0.1327)  loss_kld: 0.2807 (0.3071)  loss_kld_aux_0: 0.3002 (0.3254)  loss_kld_aux_1: 0.2847 (0.3101)  loss_kld_dn_0: 0.5715 (0.6038)  loss_kld_dn_1: 0.4677 (0.4981)  loss_kld_dn_2: 0.4492 (0.4826)  loss_kld_enc_0: 0.3315 (0.3635)  loss_l1: 0.2913 (0.3276)  loss_l1_aux_0: 0.2986 (0.3361)  loss_l1_aux_1: 0.2945 (0.3288)  loss_l1_dn_0: 0.0954 (0.0950)  loss_l1_dn_1: 0.0754 (0.0771)  loss_l1_dn_2: 0.0720 (0.0738)  loss_l1_enc_0: 0.3078 (0.3485)  time: 1.1157  data: 0.0473  max mem: 56856
Epoch: [137] Total time: 0:03:05 (1.1316 s / it)
Test:  [ 0/43]  eta: 0:03:30    time: 4.8925  data: 4.3633  max mem: 56856
Test:  [10/43]  eta: 0:00:31    time: 0.9675  data: 0.6411  max mem: 56856
Test:  [20/43]  eta: 0:00:18    time: 0.6152  data: 0.3068  max mem: 56856
Test:  [30/43]  eta: 0:00:09    time: 0.6266  data: 0.3158  max mem: 56856
Test:  [40/43]  eta: 0:00:02    time: 0.6310  data: 0.3223  max mem: 56856
Test:  [42/43]  eta: 0:00:00    time: 0.6116  data: 0.3144  max mem: 56856
Test: Total time: 0:00:30 (0.7125 s / it)
Averaged stats:
Offline DOTA results saved at /workspace/RT-DETR-OBB/outputs/rtdetrv2_obb_hgnetv2_n_dota_1_ss/dota_results/epoch_137.zip
best_stat: {'epoch': 137, 'mAP': 137.0}
Epoch: [138]  [  0/164]  eta: 0:07:55  lr: 0.000020  loss: 4.9576 (4.9576)  loss_focal: 0.1160 (0.1160)  loss_focal_aux_0: 0.1290 (0.1290)  loss_focal_aux_1: 0.1195 (0.1195)  loss_focal_dn_0: 0.0313 (0.0313)  loss_focal_dn_1: 0.0211 (0.0211)  loss_focal_dn_2: 0.0188 (0.0188)  loss_focal_enc_0: 0.1576 (0.1576)  loss_kld: 0.2812 (0.2812)  loss_kld_aux_0: 0.3007 (0.3007)  loss_kld_aux_1: 0.2839 (0.2839)  loss_kld_dn_0: 0.5758 (0.5758)  loss_kld_dn_1: 0.4733 (0.4733)  loss_kld_dn_2: 0.4581 (0.4581)  loss_kld_enc_0: 0.3465 (0.3465)  loss_l1: 0.3298 (0.3298)  loss_l1_aux_0: 0.3396 (0.3396)  loss_l1_aux_1: 0.3313 (0.3313)  loss_l1_dn_0: 0.1139 (0.1139)  loss_l1_dn_1: 0.0906 (0.0906)  loss_l1_dn_2: 0.0868 (0.0868)  loss_l1_enc_0: 0.3529 (0.3529)  time: 2.9018  data: 1.9811  max mem: 56856
Epoch: [138]  [100/164]  eta: 0:01:14  lr: 0.000020  loss: 4.9782 (5.0143)  loss_focal: 0.1093 (0.0965)  loss_focal_aux_0: 0.1226 (0.1076)  loss_focal_aux_1: 0.1151 (0.1007)  loss_focal_dn_0: 0.0301 (0.0281)  loss_focal_dn_1: 0.0192 (0.0183)  loss_focal_dn_2: 0.0166 (0.0161)  loss_focal_enc_0: 0.1473 (0.1341)  loss_kld: 0.2892 (0.3038)  loss_kld_aux_0: 0.3137 (0.3239)  loss_kld_aux_1: 0.2936 (0.3073)  loss_kld_dn_0: 0.6358 (0.6078)  loss_kld_dn_1: 0.5102 (0.4972)  loss_kld_dn_2: 0.4981 (0.4807)  loss_kld_enc_0: 0.3569 (0.3638)  loss_l1: 0.3288 (0.3377)  loss_l1_aux_0: 0.3376 (0.3464)  loss_l1_aux_1: 0.3305 (0.3390)  loss_l1_dn_0: 0.0994 (0.0954)  loss_l1_dn_1: 0.0799 (0.0772)  loss_l1_dn_2: 0.0769 (0.0737)  loss_l1_enc_0: 0.3514 (0.3589)  time: 1.1163  data: 0.0483  max mem: 56856
Epoch: [138]  [163/164]  eta: 0:00:01  lr: 0.000020  loss: 5.2809 (5.0773)  loss_focal: 0.1016 (0.0988)  loss_focal_aux_0: 0.1163 (0.1098)  loss_focal_aux_1: 0.1065 (0.1029)  loss_focal_dn_0: 0.0283 (0.0282)  loss_focal_dn_1: 0.0183 (0.0184)  loss_focal_dn_2: 0.0164 (0.0162)  loss_focal_enc_0: 0.1489 (0.1360)  loss_kld: 0.3287 (0.3161)  loss_kld_aux_0: 0.3626 (0.3368)  loss_kld_aux_1: 0.3327 (0.3198)  loss_kld_dn_0: 0.6236 (0.6152)  loss_kld_dn_1: 0.5017 (0.5033)  loss_kld_dn_2: 0.4875 (0.4865)  loss_kld_enc_0: 0.4091 (0.3778)  loss_l1: 0.3395 (0.3332)  loss_l1_aux_0: 0.3478 (0.3418)  loss_l1_aux_1: 0.3424 (0.3345)  loss_l1_dn_0: 0.0948 (0.0959)  loss_l1_dn_1: 0.0755 (0.0775)  loss_l1_dn_2: 0.0722 (0.0740)  loss_l1_enc_0: 0.3586 (0.3543)  time: 1.1754  data: 0.0466  max mem: 56856
Epoch: [138] Total time: 0:03:10 (1.1627 s / it)
Test:  [ 0/43]  eta: 0:03:00    time: 4.2066  data: 3.6616  max mem: 56856
Test:  [10/43]  eta: 0:00:31    time: 0.9518  data: 0.6112  max mem: 56856
Test:  [20/43]  eta: 0:00:18    time: 0.6452  data: 0.3252  max mem: 56856
Test:  [30/43]  eta: 0:00:09    time: 0.6253  data: 0.3039  max mem: 56856
Test:  [40/43]  eta: 0:00:02    time: 0.6145  data: 0.2992  max mem: 56856
Test:  [42/43]  eta: 0:00:00    time: 0.5987  data: 0.2952  max mem: 56856
Test: Total time: 0:00:30 (0.7015 s / it)
Averaged stats:
Offline DOTA results saved at /workspace/RT-DETR-OBB/outputs/rtdetrv2_obb_hgnetv2_n_dota_1_ss/dota_results/epoch_138.zip
best_stat: {'epoch': 138, 'mAP': 138.0}
Epoch: [139]  [  0/164]  eta: 0:07:50  lr: 0.000020  loss: 4.5110 (4.5110)  loss_focal: 0.1097 (0.1097)  loss_focal_aux_0: 0.1251 (0.1251)  loss_focal_aux_1: 0.1149 (0.1149)  loss_focal_dn_0: 0.0301 (0.0301)  loss_focal_dn_1: 0.0206 (0.0206)  loss_focal_dn_2: 0.0173 (0.0173)  loss_focal_enc_0: 0.1521 (0.1521)  loss_kld: 0.2743 (0.2743)  loss_kld_aux_0: 0.2935 (0.2935)  loss_kld_aux_1: 0.2786 (0.2786)  loss_kld_dn_0: 0.5328 (0.5328)  loss_kld_dn_1: 0.4117 (0.4117)  loss_kld_dn_2: 0.3937 (0.3937)  loss_kld_enc_0: 0.3422 (0.3422)  loss_l1: 0.2860 (0.2860)  loss_l1_aux_0: 0.2975 (0.2975)  loss_l1_aux_1: 0.2878 (0.2878)  loss_l1_dn_0: 0.0898 (0.0898)  loss_l1_dn_1: 0.0722 (0.0722)  loss_l1_dn_2: 0.0699 (0.0699)  loss_l1_enc_0: 0.3112 (0.3112)  time: 2.8695  data: 1.9548  max mem: 56856
Epoch: [139]  [100/164]  eta: 0:01:16  lr: 0.000020  loss: 4.8371 (4.9745)  loss_focal: 0.0926 (0.0933)  loss_focal_aux_0: 0.1052 (0.1038)  loss_focal_aux_1: 0.0961 (0.0972)  loss_focal_dn_0: 0.0275 (0.0267)  loss_focal_dn_1: 0.0188 (0.0176)  loss_focal_dn_2: 0.0162 (0.0155)  loss_focal_enc_0: 0.1298 (0.1299)  loss_kld: 0.2719 (0.3013)  loss_kld_aux_0: 0.2839 (0.3189)  loss_kld_aux_1: 0.2753 (0.3043)  loss_kld_dn_0: 0.6157 (0.5978)  loss_kld_dn_1: 0.4950 (0.4959)  loss_kld_dn_2: 0.4752 (0.4809)  loss_kld_enc_0: 0.3278 (0.3546)  loss_l1: 0.2919 (0.3410)  loss_l1_aux_0: 0.3030 (0.3486)  loss_l1_aux_1: 0.2935 (0.3422)  loss_l1_dn_0: 0.0953 (0.0942)  loss_l1_dn_1: 0.0785 (0.0767)  loss_l1_dn_2: 0.0746 (0.0735)  loss_l1_enc_0: 0.3153 (0.3607)  time: 1.0922  data: 0.0480  max mem: 56856
Epoch: [139]  [163/164]  eta: 0:00:01  lr: 0.000020  loss: 4.7792 (4.9051)  loss_focal: 0.0914 (0.0932)  loss_focal_aux_0: 0.1015 (0.1037)  loss_focal_aux_1: 0.0957 (0.0971)  loss_focal_dn_0: 0.0261 (0.0269)  loss_focal_dn_1: 0.0169 (0.0177)  loss_focal_dn_2: 0.0151 (0.0156)  loss_focal_enc_0: 0.1225 (0.1293)  loss_kld: 0.2845 (0.2989)  loss_kld_aux_0: 0.3008 (0.3162)  loss_kld_aux_1: 0.2883 (0.3018)  loss_kld_dn_0: 0.5879 (0.5959)  loss_kld_dn_1: 0.5076 (0.4932)  loss_kld_dn_2: 0.4939 (0.4782)  loss_kld_enc_0: 0.3334 (0.3520)  loss_l1: 0.2941 (0.3280)  loss_l1_aux_0: 0.3000 (0.3360)  loss_l1_aux_1: 0.2949 (0.3291)  loss_l1_dn_0: 0.0947 (0.0943)  loss_l1_dn_1: 0.0758 (0.0764)  loss_l1_dn_2: 0.0728 (0.0732)  loss_l1_enc_0: 0.3111 (0.3481)  time: 1.0744  data: 0.0499  max mem: 56856
Epoch: [139] Total time: 0:03:10 (1.1617 s / it)
Test:  [ 0/43]  eta: 0:02:56    time: 4.1100  data: 3.5743  max mem: 56856
Test:  [10/43]  eta: 0:00:28    time: 0.8731  data: 0.5400  max mem: 56856
Test:  [20/43]  eta: 0:00:16    time: 0.5592  data: 0.2435  max mem: 56856
Test:  [30/43]  eta: 0:00:08    time: 0.5470  data: 0.2302  max mem: 56856
Test:  [40/43]  eta: 0:00:01    time: 0.5706  data: 0.2556  max mem: 56856
Test:  [42/43]  eta: 0:00:00    time: 0.5582  data: 0.2537  max mem: 56856
Test: Total time: 0:00:27 (0.6442 s / it)
Averaged stats:
Offline DOTA results saved at /workspace/RT-DETR-OBB/outputs/rtdetrv2_obb_hgnetv2_n_dota_1_ss/dota_results/epoch_139.zip
best_stat: {'epoch': 139, 'mAP': 139.0}
Epoch: [140]  [  0/164]  eta: 0:08:18  lr: 0.000020  loss: 4.8456 (4.8456)  loss_focal: 0.0836 (0.0836)  loss_focal_aux_0: 0.0906 (0.0906)  loss_focal_aux_1: 0.0895 (0.0895)  loss_focal_dn_0: 0.0262 (0.0262)  loss_focal_dn_1: 0.0162 (0.0162)  loss_focal_dn_2: 0.0162 (0.0162)  loss_focal_enc_0: 0.1124 (0.1124)  loss_kld: 0.2540 (0.2540)  loss_kld_aux_0: 0.2673 (0.2673)  loss_kld_aux_1: 0.2544 (0.2544)  loss_kld_dn_0: 0.6674 (0.6674)  loss_kld_dn_1: 0.5587 (0.5587)  loss_kld_dn_2: 0.5437 (0.5437)  loss_kld_enc_0: 0.2980 (0.2980)  loss_l1: 0.3139 (0.3139)  loss_l1_aux_0: 0.3251 (0.3251)  loss_l1_aux_1: 0.3160 (0.3160)  loss_l1_dn_0: 0.1052 (0.1052)  loss_l1_dn_1: 0.0857 (0.0857)  loss_l1_dn_2: 0.0811 (0.0811)  loss_l1_enc_0: 0.3403 (0.3403)  time: 3.0374  data: 1.9835  max mem: 56856
Epoch: [140]  [100/164]  eta: 0:01:12  lr: 0.000020  loss: 4.6749 (4.7971)  loss_focal: 0.0880 (0.0873)  loss_focal_aux_0: 0.1002 (0.0975)  loss_focal_aux_1: 0.0908 (0.0911)  loss_focal_dn_0: 0.0256 (0.0261)  loss_focal_dn_1: 0.0174 (0.0174)  loss_focal_dn_2: 0.0149 (0.0154)  loss_focal_enc_0: 0.1225 (0.1224)  loss_kld: 0.2601 (0.2903)  loss_kld_aux_0: 0.2749 (0.3073)  loss_kld_aux_1: 0.2628 (0.2933)  loss_kld_dn_0: 0.5565 (0.5893)  loss_kld_dn_1: 0.4500 (0.4878)  loss_kld_dn_2: 0.4330 (0.4738)  loss_kld_enc_0: 0.3147 (0.3429)  loss_l1: 0.3006 (0.3219)  loss_l1_aux_0: 0.3074 (0.3295)  loss_l1_aux_1: 0.3017 (0.3231)  loss_l1_dn_0: 0.0915 (0.0924)  loss_l1_dn_1: 0.0716 (0.0750)  loss_l1_dn_2: 0.0690 (0.0718)  loss_l1_enc_0: 0.3184 (0.3416)  time: 1.0958  data: 0.0450  max mem: 56856
Epoch: [140]  [163/164]  eta: 0:00:01  lr: 0.000020  loss: 4.6636 (4.8219)  loss_focal: 0.0843 (0.0875)  loss_focal_aux_0: 0.0897 (0.0976)  loss_focal_aux_1: 0.0851 (0.0914)  loss_focal_dn_0: 0.0249 (0.0263)  loss_focal_dn_1: 0.0163 (0.0173)  loss_focal_dn_2: 0.0142 (0.0153)  loss_focal_enc_0: 0.1181 (0.1229)  loss_kld: 0.2706 (0.2917)  loss_kld_aux_0: 0.2905 (0.3086)  loss_kld_aux_1: 0.2758 (0.2946)  loss_kld_dn_0: 0.5916 (0.5965)  loss_kld_dn_1: 0.4811 (0.4929)  loss_kld_dn_2: 0.4670 (0.4784)  loss_kld_enc_0: 0.3189 (0.3438)  loss_l1: 0.3133 (0.3215)  loss_l1_aux_0: 0.3225 (0.3294)  loss_l1_aux_1: 0.3154 (0.3227)  loss_l1_dn_0: 0.0932 (0.0936)  loss_l1_dn_1: 0.0747 (0.0757)  loss_l1_dn_2: 0.0719 (0.0725)  loss_l1_enc_0: 0.3299 (0.3416)  time: 1.1055  data: 0.0465  max mem: 56856
Epoch: [140] Total time: 0:03:03 (1.1162 s / it)
Test:  [ 0/43]  eta: 0:03:04    time: 4.2846  data: 3.7551  max mem: 56856
Test:  [10/43]  eta: 0:00:29    time: 0.8850  data: 0.5642  max mem: 56856
Test:  [20/43]  eta: 0:00:17    time: 0.5674  data: 0.2672  max mem: 56856
Test:  [30/43]  eta: 0:00:08    time: 0.5781  data: 0.2756  max mem: 56856
Test:  [40/43]  eta: 0:00:01    time: 0.5748  data: 0.2713  max mem: 56856
Test:  [42/43]  eta: 0:00:00    time: 0.5577  data: 0.2647  max mem: 56856
Test: Total time: 0:00:27 (0.6506 s / it)
Averaged stats:
Offline DOTA results saved at /workspace/RT-DETR-OBB/outputs/rtdetrv2_obb_hgnetv2_n_dota_1_ss/dota_results/epoch_140.zip
best_stat: {'epoch': 140, 'mAP': 140.0}
Epoch: [141]  [  0/164]  eta: 0:08:08  lr: 0.000020  loss: 6.0664 (6.0664)  loss_focal: 0.0921 (0.0921)  loss_focal_aux_0: 0.1043 (0.1043)  loss_focal_aux_1: 0.0969 (0.0969)  loss_focal_dn_0: 0.0305 (0.0305)  loss_focal_dn_1: 0.0197 (0.0197)  loss_focal_dn_2: 0.0183 (0.0183)  loss_focal_enc_0: 0.1286 (0.1286)  loss_kld: 0.3709 (0.3709)  loss_kld_aux_0: 0.3915 (0.3915)  loss_kld_aux_1: 0.3730 (0.3730)  loss_kld_dn_0: 0.5298 (0.5298)  loss_kld_dn_1: 0.4260 (0.4260)  loss_kld_dn_2: 0.4167 (0.4167)  loss_kld_enc_0: 0.4318 (0.4318)  loss_l1: 0.5971 (0.5971)  loss_l1_aux_0: 0.6037 (0.6037)  loss_l1_aux_1: 0.5988 (0.5988)  loss_l1_dn_0: 0.0883 (0.0883)  loss_l1_dn_1: 0.0682 (0.0682)  loss_l1_dn_2: 0.0636 (0.0636)  loss_l1_enc_0: 0.6167 (0.6167)  time: 2.9781  data: 1.9886  max mem: 56856
Epoch: [141]  [100/164]  eta: 0:01:11  lr: 0.000020  loss: 4.6614 (4.7284)  loss_focal: 0.0800 (0.0856)  loss_focal_aux_0: 0.0895 (0.0957)  loss_focal_aux_1: 0.0813 (0.0891)  loss_focal_dn_0: 0.0246 (0.0258)  loss_focal_dn_1: 0.0157 (0.0170)  loss_focal_dn_2: 0.0137 (0.0148)  loss_focal_enc_0: 0.1158 (0.1207)  loss_kld: 0.2776 (0.2929)  loss_kld_aux_0: 0.2922 (0.3093)  loss_kld_aux_1: 0.2817 (0.2957)  loss_kld_dn_0: 0.6126 (0.5816)  loss_kld_dn_1: 0.5135 (0.4819)  loss_kld_dn_2: 0.4960 (0.4676)  loss_kld_enc_0: 0.3195 (0.3437)  loss_l1: 0.2920 (0.3106)  loss_l1_aux_0: 0.2927 (0.3183)  loss_l1_aux_1: 0.2920 (0.3118)  loss_l1_dn_0: 0.0895 (0.0913)  loss_l1_dn_1: 0.0752 (0.0741)  loss_l1_dn_2: 0.0724 (0.0709)  loss_l1_enc_0: 0.3019 (0.3300)  time: 1.1038  data: 0.0459  max mem: 56856
Epoch: [141]  [163/164]  eta: 0:00:01  lr: 0.000020  loss: 4.8613 (4.7938)  loss_focal: 0.0812 (0.0874)  loss_focal_aux_0: 0.0917 (0.0980)  loss_focal_aux_1: 0.0849 (0.0912)  loss_focal_dn_0: 0.0268 (0.0261)  loss_focal_dn_1: 0.0178 (0.0172)  loss_focal_dn_2: 0.0158 (0.0150)  loss_focal_enc_0: 0.1146 (0.1229)  loss_kld: 0.2921 (0.2919)  loss_kld_aux_0: 0.3101 (0.3099)  loss_kld_aux_1: 0.2941 (0.2949)  loss_kld_dn_0: 0.5958 (0.5922)  loss_kld_dn_1: 0.4886 (0.4882)  loss_kld_dn_2: 0.4721 (0.4731)  loss_kld_enc_0: 0.3439 (0.3461)  loss_l1: 0.3057 (0.3173)  loss_l1_aux_0: 0.3123 (0.3255)  loss_l1_aux_1: 0.3066 (0.3185)  loss_l1_dn_0: 0.0942 (0.0932)  loss_l1_dn_1: 0.0762 (0.0754)  loss_l1_dn_2: 0.0736 (0.0722)  loss_l1_enc_0: 0.3239 (0.3374)  time: 1.0818  data: 0.0475  max mem: 56856
Epoch: [141] Total time: 0:03:01 (1.1068 s / it)
Test:  [ 0/43]  eta: 0:03:10    time: 4.4293  data: 3.8626  max mem: 56856
Test:  [10/43]  eta: 0:00:28    time: 0.8766  data: 0.5512  max mem: 56856
Test:  [20/43]  eta: 0:00:17    time: 0.5837  data: 0.2757  max mem: 56856
Test:  [30/43]  eta: 0:00:09    time: 0.5956  data: 0.2875  max mem: 56856
Test:  [40/43]  eta: 0:00:02    time: 0.6204  data: 0.3205  max mem: 56856
Test:  [42/43]  eta: 0:00:00    time: 0.6096  data: 0.3195  max mem: 56856
Test: Total time: 0:00:29 (0.6839 s / it)
Averaged stats:
Offline DOTA results saved at /workspace/RT-DETR-OBB/outputs/rtdetrv2_obb_hgnetv2_n_dota_1_ss/dota_results/epoch_141.zip
best_stat: {'epoch': 141, 'mAP': 141.0}
Epoch: [142]  [  0/164]  eta: 0:08:10  lr: 0.000020  loss: 5.3816 (5.3816)  loss_focal: 0.1129 (0.1129)  loss_focal_aux_0: 0.1346 (0.1346)  loss_focal_aux_1: 0.1264 (0.1264)  loss_focal_dn_0: 0.0292 (0.0292)  loss_focal_dn_1: 0.0203 (0.0203)  loss_focal_dn_2: 0.0182 (0.0182)  loss_focal_enc_0: 0.1583 (0.1583)  loss_kld: 0.3712 (0.3712)  loss_kld_aux_0: 0.3902 (0.3902)  loss_kld_aux_1: 0.3743 (0.3743)  loss_kld_dn_0: 0.5375 (0.5375)  loss_kld_dn_1: 0.4314 (0.4314)  loss_kld_dn_2: 0.4140 (0.4140)  loss_kld_enc_0: 0.4326 (0.4326)  loss_l1: 0.3907 (0.3907)  loss_l1_aux_0: 0.3994 (0.3994)  loss_l1_aux_1: 0.3924 (0.3924)  loss_l1_dn_0: 0.0903 (0.0903)  loss_l1_dn_1: 0.0738 (0.0738)  loss_l1_dn_2: 0.0709 (0.0709)  loss_l1_enc_0: 0.4130 (0.4130)  time: 2.9929  data: 2.0718  max mem: 56856
Epoch: [142]  [100/164]  eta: 0:01:11  lr: 0.000020  loss: 4.6645 (4.7833)  loss_focal: 0.0919 (0.0906)  loss_focal_aux_0: 0.1007 (0.1016)  loss_focal_aux_1: 0.0968 (0.0945)  loss_focal_dn_0: 0.0265 (0.0265)  loss_focal_dn_1: 0.0176 (0.0177)  loss_focal_dn_2: 0.0152 (0.0157)  loss_focal_enc_0: 0.1300 (0.1268)  loss_kld: 0.2620 (0.2900)  loss_kld_aux_0: 0.2794 (0.3078)  loss_kld_aux_1: 0.2648 (0.2929)  loss_kld_dn_0: 0.5801 (0.5832)  loss_kld_dn_1: 0.4696 (0.4772)  loss_kld_dn_2: 0.4529 (0.4613)  loss_kld_enc_0: 0.3144 (0.3451)  loss_l1: 0.3172 (0.3204)  loss_l1_aux_0: 0.3238 (0.3284)  loss_l1_aux_1: 0.3194 (0.3216)  loss_l1_dn_0: 0.0978 (0.0936)  loss_l1_dn_1: 0.0807 (0.0754)  loss_l1_dn_2: 0.0773 (0.0721)  loss_l1_enc_0: 0.3377 (0.3408)  time: 1.0753  data: 0.0472  max mem: 56856
Epoch: [142]  [163/164]  eta: 0:00:01  lr: 0.000020  loss: 5.1069 (4.8579)  loss_focal: 0.0905 (0.0894)  loss_focal_aux_0: 0.1014 (0.1004)  loss_focal_aux_1: 0.0957 (0.0934)  loss_focal_dn_0: 0.0269 (0.0263)  loss_focal_dn_1: 0.0178 (0.0176)  loss_focal_dn_2: 0.0155 (0.0155)  loss_focal_enc_0: 0.1242 (0.1252)  loss_kld: 0.3214 (0.2983)  loss_kld_aux_0: 0.3423 (0.3168)  loss_kld_aux_1: 0.3256 (0.3015)  loss_kld_dn_0: 0.6135 (0.5937)  loss_kld_dn_1: 0.4984 (0.4877)  loss_kld_dn_2: 0.4863 (0.4717)  loss_kld_enc_0: 0.3850 (0.3550)  loss_l1: 0.3097 (0.3234)  loss_l1_aux_0: 0.3138 (0.3316)  loss_l1_aux_1: 0.3110 (0.3247)  loss_l1_dn_0: 0.0961 (0.0937)  loss_l1_dn_1: 0.0766 (0.0757)  loss_l1_dn_2: 0.0722 (0.0724)  loss_l1_enc_0: 0.3245 (0.3440)  time: 1.1365  data: 0.0489  max mem: 56856
Epoch: [142] Total time: 0:03:03 (1.1212 s / it)
Test:  [ 0/43]  eta: 0:03:10    time: 4.4192  data: 3.8864  max mem: 56856
Test:  [10/43]  eta: 0:00:29    time: 0.9000  data: 0.5745  max mem: 56856
Test:  [20/43]  eta: 0:00:17    time: 0.5815  data: 0.2770  max mem: 56856
Test:  [30/43]  eta: 0:00:08    time: 0.5697  data: 0.2644  max mem: 56856
Test:  [40/43]  eta: 0:00:02    time: 0.5883  data: 0.2824  max mem: 56856
Test:  [42/43]  eta: 0:00:00    time: 0.5772  data: 0.2816  max mem: 56856
Test: Total time: 0:00:28 (0.6697 s / it)
Averaged stats:
Offline DOTA results saved at /workspace/RT-DETR-OBB/outputs/rtdetrv2_obb_hgnetv2_n_dota_1_ss/dota_results/epoch_142.zip
best_stat: {'epoch': 142, 'mAP': 142.0}
Epoch: [143]  [  0/164]  eta: 0:08:34  lr: 0.000020  loss: 4.9285 (4.9285)  loss_focal: 0.0809 (0.0809)  loss_focal_aux_0: 0.0974 (0.0974)  loss_focal_aux_1: 0.0854 (0.0854)  loss_focal_dn_0: 0.0249 (0.0249)  loss_focal_dn_1: 0.0162 (0.0162)  loss_focal_dn_2: 0.0141 (0.0141)  loss_focal_enc_0: 0.1225 (0.1225)  loss_kld: 0.3532 (0.3532)  loss_kld_aux_0: 0.3723 (0.3723)  loss_kld_aux_1: 0.3569 (0.3569)  loss_kld_dn_0: 0.6118 (0.6118)  loss_kld_dn_1: 0.4717 (0.4717)  loss_kld_dn_2: 0.4474 (0.4474)  loss_kld_enc_0: 0.4178 (0.4178)  loss_l1: 0.3038 (0.3038)  loss_l1_aux_0: 0.3100 (0.3100)  loss_l1_aux_1: 0.3049 (0.3049)  loss_l1_dn_0: 0.0859 (0.0859)  loss_l1_dn_1: 0.0663 (0.0663)  loss_l1_dn_2: 0.0642 (0.0642)  loss_l1_enc_0: 0.3207 (0.3207)  time: 3.1392  data: 2.0310  max mem: 56856
Epoch: [143]  [100/164]  eta: 0:01:14  lr: 0.000020  loss: 4.7343 (4.7183)  loss_focal: 0.0766 (0.0848)  loss_focal_aux_0: 0.0894 (0.0955)  loss_focal_aux_1: 0.0808 (0.0887)  loss_focal_dn_0: 0.0242 (0.0261)  loss_focal_dn_1: 0.0166 (0.0169)  loss_focal_dn_2: 0.0146 (0.0149)  loss_focal_enc_0: 0.1124 (0.1205)  loss_kld: 0.2765 (0.2880)  loss_kld_aux_0: 0.2902 (0.3057)  loss_kld_aux_1: 0.2789 (0.2912)  loss_kld_dn_0: 0.5702 (0.5925)  loss_kld_dn_1: 0.4669 (0.4823)  loss_kld_dn_2: 0.4538 (0.4666)  loss_kld_enc_0: 0.3222 (0.3418)  loss_l1: 0.3289 (0.3089)  loss_l1_aux_0: 0.3376 (0.3172)  loss_l1_aux_1: 0.3305 (0.3102)  loss_l1_dn_0: 0.0943 (0.0924)  loss_l1_dn_1: 0.0747 (0.0741)  loss_l1_dn_2: 0.0712 (0.0708)  loss_l1_enc_0: 0.3488 (0.3292)  time: 1.0809  data: 0.0461  max mem: 56856
Epoch: [143]  [163/164]  eta: 0:00:01  lr: 0.000020  loss: 4.5818 (4.7167)  loss_focal: 0.0785 (0.0850)  loss_focal_aux_0: 0.0880 (0.0957)  loss_focal_aux_1: 0.0830 (0.0891)  loss_focal_dn_0: 0.0263 (0.0260)  loss_focal_dn_1: 0.0172 (0.0168)  loss_focal_dn_2: 0.0149 (0.0148)  loss_focal_enc_0: 0.1118 (0.1206)  loss_kld: 0.2659 (0.2876)  loss_kld_aux_0: 0.2811 (0.3050)  loss_kld_aux_1: 0.2686 (0.2908)  loss_kld_dn_0: 0.5870 (0.5901)  loss_kld_dn_1: 0.4856 (0.4832)  loss_kld_dn_2: 0.4635 (0.4679)  loss_kld_enc_0: 0.3124 (0.3416)  loss_l1: 0.3241 (0.3087)  loss_l1_aux_0: 0.3327 (0.3169)  loss_l1_aux_1: 0.3253 (0.3099)  loss_l1_dn_0: 0.0893 (0.0926)  loss_l1_dn_1: 0.0726 (0.0745)  loss_l1_dn_2: 0.0694 (0.0712)  loss_l1_enc_0: 0.3427 (0.3288)  time: 1.0967  data: 0.0469  max mem: 56856
Epoch: [143] Total time: 0:03:06 (1.1364 s / it)
Test:  [ 0/43]  eta: 0:03:01    time: 4.2130  data: 3.6707  max mem: 56856
Test:  [10/43]  eta: 0:00:29    time: 0.8865  data: 0.5474  max mem: 56856
Test:  [20/43]  eta: 0:00:17    time: 0.5740  data: 0.2583  max mem: 56856
Test:  [30/43]  eta: 0:00:08    time: 0.5781  data: 0.2634  max mem: 56856
Test:  [40/43]  eta: 0:00:02    time: 0.6033  data: 0.2881  max mem: 56856
Test:  [42/43]  eta: 0:00:00    time: 0.5975  data: 0.2940  max mem: 56856
Test: Total time: 0:00:29 (0.6752 s / it)
Averaged stats:
Offline DOTA results saved at /workspace/RT-DETR-OBB/outputs/rtdetrv2_obb_hgnetv2_n_dota_1_ss/dota_results/epoch_143.zip
best_stat: {'epoch': 143, 'mAP': 143.0}
Epoch: [144]  [  0/164]  eta: 0:08:35  lr: 0.000020  loss: 4.6905 (4.6905)  loss_focal: 0.0805 (0.0805)  loss_focal_aux_0: 0.0926 (0.0926)  loss_focal_aux_1: 0.0837 (0.0837)  loss_focal_dn_0: 0.0303 (0.0303)  loss_focal_dn_1: 0.0202 (0.0202)  loss_focal_dn_2: 0.0165 (0.0165)  loss_focal_enc_0: 0.1113 (0.1113)  loss_kld: 0.3584 (0.3584)  loss_kld_aux_0: 0.3751 (0.3751)  loss_kld_aux_1: 0.3608 (0.3608)  loss_kld_dn_0: 0.5793 (0.5793)  loss_kld_dn_1: 0.4655 (0.4655)  loss_kld_dn_2: 0.4546 (0.4546)  loss_kld_enc_0: 0.4095 (0.4095)  loss_l1: 0.2567 (0.2567)  loss_l1_aux_0: 0.2601 (0.2601)  loss_l1_aux_1: 0.2567 (0.2567)  loss_l1_dn_0: 0.0814 (0.0814)  loss_l1_dn_1: 0.0650 (0.0650)  loss_l1_dn_2: 0.0621 (0.0621)  loss_l1_enc_0: 0.2702 (0.2702)  time: 3.1444  data: 2.0140  max mem: 56856
Epoch: [144]  [100/164]  eta: 0:01:13  lr: 0.000020  loss: 4.6094 (4.7140)  loss_focal: 0.0775 (0.0875)  loss_focal_aux_0: 0.0867 (0.0972)  loss_focal_aux_1: 0.0816 (0.0912)  loss_focal_dn_0: 0.0229 (0.0253)  loss_focal_dn_1: 0.0151 (0.0170)  loss_focal_dn_2: 0.0134 (0.0149)  loss_focal_enc_0: 0.1122 (0.1210)  loss_kld: 0.2691 (0.2813)  loss_kld_aux_0: 0.2832 (0.2984)  loss_kld_aux_1: 0.2714 (0.2843)  loss_kld_dn_0: 0.5983 (0.5814)  loss_kld_dn_1: 0.4852 (0.4758)  loss_kld_dn_2: 0.4704 (0.4607)  loss_kld_enc_0: 0.3181 (0.3352)  loss_l1: 0.2767 (0.3192)  loss_l1_aux_0: 0.2874 (0.3274)  loss_l1_aux_1: 0.2777 (0.3203)  loss_l1_dn_0: 0.0917 (0.0920)  loss_l1_dn_1: 0.0750 (0.0739)  loss_l1_dn_2: 0.0723 (0.0706)  loss_l1_enc_0: 0.3007 (0.3392)  time: 1.1565  data: 0.0478  max mem: 56856
Epoch: [144]  [163/164]  eta: 0:00:01  lr: 0.000020  loss: 4.5347 (4.7190)  loss_focal: 0.0846 (0.0854)  loss_focal_aux_0: 0.0926 (0.0952)  loss_focal_aux_1: 0.0875 (0.0890)  loss_focal_dn_0: 0.0254 (0.0257)  loss_focal_dn_1: 0.0159 (0.0170)  loss_focal_dn_2: 0.0145 (0.0149)  loss_focal_enc_0: 0.1182 (0.1193)  loss_kld: 0.2660 (0.2849)  loss_kld_aux_0: 0.2880 (0.3022)  loss_kld_aux_1: 0.2714 (0.2879)  loss_kld_dn_0: 0.5547 (0.5885)  loss_kld_dn_1: 0.4456 (0.4821)  loss_kld_dn_2: 0.4348 (0.4675)  loss_kld_enc_0: 0.3193 (0.3384)  loss_l1: 0.2934 (0.3134)  loss_l1_aux_0: 0.3044 (0.3217)  loss_l1_aux_1: 0.2942 (0.3146)  loss_l1_dn_0: 0.0890 (0.0925)  loss_l1_dn_1: 0.0700 (0.0742)  loss_l1_dn_2: 0.0673 (0.0710)  loss_l1_enc_0: 0.3198 (0.3335)  time: 1.0716  data: 0.0473  max mem: 56856
Epoch: [144] Total time: 0:03:06 (1.1359 s / it)
Test:  [ 0/43]  eta: 0:02:57    time: 4.1341  data: 3.5612  max mem: 56856
Test:  [10/43]  eta: 0:00:29    time: 0.9034  data: 0.5609  max mem: 56856
Test:  [20/43]  eta: 0:00:18    time: 0.6388  data: 0.3196  max mem: 56856
Test:  [30/43]  eta: 0:00:09    time: 0.6169  data: 0.3011  max mem: 56856
Test:  [40/43]  eta: 0:00:02    time: 0.6032  data: 0.2851  max mem: 56856
Test:  [42/43]  eta: 0:00:00    time: 0.5975  data: 0.2875  max mem: 56856
Test: Total time: 0:00:29 (0.6970 s / it)
Averaged stats:
Offline DOTA results saved at /workspace/RT-DETR-OBB/outputs/rtdetrv2_obb_hgnetv2_n_dota_1_ss/dota_results/epoch_144.zip
best_stat: {'epoch': 144, 'mAP': 144.0}
Epoch: [145]  [  0/164]  eta: 0:07:36  lr: 0.000020  loss: 5.0653 (5.0653)  loss_focal: 0.0884 (0.0884)  loss_focal_aux_0: 0.0994 (0.0994)  loss_focal_aux_1: 0.0924 (0.0924)  loss_focal_dn_0: 0.0273 (0.0273)  loss_focal_dn_1: 0.0156 (0.0156)  loss_focal_dn_2: 0.0124 (0.0124)  loss_focal_enc_0: 0.1255 (0.1255)  loss_kld: 0.2639 (0.2639)  loss_kld_aux_0: 0.2789 (0.2789)  loss_kld_aux_1: 0.2663 (0.2663)  loss_kld_dn_0: 0.6541 (0.6541)  loss_kld_dn_1: 0.5667 (0.5667)  loss_kld_dn_2: 0.5548 (0.5548)  loss_kld_enc_0: 0.3239 (0.3239)  loss_l1: 0.3459 (0.3459)  loss_l1_aux_0: 0.3535 (0.3535)  loss_l1_aux_1: 0.3479 (0.3479)  loss_l1_dn_0: 0.1061 (0.1061)  loss_l1_dn_1: 0.0883 (0.0883)  loss_l1_dn_2: 0.0837 (0.0837)  loss_l1_enc_0: 0.3703 (0.3703)  time: 2.7820  data: 1.9887  max mem: 56856
Epoch: [145]  [100/164]  eta: 0:01:12  lr: 0.000020  loss: 4.6890 (4.6231)  loss_focal: 0.0776 (0.0813)  loss_focal_aux_0: 0.0863 (0.0917)  loss_focal_aux_1: 0.0809 (0.0850)  loss_focal_dn_0: 0.0235 (0.0249)  loss_focal_dn_1: 0.0150 (0.0162)  loss_focal_dn_2: 0.0130 (0.0141)  loss_focal_enc_0: 0.1138 (0.1175)  loss_kld: 0.2797 (0.2779)  loss_kld_aux_0: 0.2949 (0.2950)  loss_kld_aux_1: 0.2830 (0.2807)  loss_kld_dn_0: 0.5841 (0.5764)  loss_kld_dn_1: 0.4800 (0.4754)  loss_kld_dn_2: 0.4655 (0.4608)  loss_kld_enc_0: 0.3248 (0.3305)  loss_l1: 0.3146 (0.3070)  loss_l1_aux_0: 0.3234 (0.3152)  loss_l1_aux_1: 0.3149 (0.3083)  loss_l1_dn_0: 0.0880 (0.0925)  loss_l1_dn_1: 0.0699 (0.0745)  loss_l1_dn_2: 0.0670 (0.0711)  loss_l1_enc_0: 0.3339 (0.3271)  time: 1.2057  data: 0.0479  max mem: 56856
Epoch: [145]  [163/164]  eta: 0:00:01  lr: 0.000020  loss: 4.3497 (4.6132)  loss_focal: 0.0735 (0.0797)  loss_focal_aux_0: 0.0835 (0.0900)  loss_focal_aux_1: 0.0752 (0.0833)  loss_focal_dn_0: 0.0237 (0.0248)  loss_focal_dn_1: 0.0157 (0.0162)  loss_focal_dn_2: 0.0134 (0.0142)  loss_focal_enc_0: 0.1074 (0.1153)  loss_kld: 0.2407 (0.2764)  loss_kld_aux_0: 0.2588 (0.2932)  loss_kld_aux_1: 0.2430 (0.2791)  loss_kld_dn_0: 0.5914 (0.5763)  loss_kld_dn_1: 0.4912 (0.4761)  loss_kld_dn_2: 0.4763 (0.4619)  loss_kld_enc_0: 0.2909 (0.3277)  loss_l1: 0.2840 (0.3091)  loss_l1_aux_0: 0.2891 (0.3170)  loss_l1_aux_1: 0.2848 (0.3102)  loss_l1_dn_0: 0.0883 (0.0908)  loss_l1_dn_1: 0.0717 (0.0734)  loss_l1_dn_2: 0.0682 (0.0702)  loss_l1_enc_0: 0.2986 (0.3285)  time: 1.0744  data: 0.0431  max mem: 56856
Epoch: [145] Total time: 0:03:04 (1.1249 s / it)
Test:  [ 0/43]  eta: 0:03:21    time: 4.6943  data: 4.1579  max mem: 56856
Test:  [10/43]  eta: 0:00:30    time: 0.9140  data: 0.5780  max mem: 56856
Test:  [20/43]  eta: 0:00:17    time: 0.5580  data: 0.2441  max mem: 56856
Test:  [30/43]  eta: 0:00:09    time: 0.6123  data: 0.2977  max mem: 56856
Test:  [40/43]  eta: 0:00:02    time: 0.6297  data: 0.3122  max mem: 56856
Test:  [42/43]  eta: 0:00:00    time: 0.6196  data: 0.3123  max mem: 56856
Test: Total time: 0:00:30 (0.6983 s / it)
Averaged stats:
Offline DOTA results saved at /workspace/RT-DETR-OBB/outputs/rtdetrv2_obb_hgnetv2_n_dota_1_ss/dota_results/epoch_145.zip
best_stat: {'epoch': 145, 'mAP': 145.0}
Epoch: [146]  [  0/164]  eta: 0:08:09  lr: 0.000020  loss: 4.3561 (4.3561)  loss_focal: 0.0708 (0.0708)  loss_focal_aux_0: 0.0794 (0.0794)  loss_focal_aux_1: 0.0739 (0.0739)  loss_focal_dn_0: 0.0237 (0.0237)  loss_focal_dn_1: 0.0163 (0.0163)  loss_focal_dn_2: 0.0146 (0.0146)  loss_focal_enc_0: 0.1019 (0.1019)  loss_kld: 0.1919 (0.1919)  loss_kld_aux_0: 0.2080 (0.2080)  loss_kld_aux_1: 0.1941 (0.1941)  loss_kld_dn_0: 0.5681 (0.5681)  loss_kld_dn_1: 0.4496 (0.4496)  loss_kld_dn_2: 0.4342 (0.4342)  loss_kld_enc_0: 0.2427 (0.2427)  loss_l1: 0.3485 (0.3485)  loss_l1_aux_0: 0.3562 (0.3562)  loss_l1_aux_1: 0.3499 (0.3499)  loss_l1_dn_0: 0.1035 (0.1035)  loss_l1_dn_1: 0.0836 (0.0836)  loss_l1_dn_2: 0.0780 (0.0780)  loss_l1_enc_0: 0.3673 (0.3673)  time: 2.9854  data: 2.0087  max mem: 56856
Epoch: [146]  [100/164]  eta: 0:01:14  lr: 0.000020  loss: 4.3084 (4.5889)  loss_focal: 0.0792 (0.0748)  loss_focal_aux_0: 0.0902 (0.0851)  loss_focal_aux_1: 0.0821 (0.0786)  loss_focal_dn_0: 0.0242 (0.0238)  loss_focal_dn_1: 0.0157 (0.0157)  loss_focal_dn_2: 0.0139 (0.0138)  loss_focal_enc_0: 0.1161 (0.1094)  loss_kld: 0.2381 (0.2771)  loss_kld_aux_0: 0.2548 (0.2937)  loss_kld_aux_1: 0.2411 (0.2800)  loss_kld_dn_0: 0.5325 (0.5743)  loss_kld_dn_1: 0.4330 (0.4720)  loss_kld_dn_2: 0.4182 (0.4579)  loss_kld_enc_0: 0.2865 (0.3277)  loss_l1: 0.2882 (0.3115)  loss_l1_aux_0: 0.2922 (0.3192)  loss_l1_aux_1: 0.2891 (0.3126)  loss_l1_dn_0: 0.0861 (0.0895)  loss_l1_dn_1: 0.0699 (0.0723)  loss_l1_dn_2: 0.0659 (0.0693)  loss_l1_enc_0: 0.3031 (0.3303)  time: 1.0930  data: 0.0466  max mem: 56856
Epoch: [146]  [163/164]  eta: 0:00:01  lr: 0.000020  loss: 4.4542 (4.5569)  loss_focal: 0.0732 (0.0759)  loss_focal_aux_0: 0.0837 (0.0861)  loss_focal_aux_1: 0.0774 (0.0793)  loss_focal_dn_0: 0.0243 (0.0240)  loss_focal_dn_1: 0.0158 (0.0158)  loss_focal_dn_2: 0.0147 (0.0139)  loss_focal_enc_0: 0.1081 (0.1101)  loss_kld: 0.2499 (0.2722)  loss_kld_aux_0: 0.2686 (0.2888)  loss_kld_aux_1: 0.2511 (0.2750)  loss_kld_dn_0: 0.5530 (0.5756)  loss_kld_dn_1: 0.4478 (0.4737)  loss_kld_dn_2: 0.4397 (0.4596)  loss_kld_enc_0: 0.3027 (0.3230)  loss_l1: 0.3018 (0.3059)  loss_l1_aux_0: 0.3036 (0.3136)  loss_l1_aux_1: 0.3022 (0.3071)  loss_l1_dn_0: 0.0851 (0.0902)  loss_l1_dn_1: 0.0702 (0.0727)  loss_l1_dn_2: 0.0677 (0.0696)  loss_l1_enc_0: 0.3165 (0.3247)  time: 1.0931  data: 0.0537  max mem: 56856
Epoch: [146] Total time: 0:03:05 (1.1289 s / it)
Test:  [ 0/43]  eta: 0:03:09    time: 4.3955  data: 3.8533  max mem: 56856
Test:  [10/43]  eta: 0:00:31    time: 0.9495  data: 0.6210  max mem: 56856
Test:  [20/43]  eta: 0:00:18    time: 0.6436  data: 0.3291  max mem: 56856
Test:  [30/43]  eta: 0:00:09    time: 0.6015  data: 0.2822  max mem: 56856
Test:  [40/43]  eta: 0:00:02    time: 0.5876  data: 0.2709  max mem: 56856
Test:  [42/43]  eta: 0:00:00    time: 0.5760  data: 0.2715  max mem: 56856
Test: Total time: 0:00:29 (0.6961 s / it)
Averaged stats:
Offline DOTA results saved at /workspace/RT-DETR-OBB/outputs/rtdetrv2_obb_hgnetv2_n_dota_1_ss/dota_results/epoch_146.zip
best_stat: {'epoch': 146, 'mAP': 146.0}
Epoch: [147]  [  0/164]  eta: 0:08:25  lr: 0.000020  loss: 5.0771 (5.0771)  loss_focal: 0.0667 (0.0667)  loss_focal_aux_0: 0.0781 (0.0781)  loss_focal_aux_1: 0.0709 (0.0709)  loss_focal_dn_0: 0.0243 (0.0243)  loss_focal_dn_1: 0.0146 (0.0146)  loss_focal_dn_2: 0.0126 (0.0126)  loss_focal_enc_0: 0.1018 (0.1018)  loss_kld: 0.3733 (0.3733)  loss_kld_aux_0: 0.3871 (0.3871)  loss_kld_aux_1: 0.3744 (0.3744)  loss_kld_dn_0: 0.5420 (0.5420)  loss_kld_dn_1: 0.4248 (0.4248)  loss_kld_dn_2: 0.4057 (0.4057)  loss_kld_enc_0: 0.4220 (0.4220)  loss_l1: 0.3871 (0.3871)  loss_l1_aux_0: 0.3924 (0.3924)  loss_l1_aux_1: 0.3874 (0.3874)  loss_l1_dn_0: 0.0819 (0.0819)  loss_l1_dn_1: 0.0658 (0.0658)  loss_l1_dn_2: 0.0622 (0.0622)  loss_l1_enc_0: 0.4020 (0.4020)  time: 3.0831  data: 2.1505  max mem: 56856
Epoch: [147]  [100/164]  eta: 0:01:13  lr: 0.000020  loss: 4.2136 (4.5446)  loss_focal: 0.0833 (0.0778)  loss_focal_aux_0: 0.0922 (0.0884)  loss_focal_aux_1: 0.0860 (0.0815)  loss_focal_dn_0: 0.0238 (0.0243)  loss_focal_dn_1: 0.0161 (0.0161)  loss_focal_dn_2: 0.0144 (0.0141)  loss_focal_enc_0: 0.1208 (0.1115)  loss_kld: 0.2497 (0.2705)  loss_kld_aux_0: 0.2662 (0.2881)  loss_kld_aux_1: 0.2542 (0.2736)  loss_kld_dn_0: 0.5448 (0.5772)  loss_kld_dn_1: 0.4518 (0.4739)  loss_kld_dn_2: 0.4376 (0.4590)  loss_kld_enc_0: 0.3005 (0.3242)  loss_l1: 0.2709 (0.3014)  loss_l1_aux_0: 0.2763 (0.3090)  loss_l1_aux_1: 0.2720 (0.3025)  loss_l1_dn_0: 0.0861 (0.0898)  loss_l1_dn_1: 0.0706 (0.0725)  loss_l1_dn_2: 0.0676 (0.0693)  loss_l1_enc_0: 0.2867 (0.3199)  time: 1.0942  data: 0.0440  max mem: 56856
Epoch: [147]  [163/164]  eta: 0:00:01  lr: 0.000020  loss: 4.8995 (4.6549)  loss_focal: 0.0981 (0.0826)  loss_focal_aux_0: 0.1063 (0.0934)  loss_focal_aux_1: 0.0982 (0.0865)  loss_focal_dn_0: 0.0268 (0.0250)  loss_focal_dn_1: 0.0182 (0.0165)  loss_focal_dn_2: 0.0162 (0.0145)  loss_focal_enc_0: 0.1375 (0.1172)  loss_kld: 0.2828 (0.2824)  loss_kld_aux_0: 0.3061 (0.3012)  loss_kld_aux_1: 0.2853 (0.2858)  loss_kld_dn_0: 0.6051 (0.5869)  loss_kld_dn_1: 0.4822 (0.4788)  loss_kld_dn_2: 0.4617 (0.4629)  loss_kld_enc_0: 0.3648 (0.3411)  loss_l1: 0.3072 (0.3038)  loss_l1_aux_0: 0.3161 (0.3117)  loss_l1_aux_1: 0.3088 (0.3050)  loss_l1_dn_0: 0.0983 (0.0918)  loss_l1_dn_1: 0.0782 (0.0738)  loss_l1_dn_2: 0.0750 (0.0705)  loss_l1_enc_0: 0.3279 (0.3236)  time: 1.0095  data: 0.0465  max mem: 56856
Epoch: [147] Total time: 0:03:02 (1.1156 s / it)
Test:  [ 0/43]  eta: 0:03:09    time: 4.4129  data: 3.8636  max mem: 56856
Test:  [10/43]  eta: 0:00:32    time: 0.9721  data: 0.6245  max mem: 56856
Test:  [20/43]  eta: 0:00:17    time: 0.5958  data: 0.2802  max mem: 56856
Test:  [30/43]  eta: 0:00:09    time: 0.5620  data: 0.2595  max mem: 56856
Test:  [40/43]  eta: 0:00:02    time: 0.5679  data: 0.2662  max mem: 56856
Test:  [42/43]  eta: 0:00:00    time: 0.5439  data: 0.2526  max mem: 56856
Test: Total time: 0:00:28 (0.6642 s / it)
Averaged stats:
Offline DOTA results saved at /workspace/RT-DETR-OBB/outputs/rtdetrv2_obb_hgnetv2_n_dota_1_ss/dota_results/epoch_147.zip
best_stat: {'epoch': 147, 'mAP': 147.0}
Epoch: [148]  [  0/164]  eta: 0:09:00  lr: 0.000020  loss: 5.5385 (5.5385)  loss_focal: 0.0681 (0.0681)  loss_focal_aux_0: 0.0783 (0.0783)  loss_focal_aux_1: 0.0733 (0.0733)  loss_focal_dn_0: 0.0228 (0.0228)  loss_focal_dn_1: 0.0147 (0.0147)  loss_focal_dn_2: 0.0125 (0.0125)  loss_focal_enc_0: 0.1016 (0.1016)  loss_kld: 0.3436 (0.3436)  loss_kld_aux_0: 0.3628 (0.3628)  loss_kld_aux_1: 0.3480 (0.3480)  loss_kld_dn_0: 0.5694 (0.5694)  loss_kld_dn_1: 0.4472 (0.4472)  loss_kld_dn_2: 0.4385 (0.4385)  loss_kld_enc_0: 0.4193 (0.4193)  loss_l1: 0.4950 (0.4950)  loss_l1_aux_0: 0.5047 (0.5047)  loss_l1_aux_1: 0.4962 (0.4962)  loss_l1_dn_0: 0.0869 (0.0869)  loss_l1_dn_1: 0.0693 (0.0693)  loss_l1_dn_2: 0.0663 (0.0663)  loss_l1_enc_0: 0.5201 (0.5201)  time: 3.2984  data: 2.1671  max mem: 56856
Epoch: [148]  [100/164]  eta: 0:01:11  lr: 0.000020  loss: 4.5174 (4.5241)  loss_focal: 0.0813 (0.0806)  loss_focal_aux_0: 0.0937 (0.0914)  loss_focal_aux_1: 0.0856 (0.0843)  loss_focal_dn_0: 0.0260 (0.0252)  loss_focal_dn_1: 0.0167 (0.0163)  loss_focal_dn_2: 0.0142 (0.0143)  loss_focal_enc_0: 0.1212 (0.1165)  loss_kld: 0.2542 (0.2677)  loss_kld_aux_0: 0.2790 (0.2847)  loss_kld_aux_1: 0.2584 (0.2707)  loss_kld_dn_0: 0.5486 (0.5731)  loss_kld_dn_1: 0.4529 (0.4674)  loss_kld_dn_2: 0.4411 (0.4534)  loss_kld_enc_0: 0.3101 (0.3212)  loss_l1: 0.3066 (0.2979)  loss_l1_aux_0: 0.3195 (0.3057)  loss_l1_aux_1: 0.3082 (0.2991)  loss_l1_dn_0: 0.0909 (0.0920)  loss_l1_dn_1: 0.0717 (0.0741)  loss_l1_dn_2: 0.0692 (0.0708)  loss_l1_enc_0: 0.3310 (0.3178)  time: 1.0668  data: 0.0489  max mem: 56856
Epoch: [148]  [163/164]  eta: 0:00:01  lr: 0.000020  loss: 4.4642 (4.6142)  loss_focal: 0.0677 (0.0784)  loss_focal_aux_0: 0.0793 (0.0894)  loss_focal_aux_1: 0.0707 (0.0823)  loss_focal_dn_0: 0.0223 (0.0248)  loss_focal_dn_1: 0.0140 (0.0161)  loss_focal_dn_2: 0.0122 (0.0141)  loss_focal_enc_0: 0.1025 (0.1141)  loss_kld: 0.2652 (0.2788)  loss_kld_aux_0: 0.2837 (0.2956)  loss_kld_aux_1: 0.2674 (0.2816)  loss_kld_dn_0: 0.5957 (0.5761)  loss_kld_dn_1: 0.4953 (0.4722)  loss_kld_dn_2: 0.4805 (0.4584)  loss_kld_enc_0: 0.3138 (0.3310)  loss_l1: 0.3060 (0.3096)  loss_l1_aux_0: 0.3175 (0.3177)  loss_l1_aux_1: 0.3068 (0.3107)  loss_l1_dn_0: 0.0852 (0.0908)  loss_l1_dn_1: 0.0692 (0.0732)  loss_l1_dn_2: 0.0651 (0.0699)  loss_l1_enc_0: 0.3270 (0.3295)  time: 1.1747  data: 0.0406  max mem: 56856
Epoch: [148] Total time: 0:03:04 (1.1272 s / it)
Test:  [ 0/43]  eta: 0:03:21    time: 4.6855  data: 4.1517  max mem: 56856
Test:  [10/43]  eta: 0:00:29    time: 0.9024  data: 0.5675  max mem: 56856
Test:  [20/43]  eta: 0:00:17    time: 0.5445  data: 0.2308  max mem: 56856
Test:  [30/43]  eta: 0:00:08    time: 0.5692  data: 0.2545  max mem: 56856
Test:  [40/43]  eta: 0:00:01    time: 0.5865  data: 0.2737  max mem: 56856
Test:  [42/43]  eta: 0:00:00    time: 0.5792  data: 0.2778  max mem: 56856
Test: Total time: 0:00:28 (0.6676 s / it)
Averaged stats:
Offline DOTA results saved at /workspace/RT-DETR-OBB/outputs/rtdetrv2_obb_hgnetv2_n_dota_1_ss/dota_results/epoch_148.zip
best_stat: {'epoch': 148, 'mAP': 148.0}
Epoch: [149]  [  0/164]  eta: 0:08:50  lr: 0.000020  loss: 4.6077 (4.6077)  loss_focal: 0.0591 (0.0591)  loss_focal_aux_0: 0.0709 (0.0709)  loss_focal_aux_1: 0.0619 (0.0619)  loss_focal_dn_0: 0.0224 (0.0224)  loss_focal_dn_1: 0.0151 (0.0151)  loss_focal_dn_2: 0.0135 (0.0135)  loss_focal_enc_0: 0.0934 (0.0934)  loss_kld: 0.3062 (0.3062)  loss_kld_aux_0: 0.3173 (0.3173)  loss_kld_aux_1: 0.3085 (0.3085)  loss_kld_dn_0: 0.5542 (0.5542)  loss_kld_dn_1: 0.4577 (0.4577)  loss_kld_dn_2: 0.4439 (0.4439)  loss_kld_enc_0: 0.3441 (0.3441)  loss_l1: 0.3284 (0.3284)  loss_l1_aux_0: 0.3303 (0.3303)  loss_l1_aux_1: 0.3297 (0.3297)  loss_l1_dn_0: 0.0818 (0.0818)  loss_l1_dn_1: 0.0660 (0.0660)  loss_l1_dn_2: 0.0638 (0.0638)  loss_l1_enc_0: 0.3394 (0.3394)  time: 3.2339  data: 2.1386  max mem: 56856
Epoch: [149]  [100/164]  eta: 0:01:12  lr: 0.000020  loss: 4.4448 (4.6045)  loss_focal: 0.0692 (0.0779)  loss_focal_aux_0: 0.0804 (0.0881)  loss_focal_aux_1: 0.0722 (0.0814)  loss_focal_dn_0: 0.0239 (0.0251)  loss_focal_dn_1: 0.0162 (0.0168)  loss_focal_dn_2: 0.0137 (0.0147)  loss_focal_enc_0: 0.1048 (0.1133)  loss_kld: 0.2515 (0.2764)  loss_kld_aux_0: 0.2644 (0.2944)  loss_kld_aux_1: 0.2543 (0.2796)  loss_kld_dn_0: 0.5694 (0.5812)  loss_kld_dn_1: 0.4735 (0.4780)  loss_kld_dn_2: 0.4643 (0.4624)  loss_kld_enc_0: 0.3015 (0.3315)  loss_l1: 0.2916 (0.3042)  loss_l1_aux_0: 0.3019 (0.3125)  loss_l1_aux_1: 0.2918 (0.3054)  loss_l1_dn_0: 0.0935 (0.0922)  loss_l1_dn_1: 0.0738 (0.0742)  loss_l1_dn_2: 0.0712 (0.0709)  loss_l1_enc_0: 0.3107 (0.3244)  time: 1.1283  data: 0.0445  max mem: 56856
Epoch: [149]  [163/164]  eta: 0:00:01  lr: 0.000020  loss: 4.7324 (4.6490)  loss_focal: 0.0814 (0.0782)  loss_focal_aux_0: 0.0893 (0.0887)  loss_focal_aux_1: 0.0824 (0.0819)  loss_focal_dn_0: 0.0232 (0.0249)  loss_focal_dn_1: 0.0152 (0.0165)  loss_focal_dn_2: 0.0132 (0.0145)  loss_focal_enc_0: 0.1152 (0.1134)  loss_kld: 0.2705 (0.2810)  loss_kld_aux_0: 0.2904 (0.2999)  loss_kld_aux_1: 0.2738 (0.2843)  loss_kld_dn_0: 0.5695 (0.5863)  loss_kld_dn_1: 0.4706 (0.4812)  loss_kld_dn_2: 0.4542 (0.4653)  loss_kld_enc_0: 0.3262 (0.3378)  loss_l1: 0.3258 (0.3074)  loss_l1_aux_0: 0.3304 (0.3158)  loss_l1_aux_1: 0.3260 (0.3086)  loss_l1_dn_0: 0.0937 (0.0916)  loss_l1_dn_1: 0.0749 (0.0737)  loss_l1_dn_2: 0.0719 (0.0703)  loss_l1_enc_0: 0.3395 (0.3277)  time: 1.0964  data: 0.0423  max mem: 56856
Epoch: [149] Total time: 0:03:03 (1.1218 s / it)
Test:  [ 0/43]  eta: 0:03:03    time: 4.2787  data: 3.7494  max mem: 56856
Test:  [10/43]  eta: 0:00:28    time: 0.8540  data: 0.5282  max mem: 56856
Test:  [20/43]  eta: 0:00:19    time: 0.6672  data: 0.3330  max mem: 56856
Test:  [30/43]  eta: 0:00:09    time: 0.6980  data: 0.3605  max mem: 56856
Test:  [40/43]  eta: 0:00:02    time: 0.5978  data: 0.2866  max mem: 56856
Test:  [42/43]  eta: 0:00:00    time: 0.6155  data: 0.3122  max mem: 56856
Test: Total time: 0:00:30 (0.7206 s / it)
Averaged stats:
Offline DOTA results saved at /workspace/RT-DETR-OBB/outputs/rtdetrv2_obb_hgnetv2_n_dota_1_ss/dota_results/epoch_149.zip
best_stat: {'epoch': 149, 'mAP': 149.0}
Epoch: [150]  [  0/164]  eta: 0:08:50  lr: 0.000020  loss: 4.2829 (4.2829)  loss_focal: 0.0551 (0.0551)  loss_focal_aux_0: 0.0626 (0.0626)  loss_focal_aux_1: 0.0569 (0.0569)  loss_focal_dn_0: 0.0201 (0.0201)  loss_focal_dn_1: 0.0140 (0.0140)  loss_focal_dn_2: 0.0121 (0.0121)  loss_focal_enc_0: 0.0888 (0.0888)  loss_kld: 0.2241 (0.2241)  loss_kld_aux_0: 0.2360 (0.2360)  loss_kld_aux_1: 0.2254 (0.2254)  loss_kld_dn_0: 0.6601 (0.6601)  loss_kld_dn_1: 0.5649 (0.5649)  loss_kld_dn_2: 0.5490 (0.5490)  loss_kld_enc_0: 0.2595 (0.2595)  loss_l1: 0.2440 (0.2440)  loss_l1_aux_0: 0.2494 (0.2494)  loss_l1_aux_1: 0.2450 (0.2450)  loss_l1_dn_0: 0.0971 (0.0971)  loss_l1_dn_1: 0.0817 (0.0817)  loss_l1_dn_2: 0.0798 (0.0798)  loss_l1_enc_0: 0.2575 (0.2575)  time: 3.2350  data: 2.2119  max mem: 56856
Epoch: [150]  [100/164]  eta: 0:01:16  lr: 0.000020  loss: 4.6052 (4.6252)  loss_focal: 0.0700 (0.0765)  loss_focal_aux_0: 0.0793 (0.0867)  loss_focal_aux_1: 0.0727 (0.0797)  loss_focal_dn_0: 0.0233 (0.0257)  loss_focal_dn_1: 0.0143 (0.0162)  loss_focal_dn_2: 0.0134 (0.0141)  loss_focal_enc_0: 0.1020 (0.1109)  loss_kld: 0.2474 (0.2787)  loss_kld_aux_0: 0.2651 (0.2960)  loss_kld_aux_1: 0.2493 (0.2819)  loss_kld_dn_0: 0.5812 (0.5863)  loss_kld_dn_1: 0.4804 (0.4781)  loss_kld_dn_2: 0.4649 (0.4623)  loss_kld_enc_0: 0.2955 (0.3309)  loss_l1: 0.2904 (0.3088)  loss_l1_aux_0: 0.2976 (0.3172)  loss_l1_aux_1: 0.2908 (0.3101)  loss_l1_dn_0: 0.0905 (0.0920)  loss_l1_dn_1: 0.0724 (0.0736)  loss_l1_dn_2: 0.0686 (0.0704)  loss_l1_enc_0: 0.3058 (0.3289)  time: 1.1900  data: 0.0422  max mem: 56856
Epoch: [150]  [163/164]  eta: 0:00:01  lr: 0.000020  loss: 4.4047 (4.6500)  loss_focal: 0.0803 (0.0787)  loss_focal_aux_0: 0.0900 (0.0891)  loss_focal_aux_1: 0.0833 (0.0821)  loss_focal_dn_0: 0.0236 (0.0252)  loss_focal_dn_1: 0.0164 (0.0162)  loss_focal_dn_2: 0.0141 (0.0142)  loss_focal_enc_0: 0.1106 (0.1135)  loss_kld: 0.2618 (0.2782)  loss_kld_aux_0: 0.2841 (0.2963)  loss_kld_aux_1: 0.2658 (0.2816)  loss_kld_dn_0: 0.6005 (0.5876)  loss_kld_dn_1: 0.4858 (0.4810)  loss_kld_dn_2: 0.4673 (0.4651)  loss_kld_enc_0: 0.3123 (0.3320)  loss_l1: 0.2751 (0.3107)  loss_l1_aux_0: 0.2843 (0.3192)  loss_l1_aux_1: 0.2757 (0.3119)  loss_l1_dn_0: 0.0926 (0.0921)  loss_l1_dn_1: 0.0734 (0.0739)  loss_l1_dn_2: 0.0700 (0.0706)  loss_l1_enc_0: 0.2967 (0.3309)  time: 1.0957  data: 0.0472  max mem: 56856
Epoch: [150] Total time: 0:03:10 (1.1619 s / it)
Test:  [ 0/43]  eta: 0:03:08    time: 4.3811  data: 3.8427  max mem: 56856
Test:  [10/43]  eta: 0:00:28    time: 0.8628  data: 0.5370  max mem: 56856
Test:  [20/43]  eta: 0:00:16    time: 0.5398  data: 0.2370  max mem: 56856
Test:  [30/43]  eta: 0:00:08    time: 0.5522  data: 0.2489  max mem: 56856
Test:  [40/43]  eta: 0:00:01    time: 0.5844  data: 0.2795  max mem: 56856
Test:  [42/43]  eta: 0:00:00    time: 0.5712  data: 0.2767  max mem: 56856
Test: Total time: 0:00:27 (0.6452 s / it)
Averaged stats:
Offline DOTA results saved at /workspace/RT-DETR-OBB/outputs/rtdetrv2_obb_hgnetv2_n_dota_1_ss/dota_results/epoch_150.zip
best_stat: {'epoch': 150, 'mAP': 150.0}
Epoch: [151]  [  0/164]  eta: 0:08:08  lr: 0.000020  loss: 3.9634 (3.9634)  loss_focal: 0.1048 (0.1048)  loss_focal_aux_0: 0.1229 (0.1229)  loss_focal_aux_1: 0.1117 (0.1117)  loss_focal_dn_0: 0.0268 (0.0268)  loss_focal_dn_1: 0.0170 (0.0170)  loss_focal_dn_2: 0.0149 (0.0149)  loss_focal_enc_0: 0.1485 (0.1485)  loss_kld: 0.2188 (0.2188)  loss_kld_aux_0: 0.2338 (0.2338)  loss_kld_aux_1: 0.2229 (0.2229)  loss_kld_dn_0: 0.4318 (0.4318)  loss_kld_dn_1: 0.3250 (0.3250)  loss_kld_dn_2: 0.3064 (0.3064)  loss_kld_enc_0: 0.2647 (0.2647)  loss_l1: 0.2797 (0.2797)  loss_l1_aux_0: 0.2895 (0.2895)  loss_l1_aux_1: 0.2814 (0.2814)  loss_l1_dn_0: 0.1044 (0.1044)  loss_l1_dn_1: 0.0796 (0.0796)  loss_l1_dn_2: 0.0741 (0.0741)  loss_l1_enc_0: 0.3045 (0.3045)  time: 2.9790  data: 2.2427  max mem: 56856
Epoch: [151]  [100/164]  eta: 0:01:13  lr: 0.000020  loss: 4.4109 (4.5788)  loss_focal: 0.0728 (0.0755)  loss_focal_aux_0: 0.0817 (0.0853)  loss_focal_aux_1: 0.0743 (0.0791)  loss_focal_dn_0: 0.0239 (0.0240)  loss_focal_dn_1: 0.0162 (0.0159)  loss_focal_dn_2: 0.0140 (0.0139)  loss_focal_enc_0: 0.1056 (0.1096)  loss_kld: 0.2440 (0.2721)  loss_kld_aux_0: 0.2618 (0.2893)  loss_kld_aux_1: 0.2469 (0.2751)  loss_kld_dn_0: 0.5716 (0.5739)  loss_kld_dn_1: 0.4768 (0.4739)  loss_kld_dn_2: 0.4637 (0.4593)  loss_kld_enc_0: 0.2889 (0.3248)  loss_l1: 0.2826 (0.3114)  loss_l1_aux_0: 0.2915 (0.3196)  loss_l1_aux_1: 0.2836 (0.3125)  loss_l1_dn_0: 0.0898 (0.0902)  loss_l1_dn_1: 0.0728 (0.0728)  loss_l1_dn_2: 0.0692 (0.0696)  loss_l1_enc_0: 0.3027 (0.3312)  time: 1.1409  data: 0.0399  max mem: 56856
Epoch: [151]  [163/164]  eta: 0:00:01  lr: 0.000020  loss: 4.3581 (4.5173)  loss_focal: 0.0764 (0.0763)  loss_focal_aux_0: 0.0857 (0.0862)  loss_focal_aux_1: 0.0782 (0.0800)  loss_focal_dn_0: 0.0220 (0.0238)  loss_focal_dn_1: 0.0152 (0.0156)  loss_focal_dn_2: 0.0138 (0.0136)  loss_focal_enc_0: 0.1108 (0.1106)  loss_kld: 0.2448 (0.2691)  loss_kld_aux_0: 0.2720 (0.2861)  loss_kld_aux_1: 0.2525 (0.2721)  loss_kld_dn_0: 0.5775 (0.5745)  loss_kld_dn_1: 0.4734 (0.4723)  loss_kld_dn_2: 0.4580 (0.4576)  loss_kld_enc_0: 0.3080 (0.3213)  loss_l1: 0.2828 (0.2996)  loss_l1_aux_0: 0.2885 (0.3076)  loss_l1_aux_1: 0.2840 (0.3007)  loss_l1_dn_0: 0.0898 (0.0899)  loss_l1_dn_1: 0.0712 (0.0723)  loss_l1_dn_2: 0.0684 (0.0692)  loss_l1_enc_0: 0.3022 (0.3190)  time: 1.0900  data: 0.0430  max mem: 56856
Epoch: [151] Total time: 0:03:05 (1.1304 s / it)
Test:  [ 0/43]  eta: 0:03:06    time: 4.3453  data: 3.8062  max mem: 56856
Test:  [10/43]  eta: 0:00:29    time: 0.9002  data: 0.5761  max mem: 56856
Test:  [20/43]  eta: 0:00:17    time: 0.5683  data: 0.2640  max mem: 56856
Test:  [30/43]  eta: 0:00:08    time: 0.5658  data: 0.2595  max mem: 56856
Test:  [40/43]  eta: 0:00:02    time: 0.6107  data: 0.3034  max mem: 56856
Test:  [42/43]  eta: 0:00:00    time: 0.5976  data: 0.3007  max mem: 56856
Test: Total time: 0:00:28 (0.6715 s / it)
Averaged stats:
Offline DOTA results saved at /workspace/RT-DETR-OBB/outputs/rtdetrv2_obb_hgnetv2_n_dota_1_ss/dota_results/epoch_151.zip
best_stat: {'epoch': 151, 'mAP': 151.0}
Epoch: [152]  [  0/164]  eta: 0:09:05  lr: 0.000020  loss: 4.4174 (4.4174)  loss_focal: 0.0892 (0.0892)  loss_focal_aux_0: 0.0991 (0.0991)  loss_focal_aux_1: 0.0924 (0.0924)  loss_focal_dn_0: 0.0269 (0.0269)  loss_focal_dn_1: 0.0155 (0.0155)  loss_focal_dn_2: 0.0137 (0.0137)  loss_focal_enc_0: 0.1241 (0.1241)  loss_kld: 0.2783 (0.2783)  loss_kld_aux_0: 0.2993 (0.2993)  loss_kld_aux_1: 0.2821 (0.2821)  loss_kld_dn_0: 0.4954 (0.4954)  loss_kld_dn_1: 0.4034 (0.4034)  loss_kld_dn_2: 0.3891 (0.3891)  loss_kld_enc_0: 0.3358 (0.3358)  loss_l1: 0.3040 (0.3040)  loss_l1_aux_0: 0.3124 (0.3124)  loss_l1_aux_1: 0.3052 (0.3052)  loss_l1_dn_0: 0.0871 (0.0871)  loss_l1_dn_1: 0.0715 (0.0715)  loss_l1_dn_2: 0.0676 (0.0676)  loss_l1_enc_0: 0.3253 (0.3253)  time: 3.3232  data: 2.4363  max mem: 56856
Epoch: [152]  [100/164]  eta: 0:01:15  lr: 0.000020  loss: 4.4633 (4.6268)  loss_focal: 0.0757 (0.0789)  loss_focal_aux_0: 0.0866 (0.0898)  loss_focal_aux_1: 0.0788 (0.0828)  loss_focal_dn_0: 0.0240 (0.0248)  loss_focal_dn_1: 0.0156 (0.0163)  loss_focal_dn_2: 0.0134 (0.0142)  loss_focal_enc_0: 0.1098 (0.1152)  loss_kld: 0.2512 (0.2815)  loss_kld_aux_0: 0.2625 (0.3007)  loss_kld_aux_1: 0.2524 (0.2850)  loss_kld_dn_0: 0.5813 (0.5822)  loss_kld_dn_1: 0.4639 (0.4773)  loss_kld_dn_2: 0.4477 (0.4615)  loss_kld_enc_0: 0.2946 (0.3385)  loss_l1: 0.2672 (0.3033)  loss_l1_aux_0: 0.2781 (0.3117)  loss_l1_aux_1: 0.2683 (0.3045)  loss_l1_dn_0: 0.0848 (0.0913)  loss_l1_dn_1: 0.0661 (0.0734)  loss_l1_dn_2: 0.0631 (0.0701)  loss_l1_enc_0: 0.2885 (0.3236)  time: 1.2000  data: 0.0579  max mem: 56856
Epoch: [152]  [163/164]  eta: 0:00:01  lr: 0.000020  loss: 4.8113 (4.6324)  loss_focal: 0.0868 (0.0799)  loss_focal_aux_0: 0.0985 (0.0906)  loss_focal_aux_1: 0.0920 (0.0839)  loss_focal_dn_0: 0.0328 (0.0256)  loss_focal_dn_1: 0.0175 (0.0164)  loss_focal_dn_2: 0.0150 (0.0143)  loss_focal_enc_0: 0.1244 (0.1157)  loss_kld: 0.2917 (0.2804)  loss_kld_aux_0: 0.3262 (0.3003)  loss_kld_aux_1: 0.2969 (0.2840)  loss_kld_dn_0: 0.6446 (0.5944)  loss_kld_dn_1: 0.4721 (0.4793)  loss_kld_dn_2: 0.4588 (0.4626)  loss_kld_enc_0: 0.3666 (0.3393)  loss_l1: 0.2936 (0.3004)  loss_l1_aux_0: 0.3013 (0.3087)  loss_l1_aux_1: 0.2957 (0.3017)  loss_l1_dn_0: 0.1001 (0.0916)  loss_l1_dn_1: 0.0750 (0.0731)  loss_l1_dn_2: 0.0715 (0.0698)  loss_l1_enc_0: 0.3175 (0.3204)  time: 1.0475  data: 0.0460  max mem: 56856
Epoch: [152] Total time: 0:03:08 (1.1466 s / it)
Test:  [ 0/43]  eta: 0:03:03    time: 4.2631  data: 3.7294  max mem: 56856
Test:  [10/43]  eta: 0:00:29    time: 0.9047  data: 0.5791  max mem: 56856
Test:  [20/43]  eta: 0:00:17    time: 0.5796  data: 0.2745  max mem: 56856
Test:  [30/43]  eta: 0:00:08    time: 0.5607  data: 0.2542  max mem: 56856
Test:  [40/43]  eta: 0:00:02    time: 0.5774  data: 0.2717  max mem: 56856
Test:  [42/43]  eta: 0:00:00    time: 0.5592  data: 0.2640  max mem: 56856
Test: Total time: 0:00:28 (0.6565 s / it)
Averaged stats:
Offline DOTA results saved at /workspace/RT-DETR-OBB/outputs/rtdetrv2_obb_hgnetv2_n_dota_1_ss/dota_results/epoch_152.zip
best_stat: {'epoch': 152, 'mAP': 152.0}
Epoch: [153]  [  0/164]  eta: 0:08:00  lr: 0.000020  loss: 6.1388 (6.1388)  loss_focal: 0.1031 (0.1031)  loss_focal_aux_0: 0.1184 (0.1184)  loss_focal_aux_1: 0.1129 (0.1129)  loss_focal_dn_0: 0.0337 (0.0337)  loss_focal_dn_1: 0.0198 (0.0198)  loss_focal_dn_2: 0.0156 (0.0156)  loss_focal_enc_0: 0.1354 (0.1354)  loss_kld: 0.4413 (0.4413)  loss_kld_aux_0: 0.4594 (0.4594)  loss_kld_aux_1: 0.4447 (0.4447)  loss_kld_dn_0: 0.7565 (0.7565)  loss_kld_dn_1: 0.6143 (0.6143)  loss_kld_dn_2: 0.5964 (0.5964)  loss_kld_enc_0: 0.5047 (0.5047)  loss_l1: 0.3749 (0.3749)  loss_l1_aux_0: 0.3833 (0.3833)  loss_l1_aux_1: 0.3757 (0.3757)  loss_l1_dn_0: 0.1000 (0.1000)  loss_l1_dn_1: 0.0779 (0.0779)  loss_l1_dn_2: 0.0746 (0.0746)  loss_l1_enc_0: 0.3964 (0.3964)  time: 2.9318  data: 2.0620  max mem: 56856
Epoch: [153]  [100/164]  eta: 0:01:13  lr: 0.000020  loss: 4.4996 (4.6772)  loss_focal: 0.0760 (0.0823)  loss_focal_aux_0: 0.0859 (0.0928)  loss_focal_aux_1: 0.0797 (0.0861)  loss_focal_dn_0: 0.0242 (0.0250)  loss_focal_dn_1: 0.0160 (0.0164)  loss_focal_dn_2: 0.0141 (0.0142)  loss_focal_enc_0: 0.1093 (0.1167)  loss_kld: 0.2632 (0.2851)  loss_kld_aux_0: 0.2752 (0.3024)  loss_kld_aux_1: 0.2664 (0.2883)  loss_kld_dn_0: 0.5576 (0.5931)  loss_kld_dn_1: 0.4557 (0.4863)  loss_kld_dn_2: 0.4385 (0.4706)  loss_kld_enc_0: 0.3055 (0.3390)  loss_l1: 0.2863 (0.3029)  loss_l1_aux_0: 0.2922 (0.3111)  loss_l1_aux_1: 0.2881 (0.3041)  loss_l1_dn_0: 0.0856 (0.0927)  loss_l1_dn_1: 0.0709 (0.0742)  loss_l1_dn_2: 0.0682 (0.0709)  loss_l1_enc_0: 0.3015 (0.3228)  time: 1.1389  data: 0.0414  max mem: 56856
Epoch: [153]  [163/164]  eta: 0:00:01  lr: 0.000020  loss: 4.4875 (4.5933)  loss_focal: 0.0800 (0.0800)  loss_focal_aux_0: 0.0908 (0.0905)  loss_focal_aux_1: 0.0836 (0.0837)  loss_focal_dn_0: 0.0246 (0.0248)  loss_focal_dn_1: 0.0165 (0.0163)  loss_focal_dn_2: 0.0139 (0.0142)  loss_focal_enc_0: 0.1115 (0.1146)  loss_kld: 0.2602 (0.2762)  loss_kld_aux_0: 0.2744 (0.2931)  loss_kld_aux_1: 0.2634 (0.2794)  loss_kld_dn_0: 0.5624 (0.5816)  loss_kld_dn_1: 0.4523 (0.4757)  loss_kld_dn_2: 0.4372 (0.4606)  loss_kld_enc_0: 0.3004 (0.3281)  loss_l1: 0.2945 (0.3026)  loss_l1_aux_0: 0.3016 (0.3108)  loss_l1_aux_1: 0.2954 (0.3037)  loss_l1_dn_0: 0.0846 (0.0915)  loss_l1_dn_1: 0.0691 (0.0734)  loss_l1_dn_2: 0.0668 (0.0701)  loss_l1_enc_0: 0.3129 (0.3223)  time: 1.0806  data: 0.0417  max mem: 56856
Epoch: [153] Total time: 0:03:05 (1.1288 s / it)
Test:  [ 0/43]  eta: 0:02:59    time: 4.1855  data: 3.6572  max mem: 56856
Test:  [10/43]  eta: 0:00:28    time: 0.8779  data: 0.5518  max mem: 56856
Test:  [20/43]  eta: 0:00:17    time: 0.5798  data: 0.2700  max mem: 56856
Test:  [30/43]  eta: 0:00:08    time: 0.5848  data: 0.2710  max mem: 56856
Test:  [40/43]  eta: 0:00:02    time: 0.6134  data: 0.2952  max mem: 56856
Test:  [42/43]  eta: 0:00:00    time: 0.6039  data: 0.2974  max mem: 56856
Test: Total time: 0:00:29 (0.6749 s / it)
Averaged stats:
Offline DOTA results saved at /workspace/RT-DETR-OBB/outputs/rtdetrv2_obb_hgnetv2_n_dota_1_ss/dota_results/epoch_153.zip
best_stat: {'epoch': 153, 'mAP': 153.0}
Epoch: [154]  [  0/164]  eta: 0:08:25  lr: 0.000020  loss: 4.4449 (4.4449)  loss_focal: 0.0585 (0.0585)  loss_focal_aux_0: 0.0678 (0.0678)  loss_focal_aux_1: 0.0611 (0.0611)  loss_focal_dn_0: 0.0204 (0.0204)  loss_focal_dn_1: 0.0128 (0.0128)  loss_focal_dn_2: 0.0117 (0.0117)  loss_focal_enc_0: 0.0879 (0.0879)  loss_kld: 0.3013 (0.3013)  loss_kld_aux_0: 0.3171 (0.3171)  loss_kld_aux_1: 0.3031 (0.3031)  loss_kld_dn_0: 0.5377 (0.5377)  loss_kld_dn_1: 0.4239 (0.4239)  loss_kld_dn_2: 0.4024 (0.4024)  loss_kld_enc_0: 0.3423 (0.3423)  loss_l1: 0.3228 (0.3228)  loss_l1_aux_0: 0.3255 (0.3255)  loss_l1_aux_1: 0.3233 (0.3233)  loss_l1_dn_0: 0.0757 (0.0757)  loss_l1_dn_1: 0.0584 (0.0584)  loss_l1_dn_2: 0.0561 (0.0561)  loss_l1_enc_0: 0.3353 (0.3353)  time: 3.0845  data: 2.1326  max mem: 56856
Epoch: [154]  [100/164]  eta: 0:01:13  lr: 0.000020  loss: 4.1192 (4.3707)  loss_focal: 0.0649 (0.0695)  loss_focal_aux_0: 0.0749 (0.0799)  loss_focal_aux_1: 0.0695 (0.0734)  loss_focal_dn_0: 0.0226 (0.0229)  loss_focal_dn_1: 0.0148 (0.0151)  loss_focal_dn_2: 0.0132 (0.0131)  loss_focal_enc_0: 0.1006 (0.1037)  loss_kld: 0.2383 (0.2602)  loss_kld_aux_0: 0.2567 (0.2767)  loss_kld_aux_1: 0.2450 (0.2632)  loss_kld_dn_0: 0.5718 (0.5682)  loss_kld_dn_1: 0.4667 (0.4660)  loss_kld_dn_2: 0.4487 (0.4514)  loss_kld_enc_0: 0.2828 (0.3095)  loss_l1: 0.2587 (0.2863)  loss_l1_aux_0: 0.2640 (0.2940)  loss_l1_aux_1: 0.2593 (0.2874)  loss_l1_dn_0: 0.0851 (0.0875)  loss_l1_dn_1: 0.0681 (0.0704)  loss_l1_dn_2: 0.0652 (0.0674)  loss_l1_enc_0: 0.2723 (0.3049)  time: 1.1371  data: 0.0428  max mem: 56856
Epoch: [154]  [163/164]  eta: 0:00:01  lr: 0.000020  loss: 4.4333 (4.3764)  loss_focal: 0.0712 (0.0705)  loss_focal_aux_0: 0.0829 (0.0806)  loss_focal_aux_1: 0.0737 (0.0743)  loss_focal_dn_0: 0.0255 (0.0233)  loss_focal_dn_1: 0.0163 (0.0153)  loss_focal_dn_2: 0.0142 (0.0134)  loss_focal_enc_0: 0.1096 (0.1047)  loss_kld: 0.2456 (0.2583)  loss_kld_aux_0: 0.2632 (0.2750)  loss_kld_aux_1: 0.2485 (0.2614)  loss_kld_dn_0: 0.5461 (0.5667)  loss_kld_dn_1: 0.4507 (0.4658)  loss_kld_dn_2: 0.4288 (0.4516)  loss_kld_enc_0: 0.2923 (0.3075)  loss_l1: 0.2839 (0.2879)  loss_l1_aux_0: 0.2894 (0.2957)  loss_l1_aux_1: 0.2841 (0.2891)  loss_l1_dn_0: 0.0917 (0.0889)  loss_l1_dn_1: 0.0736 (0.0715)  loss_l1_dn_2: 0.0720 (0.0684)  loss_l1_enc_0: 0.2997 (0.3065)  time: 1.0598  data: 0.0441  max mem: 56856
Epoch: [154] Total time: 0:03:05 (1.1308 s / it)
Test:  [ 0/43]  eta: 0:03:12    time: 4.4718  data: 3.8937  max mem: 56856
Test:  [10/43]  eta: 0:00:31    time: 0.9612  data: 0.6112  max mem: 56856
Test:  [20/43]  eta: 0:00:18    time: 0.6061  data: 0.2800  max mem: 56856
Test:  [30/43]  eta: 0:00:09    time: 0.5662  data: 0.2421  max mem: 56856
Test:  [40/43]  eta: 0:00:02    time: 0.5651  data: 0.2441  max mem: 56856
Test:  [42/43]  eta: 0:00:00    time: 0.5534  data: 0.2444  max mem: 56856
Test: Total time: 0:00:28 (0.6728 s / it)
Averaged stats:
Offline DOTA results saved at /workspace/RT-DETR-OBB/outputs/rtdetrv2_obb_hgnetv2_n_dota_1_ss/dota_results/epoch_154.zip
best_stat: {'epoch': 154, 'mAP': 154.0}
Epoch: [155]  [  0/164]  eta: 0:09:20  lr: 0.000020  loss: 5.0273 (5.0273)  loss_focal: 0.0586 (0.0586)  loss_focal_aux_0: 0.0692 (0.0692)  loss_focal_aux_1: 0.0627 (0.0627)  loss_focal_dn_0: 0.0185 (0.0185)  loss_focal_dn_1: 0.0120 (0.0120)  loss_focal_dn_2: 0.0099 (0.0099)  loss_focal_enc_0: 0.0904 (0.0904)  loss_kld: 0.3050 (0.3050)  loss_kld_aux_0: 0.3258 (0.3258)  loss_kld_aux_1: 0.3112 (0.3112)  loss_kld_dn_0: 0.5761 (0.5761)  loss_kld_dn_1: 0.4699 (0.4699)  loss_kld_dn_2: 0.4569 (0.4569)  loss_kld_enc_0: 0.3611 (0.3611)  loss_l1: 0.4149 (0.4149)  loss_l1_aux_0: 0.4258 (0.4258)  loss_l1_aux_1: 0.4171 (0.4171)  loss_l1_dn_0: 0.0787 (0.0787)  loss_l1_dn_1: 0.0640 (0.0640)  loss_l1_dn_2: 0.0607 (0.0607)  loss_l1_enc_0: 0.4388 (0.4388)  time: 3.4187  data: 2.3097  max mem: 56856
Epoch: [155]  [100/164]  eta: 0:01:14  lr: 0.000020  loss: 4.4526 (4.4376)  loss_focal: 0.0731 (0.0705)  loss_focal_aux_0: 0.0808 (0.0810)  loss_focal_aux_1: 0.0766 (0.0743)  loss_focal_dn_0: 0.0240 (0.0231)  loss_focal_dn_1: 0.0154 (0.0154)  loss_focal_dn_2: 0.0132 (0.0134)  loss_focal_enc_0: 0.1114 (0.1059)  loss_kld: 0.2865 (0.2639)  loss_kld_aux_0: 0.3152 (0.2813)  loss_kld_aux_1: 0.2901 (0.2672)  loss_kld_dn_0: 0.5732 (0.5662)  loss_kld_dn_1: 0.4661 (0.4653)  loss_kld_dn_2: 0.4490 (0.4499)  loss_kld_enc_0: 0.3447 (0.3166)  loss_l1: 0.2882 (0.2970)  loss_l1_aux_0: 0.2993 (0.3047)  loss_l1_aux_1: 0.2894 (0.2981)  loss_l1_dn_0: 0.0897 (0.0888)  loss_l1_dn_1: 0.0725 (0.0713)  loss_l1_dn_2: 0.0693 (0.0679)  loss_l1_enc_0: 0.3103 (0.3158)  time: 1.1133  data: 0.0423  max mem: 56856
Epoch: [155]  [163/164]  eta: 0:00:01  lr: 0.000020  loss: 4.5449 (4.4263)  loss_focal: 0.0783 (0.0719)  loss_focal_aux_0: 0.0845 (0.0821)  loss_focal_aux_1: 0.0823 (0.0757)  loss_focal_dn_0: 0.0235 (0.0232)  loss_focal_dn_1: 0.0152 (0.0153)  loss_focal_dn_2: 0.0137 (0.0133)  loss_focal_enc_0: 0.1130 (0.1070)  loss_kld: 0.2557 (0.2626)  loss_kld_aux_0: 0.2749 (0.2802)  loss_kld_aux_1: 0.2604 (0.2660)  loss_kld_dn_0: 0.5840 (0.5700)  loss_kld_dn_1: 0.4684 (0.4674)  loss_kld_dn_2: 0.4575 (0.4520)  loss_kld_enc_0: 0.3089 (0.3162)  loss_l1: 0.2994 (0.2915)  loss_l1_aux_0: 0.3090 (0.2994)  loss_l1_aux_1: 0.3022 (0.2927)  loss_l1_dn_0: 0.0908 (0.0893)  loss_l1_dn_1: 0.0709 (0.0716)  loss_l1_dn_2: 0.0678 (0.0683)  loss_l1_enc_0: 0.3213 (0.3107)  time: 1.1541  data: 0.0447  max mem: 56856
Epoch: [155] Total time: 0:03:08 (1.1522 s / it)
Test:  [ 0/43]  eta: 0:03:43    time: 5.1936  data: 4.5890  max mem: 56856
Test:  [10/43]  eta: 0:00:38    time: 1.1691  data: 0.8168  max mem: 56856
Test:  [20/43]  eta: 0:00:22    time: 0.7473  data: 0.4160  max mem: 56856
Test:  [30/43]  eta: 0:00:10    time: 0.6592  data: 0.3279  max mem: 56856
Test:  [40/43]  eta: 0:00:02    time: 0.6120  data: 0.2892  max mem: 56856
Test:  [42/43]  eta: 0:00:00    time: 0.5979  data: 0.2864  max mem: 56856
Test: Total time: 0:00:33 (0.7726 s / it)
Averaged stats:
Offline DOTA results saved at /workspace/RT-DETR-OBB/outputs/rtdetrv2_obb_hgnetv2_n_dota_1_ss/dota_results/epoch_155.zip
best_stat: {'epoch': 155, 'mAP': 155.0}
Epoch: [156]  [  0/164]  eta: 0:07:52  lr: 0.000020  loss: 4.8827 (4.8827)  loss_focal: 0.0775 (0.0775)  loss_focal_aux_0: 0.0892 (0.0892)  loss_focal_aux_1: 0.0828 (0.0828)  loss_focal_dn_0: 0.0256 (0.0256)  loss_focal_dn_1: 0.0172 (0.0172)  loss_focal_dn_2: 0.0150 (0.0150)  loss_focal_enc_0: 0.1164 (0.1164)  loss_kld: 0.2861 (0.2861)  loss_kld_aux_0: 0.3044 (0.3044)  loss_kld_aux_1: 0.2890 (0.2890)  loss_kld_dn_0: 0.5951 (0.5951)  loss_kld_dn_1: 0.4933 (0.4933)  loss_kld_dn_2: 0.4842 (0.4842)  loss_kld_enc_0: 0.3354 (0.3354)  loss_l1: 0.3542 (0.3542)  loss_l1_aux_0: 0.3623 (0.3623)  loss_l1_aux_1: 0.3553 (0.3553)  loss_l1_dn_0: 0.0881 (0.0881)  loss_l1_dn_1: 0.0715 (0.0715)  loss_l1_dn_2: 0.0672 (0.0672)  loss_l1_enc_0: 0.3730 (0.3730)  time: 2.8792  data: 1.9870  max mem: 56856
Epoch: [156]  [100/164]  eta: 0:01:10  lr: 0.000020  loss: 4.1235 (4.4146)  loss_focal: 0.0709 (0.0710)  loss_focal_aux_0: 0.0834 (0.0816)  loss_focal_aux_1: 0.0731 (0.0746)  loss_focal_dn_0: 0.0231 (0.0233)  loss_focal_dn_1: 0.0156 (0.0152)  loss_focal_dn_2: 0.0144 (0.0133)  loss_focal_enc_0: 0.1071 (0.1054)  loss_kld: 0.2260 (0.2578)  loss_kld_aux_0: 0.2426 (0.2747)  loss_kld_aux_1: 0.2272 (0.2609)  loss_kld_dn_0: 0.5384 (0.5642)  loss_kld_dn_1: 0.4473 (0.4630)  loss_kld_dn_2: 0.4342 (0.4485)  loss_kld_enc_0: 0.2773 (0.3082)  loss_l1: 0.2596 (0.2984)  loss_l1_aux_0: 0.2751 (0.3062)  loss_l1_aux_1: 0.2605 (0.2997)  loss_l1_dn_0: 0.0930 (0.0899)  loss_l1_dn_1: 0.0743 (0.0722)  loss_l1_dn_2: 0.0700 (0.0690)  loss_l1_enc_0: 0.2845 (0.3174)  time: 1.0839  data: 0.0343  max mem: 56856
Epoch: [156]  [163/164]  eta: 0:00:01  lr: 0.000020  loss: 4.5391 (4.4865)  loss_focal: 0.0641 (0.0717)  loss_focal_aux_0: 0.0783 (0.0825)  loss_focal_aux_1: 0.0709 (0.0756)  loss_focal_dn_0: 0.0235 (0.0238)  loss_focal_dn_1: 0.0155 (0.0154)  loss_focal_dn_2: 0.0134 (0.0135)  loss_focal_enc_0: 0.0934 (0.1051)  loss_kld: 0.2627 (0.2651)  loss_kld_aux_0: 0.2792 (0.2829)  loss_kld_aux_1: 0.2638 (0.2682)  loss_kld_dn_0: 0.6048 (0.5746)  loss_kld_dn_1: 0.5244 (0.4704)  loss_kld_dn_2: 0.4925 (0.4554)  loss_kld_enc_0: 0.3174 (0.3171)  loss_l1: 0.2709 (0.3019)  loss_l1_aux_0: 0.2781 (0.3100)  loss_l1_aux_1: 0.2719 (0.3031)  loss_l1_dn_0: 0.0873 (0.0893)  loss_l1_dn_1: 0.0703 (0.0716)  loss_l1_dn_2: 0.0670 (0.0684)  loss_l1_enc_0: 0.2903 (0.3213)  time: 1.1431  data: 0.0388  max mem: 56856
Epoch: [156] Total time: 0:03:02 (1.1115 s / it)
Test:  [ 0/43]  eta: 0:03:37    time: 5.0623  data: 4.5075  max mem: 56856
Test:  [10/43]  eta: 0:00:29    time: 0.9063  data: 0.5798  max mem: 56856
Test:  [20/43]  eta: 0:00:17    time: 0.5379  data: 0.2329  max mem: 56856
Test:  [30/43]  eta: 0:00:09    time: 0.5812  data: 0.2740  max mem: 56856
Test:  [40/43]  eta: 0:00:02    time: 0.5846  data: 0.2789  max mem: 56856
Test:  [42/43]  eta: 0:00:00    time: 0.5906  data: 0.2959  max mem: 56856
Test: Total time: 0:00:28 (0.6742 s / it)
Averaged stats:
Offline DOTA results saved at /workspace/RT-DETR-OBB/outputs/rtdetrv2_obb_hgnetv2_n_dota_1_ss/dota_results/epoch_156.zip
best_stat: {'epoch': 156, 'mAP': 156.0}
Epoch: [157]  [  0/164]  eta: 0:08:39  lr: 0.000020  loss: 5.3932 (5.3932)  loss_focal: 0.0839 (0.0839)  loss_focal_aux_0: 0.0945 (0.0945)  loss_focal_aux_1: 0.0864 (0.0864)  loss_focal_dn_0: 0.0367 (0.0367)  loss_focal_dn_1: 0.0191 (0.0191)  loss_focal_dn_2: 0.0148 (0.0148)  loss_focal_enc_0: 0.1086 (0.1086)  loss_kld: 0.3531 (0.3531)  loss_kld_aux_0: 0.3879 (0.3879)  loss_kld_aux_1: 0.3606 (0.3606)  loss_kld_dn_0: 0.8051 (0.8051)  loss_kld_dn_1: 0.5684 (0.5684)  loss_kld_dn_2: 0.5396 (0.5396)  loss_kld_enc_0: 0.4116 (0.4116)  loss_l1: 0.3046 (0.3046)  loss_l1_aux_0: 0.3145 (0.3145)  loss_l1_aux_1: 0.3070 (0.3070)  loss_l1_dn_0: 0.1083 (0.1083)  loss_l1_dn_1: 0.0839 (0.0839)  loss_l1_dn_2: 0.0809 (0.0809)  loss_l1_enc_0: 0.3238 (0.3238)  time: 3.1690  data: 2.1033  max mem: 56856
Epoch: [157]  [100/164]  eta: 0:01:14  lr: 0.000020  loss: 4.4431 (4.6052)  loss_focal: 0.0691 (0.0766)  loss_focal_aux_0: 0.0779 (0.0862)  loss_focal_aux_1: 0.0717 (0.0800)  loss_focal_dn_0: 0.0229 (0.0242)  loss_focal_dn_1: 0.0154 (0.0154)  loss_focal_dn_2: 0.0135 (0.0135)  loss_focal_enc_0: 0.1046 (0.1091)  loss_kld: 0.2442 (0.2780)  loss_kld_aux_0: 0.2619 (0.2967)  loss_kld_aux_1: 0.2490 (0.2813)  loss_kld_dn_0: 0.5759 (0.5793)  loss_kld_dn_1: 0.4675 (0.4698)  loss_kld_dn_2: 0.4492 (0.4540)  loss_kld_enc_0: 0.2974 (0.3337)  loss_l1: 0.2762 (0.3115)  loss_l1_aux_0: 0.2843 (0.3198)  loss_l1_aux_1: 0.2769 (0.3127)  loss_l1_dn_0: 0.0847 (0.0902)  loss_l1_dn_1: 0.0701 (0.0724)  loss_l1_dn_2: 0.0663 (0.0693)  loss_l1_enc_0: 0.2958 (0.3315)  time: 1.1401  data: 0.0392  max mem: 56856
Epoch: [157]  [163/164]  eta: 0:00:01  lr: 0.000020  loss: 4.4289 (4.5044)  loss_focal: 0.0746 (0.0740)  loss_focal_aux_0: 0.0873 (0.0842)  loss_focal_aux_1: 0.0787 (0.0776)  loss_focal_dn_0: 0.0238 (0.0235)  loss_focal_dn_1: 0.0163 (0.0152)  loss_focal_dn_2: 0.0139 (0.0132)  loss_focal_enc_0: 0.1109 (0.1079)  loss_kld: 0.2419 (0.2697)  loss_kld_aux_0: 0.2709 (0.2878)  loss_kld_aux_1: 0.2492 (0.2730)  loss_kld_dn_0: 0.5375 (0.5778)  loss_kld_dn_1: 0.4294 (0.4708)  loss_kld_dn_2: 0.4124 (0.4551)  loss_kld_enc_0: 0.3057 (0.3240)  loss_l1: 0.2712 (0.2976)  loss_l1_aux_0: 0.2801 (0.3059)  loss_l1_aux_1: 0.2723 (0.2988)  loss_l1_dn_0: 0.0923 (0.0899)  loss_l1_dn_1: 0.0742 (0.0721)  loss_l1_dn_2: 0.0702 (0.0690)  loss_l1_enc_0: 0.2942 (0.3174)  time: 1.1081  data: 0.0337  max mem: 56856
Epoch: [157] Total time: 0:03:09 (1.1581 s / it)
Test:  [ 0/43]  eta: 0:03:12    time: 4.4816  data: 3.9210  max mem: 56856
Test:  [10/43]  eta: 0:00:29    time: 0.8860  data: 0.5555  max mem: 56856
Test:  [20/43]  eta: 0:00:17    time: 0.5564  data: 0.2500  max mem: 56856
Test:  [30/43]  eta: 0:00:09    time: 0.5893  data: 0.2792  max mem: 56856
Test:  [40/43]  eta: 0:00:02    time: 0.5892  data: 0.2765  max mem: 56856
Test:  [42/43]  eta: 0:00:00    time: 0.5861  data: 0.2842  max mem: 56856
Test: Total time: 0:00:28 (0.6704 s / it)
Averaged stats:
Offline DOTA results saved at /workspace/RT-DETR-OBB/outputs/rtdetrv2_obb_hgnetv2_n_dota_1_ss/dota_results/epoch_157.zip
best_stat: {'epoch': 157, 'mAP': 157.0}
Epoch: [158]  [  0/164]  eta: 0:09:05  lr: 0.000020  loss: 5.8192 (5.8192)  loss_focal: 0.0728 (0.0728)  loss_focal_aux_0: 0.0808 (0.0808)  loss_focal_aux_1: 0.0733 (0.0733)  loss_focal_dn_0: 0.0301 (0.0301)  loss_focal_dn_1: 0.0190 (0.0190)  loss_focal_dn_2: 0.0176 (0.0176)  loss_focal_enc_0: 0.1025 (0.1025)  loss_kld: 0.4556 (0.4556)  loss_kld_aux_0: 0.4766 (0.4766)  loss_kld_aux_1: 0.4577 (0.4577)  loss_kld_dn_0: 0.6234 (0.6234)  loss_kld_dn_1: 0.5379 (0.5379)  loss_kld_dn_2: 0.5245 (0.5245)  loss_kld_enc_0: 0.5093 (0.5093)  loss_l1: 0.4072 (0.4072)  loss_l1_aux_0: 0.4104 (0.4104)  loss_l1_aux_1: 0.4074 (0.4074)  loss_l1_dn_0: 0.0754 (0.0754)  loss_l1_dn_1: 0.0607 (0.0607)  loss_l1_dn_2: 0.0589 (0.0589)  loss_l1_enc_0: 0.4182 (0.4182)  time: 3.3237  data: 2.1625  max mem: 56856
Epoch: [158]  [100/164]  eta: 0:01:14  lr: 0.000020  loss: 4.3837 (4.4285)  loss_focal: 0.0710 (0.0713)  loss_focal_aux_0: 0.0808 (0.0817)  loss_focal_aux_1: 0.0727 (0.0747)  loss_focal_dn_0: 0.0240 (0.0234)  loss_focal_dn_1: 0.0157 (0.0153)  loss_focal_dn_2: 0.0133 (0.0133)  loss_focal_enc_0: 0.1061 (0.1057)  loss_kld: 0.2662 (0.2680)  loss_kld_aux_0: 0.2836 (0.2856)  loss_kld_aux_1: 0.2697 (0.2714)  loss_kld_dn_0: 0.5573 (0.5647)  loss_kld_dn_1: 0.4652 (0.4625)  loss_kld_dn_2: 0.4525 (0.4475)  loss_kld_enc_0: 0.3137 (0.3208)  loss_l1: 0.3111 (0.2921)  loss_l1_aux_0: 0.3163 (0.3000)  loss_l1_aux_1: 0.3119 (0.2933)  loss_l1_dn_0: 0.0858 (0.0881)  loss_l1_dn_1: 0.0696 (0.0708)  loss_l1_dn_2: 0.0667 (0.0675)  loss_l1_enc_0: 0.3240 (0.3110)  time: 1.1502  data: 0.0354  max mem: 56856
Epoch: [158]  [163/164]  eta: 0:00:01  lr: 0.000020  loss: 4.1830 (4.4047)  loss_focal: 0.0690 (0.0701)  loss_focal_aux_0: 0.0805 (0.0805)  loss_focal_aux_1: 0.0724 (0.0735)  loss_focal_dn_0: 0.0238 (0.0232)  loss_focal_dn_1: 0.0155 (0.0152)  loss_focal_dn_2: 0.0136 (0.0132)  loss_focal_enc_0: 0.1067 (0.1046)  loss_kld: 0.2279 (0.2632)  loss_kld_aux_0: 0.2494 (0.2804)  loss_kld_aux_1: 0.2318 (0.2664)  loss_kld_dn_0: 0.5614 (0.5658)  loss_kld_dn_1: 0.4619 (0.4640)  loss_kld_dn_2: 0.4525 (0.4495)  loss_kld_enc_0: 0.2768 (0.3145)  loss_l1: 0.2752 (0.2912)  loss_l1_aux_0: 0.2835 (0.2992)  loss_l1_aux_1: 0.2762 (0.2924)  loss_l1_dn_0: 0.0908 (0.0885)  loss_l1_dn_1: 0.0727 (0.0712)  loss_l1_dn_2: 0.0705 (0.0680)  loss_l1_enc_0: 0.2955 (0.3103)  time: 1.0276  data: 0.0367  max mem: 56856
Epoch: [158] Total time: 0:03:06 (1.1376 s / it)
Test:  [ 0/43]  eta: 0:03:14    time: 4.5271  data: 3.9784  max mem: 56856
Test:  [10/43]  eta: 0:00:30    time: 0.9096  data: 0.5666  max mem: 56856
Test:  [20/43]  eta: 0:00:18    time: 0.5983  data: 0.2740  max mem: 56856
Test:  [30/43]  eta: 0:00:09    time: 0.6175  data: 0.2880  max mem: 56856
Test:  [40/43]  eta: 0:00:02    time: 0.6265  data: 0.2929  max mem: 56856
Test:  [42/43]  eta: 0:00:00    time: 0.6096  data: 0.2894  max mem: 56856
Test: Total time: 0:00:29 (0.6963 s / it)
Averaged stats:
Offline DOTA results saved at /workspace/RT-DETR-OBB/outputs/rtdetrv2_obb_hgnetv2_n_dota_1_ss/dota_results/epoch_158.zip
best_stat: {'epoch': 158, 'mAP': 158.0}
Epoch: [159]  [  0/164]  eta: 0:09:11  lr: 0.000020  loss: 4.9893 (4.9893)  loss_focal: 0.0516 (0.0516)  loss_focal_aux_0: 0.0609 (0.0609)  loss_focal_aux_1: 0.0567 (0.0567)  loss_focal_dn_0: 0.0209 (0.0209)  loss_focal_dn_1: 0.0129 (0.0129)  loss_focal_dn_2: 0.0106 (0.0106)  loss_focal_enc_0: 0.0731 (0.0731)  loss_kld: 0.3870 (0.3870)  loss_kld_aux_0: 0.4020 (0.4020)  loss_kld_aux_1: 0.3900 (0.3900)  loss_kld_dn_0: 0.6766 (0.6766)  loss_kld_dn_1: 0.6024 (0.6024)  loss_kld_dn_2: 0.5869 (0.5869)  loss_kld_enc_0: 0.4269 (0.4269)  loss_l1: 0.2534 (0.2534)  loss_l1_aux_0: 0.2638 (0.2638)  loss_l1_aux_1: 0.2540 (0.2540)  loss_l1_dn_0: 0.0712 (0.0712)  loss_l1_dn_1: 0.0597 (0.0597)  loss_l1_dn_2: 0.0578 (0.0578)  loss_l1_enc_0: 0.2710 (0.2710)  time: 3.3624  data: 2.1019  max mem: 56856
Epoch: [159]  [100/164]  eta: 0:01:15  lr: 0.000020  loss: 4.1254 (4.4185)  loss_focal: 0.0675 (0.0703)  loss_focal_aux_0: 0.0762 (0.0813)  loss_focal_aux_1: 0.0711 (0.0741)  loss_focal_dn_0: 0.0232 (0.0228)  loss_focal_dn_1: 0.0150 (0.0149)  loss_focal_dn_2: 0.0129 (0.0131)  loss_focal_enc_0: 0.1000 (0.1042)  loss_kld: 0.2598 (0.2647)  loss_kld_aux_0: 0.2785 (0.2825)  loss_kld_aux_1: 0.2640 (0.2680)  loss_kld_dn_0: 0.5680 (0.5709)  loss_kld_dn_1: 0.4518 (0.4675)  loss_kld_dn_2: 0.4416 (0.4522)  loss_kld_enc_0: 0.3089 (0.3179)  loss_l1: 0.2596 (0.2894)  loss_l1_aux_0: 0.2677 (0.2971)  loss_l1_aux_1: 0.2609 (0.2906)  loss_l1_dn_0: 0.0847 (0.0887)  loss_l1_dn_1: 0.0677 (0.0713)  loss_l1_dn_2: 0.0646 (0.0683)  loss_l1_enc_0: 0.2779 (0.3087)  time: 1.1350  data: 0.0365  max mem: 56856
Epoch: [159]  [163/164]  eta: 0:00:01  lr: 0.000020  loss: 4.3504 (4.4070)  loss_focal: 0.0794 (0.0727)  loss_focal_aux_0: 0.0916 (0.0832)  loss_focal_aux_1: 0.0819 (0.0763)  loss_focal_dn_0: 0.0218 (0.0230)  loss_focal_dn_1: 0.0145 (0.0151)  loss_focal_dn_2: 0.0123 (0.0132)  loss_focal_enc_0: 0.1140 (0.1061)  loss_kld: 0.2573 (0.2613)  loss_kld_aux_0: 0.2757 (0.2792)  loss_kld_aux_1: 0.2614 (0.2646)  loss_kld_dn_0: 0.5473 (0.5699)  loss_kld_dn_1: 0.4445 (0.4665)  loss_kld_dn_2: 0.4271 (0.4512)  loss_kld_enc_0: 0.3027 (0.3151)  loss_l1: 0.2875 (0.2883)  loss_l1_aux_0: 0.2952 (0.2959)  loss_l1_aux_1: 0.2886 (0.2896)  loss_l1_dn_0: 0.0885 (0.0887)  loss_l1_dn_1: 0.0729 (0.0713)  loss_l1_dn_2: 0.0698 (0.0682)  loss_l1_enc_0: 0.3034 (0.3075)  time: 1.0806  data: 0.0335  max mem: 56856
Epoch: [159] Total time: 0:03:09 (1.1569 s / it)
Test:  [ 0/43]  eta: 0:03:10    time: 4.4413  data: 3.8973  max mem: 56856
Test:  [10/43]  eta: 0:00:29    time: 0.9023  data: 0.5701  max mem: 56856
Test:  [20/43]  eta: 0:00:17    time: 0.5813  data: 0.2738  max mem: 56856
Test:  [30/43]  eta: 0:00:09    time: 0.5795  data: 0.2751  max mem: 56856
Test:  [40/43]  eta: 0:00:02    time: 0.6023  data: 0.2972  max mem: 56856
Test:  [42/43]  eta: 0:00:00    time: 0.5905  data: 0.2960  max mem: 56856
Test: Total time: 0:00:28 (0.6738 s / it)
Averaged stats:
Offline DOTA results saved at /workspace/RT-DETR-OBB/outputs/rtdetrv2_obb_hgnetv2_n_dota_1_ss/dota_results/epoch_159.zip
best_stat: {'epoch': 159, 'mAP': 159.0}
Training time 15:21:53
